<?xml version="1.0" encoding="ISO-8859-1"?>

<!DOCTYPE form SYSTEM 'http://www.iam.unibe.ch/~fki/iamdb/form-metadata.dtd'>

<form created="2002-01-15" height="3542" id="a01-063x" last-modified="2002-07-17" skew="-63" status="final" version="3.0_beta" width="2479" writer-id="015">
  <machine-printed-part>
    <machine-print-line text="But he said discussions &amp;quot;on a higher level than in the past&amp;quot; might be useful. The" />
    <machine-print-line text="President will probably discuss the problem with Dr. Brentano, the West German" />
    <machine-print-line text="Foreign Minister, who is due in Washington next week. A big slice of Germany&apos;s" />
    <machine-print-line text="&amp;quot;aid&amp;quot; is the early payment of a 210million debt to America. United States officials" />
    <machine-print-line text="quickly point out that this is money due to America anyway." />
  </machine-printed-part>
  <handwritten-part>
    <line ass="143" asx="0" asy="857" character-width="999" dss="143" dsx="0" dsy="1059" fd0="14200" fd1="2685" fd2="-503" filter-width="3" id="a01-063x-00" lbs="168" lbx="0" lby="954" segmentation="ok" slant="68000" stroke-width="4737" threshold="188" text="But he said discussions &amp;quot;on a higher" ubs="93" ubx="0" uby="930">
      <word id="a01-063x-00-00" sentence-start="yes" tag="CC" text="But">
        <cmp x="384" y="859" width="86" height="108" />
        <cmp x="387" y="857" width="65" height="15" />
        <cmp x="470" y="931" width="73" height="35" />
        <cmp x="477" y="925" width="11" height="8" />
        <cmp x="540" y="889" width="60" height="87" />
        <cmp x="580" y="880" width="7" height="7" />
        <cmp x="601" y="907" width="4" height="3" />
      </word>
      <word id="a01-063x-00-01" tag="PP3A" text="he">
        <cmp x="645" y="862" width="92" height="94" />
      </word>
      <word id="a01-063x-00-02" tag="VBD" text="said">
        <cmp x="789" y="910" width="172" height="56" />
        <cmp x="963" y="890" width="13" height="6" />
        <cmp x="968" y="899" width="73" height="72" />
        <cmp x="998" y="961" width="7" height="5" />
      </word>
      <word id="a01-063x-00-03" tag="NNS" text="discussions">
        <cmp x="1081" y="891" width="110" height="75" />
        <cmp x="1179" y="886" width="21" height="9" />
        <cmp x="1198" y="921" width="40" height="43" />
        <cmp x="1241" y="921" width="94" height="42" />
        <cmp x="1345" y="919" width="106" height="50" />
        <cmp x="1451" y="881" width="10" height="20" />
        <cmp x="1455" y="914" width="99" height="49" />
        <cmp x="1557" y="923" width="32" height="47" />
      </word>
      <word id="a01-063x-00-04" tag="*&apos;" text="&quot;">
        <cmp x="1666" y="876" width="29" height="37" />
      </word>
      <word id="a01-063x-00-05" tag="IN" text="on">
        <cmp x="1707" y="909" width="85" height="48" />
      </word>
      <word id="a01-063x-00-06" tag="AT" text="a">
        <cmp x="1833" y="921" width="58" height="34" />
        <cmp x="1862" y="939" width="41" height="21" />
      </word>
      <word id="a01-063x-00-07" tag="JJR" text="higher">
        <cmp x="1960" y="884" width="91" height="72" />
        <cmp x="2042" y="910" width="81" height="146" />
        <cmp x="2061" y="878" width="11" height="11" />
        <cmp x="2111" y="957" width="5" height="6" />
        <cmp x="2119" y="953" width="3" height="3" />
        <cmp x="2125" y="947" width="4" height="4" />
        <cmp x="2131" y="884" width="159" height="80" />
        <cmp x="2156" y="917" width="3" height="4" />
        <cmp x="2159" y="911" width="5" height="5" />
      </word>
      <lower-contour>
        <point x="382" y="976" />
        <point x="2042" y="1056" />
        <point x="2268" y="916" />
        <point x="2291" y="916" />
      </lower-contour>
    </line>
    <line ass="-116" asx="0" asy="1016" character-width="999" dss="-116" dsx="0" dsy="1223" fd0="14139" fd1="2236" fd2="-1044" filter-width="3" id="a01-063x-01" lbs="-92" lbx="0" lby="1128" segmentation="ok" slant="66000" stroke-width="4816" threshold="187" text="level than in the past&amp;quot; might be useful." ubs="-163" ubx="0" uby="1095">
      <word id="a01-063x-01-00" tag="NN" text="level">
        <cmp x="362" y="1017" width="59" height="98" />
        <cmp x="423" y="1080" width="52" height="56" />
        <cmp x="488" y="1086" width="40" height="61" />
        <cmp x="524" y="1057" width="93" height="85" />
      </word>
      <word id="a01-063x-01-01" tag="CS" text="than">
        <cmp x="678" y="1045" width="233" height="101" />
      </word>
      <word id="a01-063x-01-02" tag="IN" text="in">
        <cmp x="960" y="1120" width="13" height="29" />
        <cmp x="970" y="1080" width="54" height="61" />
      </word>
      <word id="a01-063x-01-03" tag="ATI" text="the">
        <cmp x="1085" y="1054" width="133" height="85" />
      </word>
      <word id="a01-063x-01-04" tag="NN" text="past">
        <cmp x="1230" y="1102" width="104" height="124" />
        <cmp x="1326" y="1107" width="73" height="46" />
        <cmp x="1408" y="1069" width="53" height="80" />
        <cmp x="1450" y="1060" width="5" height="8" />
      </word>
      <word id="a01-063x-01-05" tag="**&apos;" text="&quot;">
        <cmp x="1486" y="1056" width="20" height="31" />
      </word>
      <word id="a01-063x-01-06" tag="MD" text="might">
        <cmp x="1544" y="1105" width="96" height="54" />
        <cmp x="1658" y="1104" width="15" height="40" />
        <cmp x="1665" y="1062" width="20" height="11" />
        <cmp x="1692" y="1056" width="200" height="172" />
      </word>
      <word id="a01-063x-01-07" tag="BE" text="be">
        <cmp x="1923" y="1128" width="16" height="18" />
        <cmp x="1939" y="1051" width="93" height="90" />
      </word>
      <word id="a01-063x-01-08" tag="JJ" text="useful">
        <cmp x="2078" y="1096" width="47" height="49" />
        <cmp x="2101" y="1090" width="5" height="4" />
        <cmp x="2126" y="1053" width="154" height="155" />
        <cmp x="2276" y="1072" width="82" height="72" />
      </word>
      <word id="a01-063x-01-09" tag="." text=".">
        <cmp x="2383" y="1139" width="8" height="7" />
      </word>
      <upper-contour>
        <point x="382" y="976" />
        <point x="2042" y="1056" />
        <point x="2268" y="916" />
        <point x="2291" y="916" />
      </upper-contour>
      <lower-contour>
        <point x="362" y="1149" />
        <point x="1230" y="1228" />
        <point x="2228" y="1147" />
        <point x="2333" y="1147" />
      </lower-contour>
    </line>
    <line ass="83" asx="0" asy="1218" character-width="999" dss="83" dsx="0" dsy="1433" fd0="13804" fd1="2709" fd2="-847" filter-width="3" id="a01-063x-02" lbs="77" lbx="0" lby="1313" segmentation="err" slant="66999" stroke-width="4813" threshold="187" text="The President will probably discuss the" ubs="95" ubx="0" uby="1284">
      <word id="a01-063x-02-00" sentence-start="yes" tag="ATI" text="The">
        <cmp x="364" y="1230" width="116" height="20" />
        <cmp x="401" y="1250" width="32" height="83" />
        <cmp x="442" y="1248" width="98" height="90" />
      </word>
      <word id="a01-063x-02-01" tag="NPT" text="President">
        <cmp x="625" y="1218" width="55" height="106" />
        <cmp x="670" y="1276" width="142" height="53" />
        <cmp x="816" y="1240" width="8" height="9" />
        <cmp x="822" y="1250" width="4" height="4" />
        <cmp x="825" y="1253" width="102" height="82" />
        <cmp x="928" y="1320" width="7" height="4" />
        <cmp x="937" y="1293" width="38" height="33" />
        <cmp x="983" y="1246" width="77" height="86" />
      </word>
      <word id="a01-063x-02-02" tag="MD" text="will">
        <cmp x="1113" y="1281" width="96" height="55" />
        <cmp x="1194" y="1247" width="122" height="84" />
      </word>
      <word id="a01-063x-02-03" tag="RB" text="probably">
        <cmp x="1333" y="1266" width="152" height="123" />
        <cmp x="1489" y="1315" width="7" height="5" />
        <cmp x="1498" y="1239" width="46" height="82" />
        <cmp x="1535" y="1242" width="210" height="140" />
        <cmp x="1655" y="1237" width="18" height="8" />
        <cmp x="1665" y="1353" width="33" height="29" />
      </word>
      <word id="a01-063x-02-04" tag="VB" text="discuss">
        <cmp x="1799" y="1250" width="99" height="77" />
        <cmp x="1894" y="1281" width="39" height="45" />
        <cmp x="1899" y="1248" width="13" height="7" />
        <cmp x="1948" y="1282" width="45" height="38" />
        <cmp x="1994" y="1282" width="66" height="35" />
        <cmp x="2063" y="1274" width="67" height="53" />
        <cmp x="2131" y="1286" width="6" height="5" />
      </word>
      <word id="a01-063x-02-05" tag="ATI" text="the">
        <cmp x="2185" y="1228" width="148" height="101" />
      </word>
      <upper-contour>
        <point x="362" y="1149" />
        <point x="1230" y="1228" />
        <point x="2228" y="1147" />
        <point x="2333" y="1147" />
      </upper-contour>
      <lower-contour>
        <point x="362" y="1389" />
        <point x="1661" y="1280" />
        <point x="1665" y="1381" />
        <point x="2273" y="1381" />
      </lower-contour>
    </line>
    <line ass="302" asx="0" asy="1363" character-width="999" dss="302" dsx="0" dsy="1594" fd0="13152" fd1="2327" fd2="-897" filter-width="3" id="a01-063x-03" lbs="355" lbx="0" lby="1499" segmentation="err" slant="68000" stroke-width="4820" threshold="181" text="problem with Dr. Brentano, the West" ubs="196" ubx="0" uby="1464">
      <word id="a01-063x-03-00" tag="NN" text="problem">
        <cmp x="362" y="1422" width="395" height="172" />
      </word>
      <word id="a01-063x-03-01" tag="IN" text="with">
        <cmp x="824" y="1454" width="96" height="49" />
        <cmp x="908" y="1422" width="133" height="85" />
      </word>
      <word id="a01-063x-03-02" tag="NPT" text="Dr.">
        <cmp x="1110" y="1414" width="131" height="97" />
        <cmp x="1226" y="1497" width="11" height="7" />
      </word>
      <word id="a01-063x-03-03" tag="NP" text="Brentano">
        <cmp x="1300" y="1400" width="79" height="112" />
        <cmp x="1380" y="1412" width="348" height="100" />
        <cmp x="1661" y="1377" width="6" height="32" />
        <cmp x="1665" y="1381" width="32" height="51" />
      </word>
      <word id="a01-063x-03-04" tag="," text=",">
        <cmp x="1741" y="1479" width="22" height="71" />
      </word>
      <word id="a01-063x-03-05" tag="ATI" text="the">
        <cmp x="1799" y="1409" width="151" height="100" />
      </word>
      <word id="a01-063x-03-06" tag="NP" text="West">
        <cmp x="2006" y="1421" width="96" height="85" />
        <cmp x="2110" y="1447" width="51" height="46" />
        <cmp x="2149" y="1445" width="40" height="51" />
        <cmp x="2186" y="1400" width="86" height="91" />
      </word>
      <upper-contour>
        <point x="362" y="1389" />
        <point x="1661" y="1280" />
        <point x="1665" y="1381" />
        <point x="2273" y="1381" />
      </upper-contour>
      <lower-contour>
        <point x="393" y="1557" />
        <point x="2273" y="1557" />
      </lower-contour>
    </line>
    <line ass="437" asx="0" asy="1574" character-width="999" dss="437" dsx="0" dsy="1786" fd0="13199" fd1="2072" fd2="-929" filter-width="3" id="a01-063x-04" lbs="477" lbx="0" lby="1677" segmentation="ok" slant="66000" stroke-width="4916" threshold="180" text="German Foreign Minister, who is due in" ubs="356" ubx="0" uby="1647">
      <word id="a01-063x-04-00" tag="JNP" text="German">
        <cmp x="395" y="1589" width="381" height="102" />
      </word>
      <word id="a01-063x-04-01" tag="JJ" text="Foreign">
        <cmp x="844" y="1568" width="69" height="117" />
        <cmp x="873" y="1630" width="184" height="55" />
        <cmp x="1039" y="1641" width="139" height="138" />
        <cmp x="1042" y="1590" width="21" height="10" />
      </word>
      <word id="a01-063x-04-02" tag="NPT" text="Minister">
        <cmp x="1223" y="1585" width="119" height="93" />
        <cmp x="1339" y="1586" width="20" height="16" />
        <cmp x="1356" y="1628" width="81" height="44" />
        <cmp x="1437" y="1590" width="42" height="34" />
        <cmp x="1447" y="1620" width="51" height="67" />
        <cmp x="1488" y="1612" width="107" height="60" />
        <cmp x="1499" y="1614" width="4" height="3" />
        <cmp x="1513" y="1594" width="15" height="17" />
      </word>
      <word id="a01-063x-04-03" tag="," text=",">
        <cmp x="1588" y="1653" width="27" height="75" />
      </word>
      <word id="a01-063x-04-04" tag="WP" text="who">
        <cmp x="1662" y="1635" width="73" height="38" />
        <cmp x="1723" y="1632" width="9" height="4" />
        <cmp x="1757" y="1602" width="105" height="75" />
      </word>
      <word id="a01-063x-04-05" tag="BEZ" text="is">
        <cmp x="1897" y="1636" width="20" height="41" />
        <cmp x="1918" y="1610" width="11" height="8" />
        <cmp x="1923" y="1625" width="45" height="49" />
      </word>
      <word id="a01-063x-04-06" tag="JJ" text="due">
        <cmp x="1999" y="1594" width="198" height="92" />
      </word>
      <word id="a01-063x-04-07" tag="IN" text="in">
        <cmp x="2251" y="1611" width="73" height="69" />
      </word>
      <upper-contour>
        <point x="393" y="1557" />
        <point x="2273" y="1557" />
      </upper-contour>
      <lower-contour>
        <point x="395" y="1766" />
        <point x="1044" y="1779" />
        <point x="1196" y="1728" />
        <point x="2165" y="1728" />
      </lower-contour>
    </line>
    <line ass="289" asx="0" asy="1764" character-width="999" dss="289" dsx="0" dsy="1957" fd0="13487" fd1="2480" fd2="-822" filter-width="3" id="a01-063x-05" lbs="395" lbx="0" lby="1857" segmentation="ok" slant="62000" stroke-width="4864" threshold="185" text="Washington next week. A big slice of" ubs="76" ubx="0" uby="1823">
      <word id="a01-063x-05-00" tag="NP" text="Washington">
        <cmp x="397" y="1769" width="82" height="99" />
        <cmp x="497" y="1824" width="48" height="40" />
        <cmp x="550" y="1816" width="48" height="52" />
        <cmp x="599" y="1783" width="98" height="73" />
        <cmp x="695" y="1782" width="15" height="12" />
        <cmp x="713" y="1768" width="224" height="187" />
      </word>
      <word id="a01-063x-05-01" tag="AP" text="next">
        <cmp x="981" y="1819" width="84" height="49" />
        <cmp x="1098" y="1822" width="54" height="55" />
        <cmp x="1162" y="1776" width="42" height="75" />
      </word>
      <word id="a01-063x-05-02" tag="NN" text="week">
        <cmp x="1238" y="1808" width="118" height="52" />
        <cmp x="1350" y="1820" width="56" height="28" />
        <cmp x="1409" y="1760" width="49" height="86" />
      </word>
      <word id="a01-063x-05-03" tag="." text=".">
        <cmp x="1483" y="1846" width="8" height="9" />
      </word>
      <word id="a01-063x-05-04" sentence-start="yes" tag="AT" text="A">
        <cmp x="1557" y="1772" width="58" height="92" />
      </word>
      <word id="a01-063x-05-05" tag="JJ" text="big">
        <cmp x="1662" y="1756" width="64" height="108" />
        <cmp x="1707" y="1821" width="72" height="119" />
        <cmp x="1721" y="1790" width="14" height="13" />
      </word>
      <word id="a01-063x-05-06" tag="NN" text="slice">
        <cmp x="1796" y="1776" width="103" height="88" />
        <cmp x="1898" y="1820" width="4" height="5" />
        <cmp x="1915" y="1817" width="94" height="43" />
        <cmp x="1925" y="1784" width="8" height="8" />
      </word>
      <word id="a01-063x-05-07" tag="INO" text="of">
        <cmp x="2039" y="1763" width="125" height="146" />
      </word>
      <upper-contour>
        <point x="395" y="1766" />
        <point x="1044" y="1779" />
        <point x="1196" y="1728" />
        <point x="2165" y="1728" />
      </upper-contour>
      <lower-contour>
        <point x="395" y="1943" />
        <point x="732" y="1955" />
        <point x="824" y="1940" />
        <point x="2165" y="1940" />
      </lower-contour>
    </line>
    <line ass="-322" asx="0" asy="1919" character-width="999" dss="-322" dsx="0" dsy="2139" fd0="13832" fd1="2643" fd2="-2" filter-width="3" id="a01-063x-06" lbs="-320" lbx="0" lby="2020" segmentation="ok" slant="64000" stroke-width="4949" threshold="186" text="Germany&apos;s &amp;quot;aid&amp;quot; is the early payment" ubs="-325" ubx="0" uby="1990">
      <word id="a01-063x-06-00" tag="NP$" text="Germany&apos;s">
        <cmp x="376" y="1946" width="332" height="94" />
        <cmp x="418" y="1979" width="7" height="11" />
        <cmp x="691" y="2000" width="77" height="141" />
        <cmp x="735" y="2039" width="6" height="5" />
        <cmp x="807" y="1963" width="16" height="34" />
        <cmp x="822" y="1953" width="7" height="7" />
        <cmp x="798" y="1996" width="49" height="54" />
      </word>
      <word id="a01-063x-06-01" tag="*&apos;" text="&quot;">
        <cmp x="957" y="1962" width="27" height="33" />
      </word>
      <word id="a01-063x-06-02" tag="NN" text="aid">
        <cmp x="1019" y="2008" width="89" height="39" />
        <cmp x="1104" y="1967" width="21" height="10" />
        <cmp x="1117" y="1978" width="74" height="72" />
      </word>
      <word id="a01-063x-06-03" tag="**&apos;" text="&quot;">
        <cmp x="1222" y="1953" width="17" height="24" />
      </word>
      <word id="a01-063x-06-04" tag="BEZ" text="is">
        <cmp x="1264" y="2009" width="21" height="35" />
        <cmp x="1286" y="1971" width="15" height="10" />
        <cmp x="1293" y="1998" width="33" height="51" />
      </word>
      <word id="a01-063x-06-05" tag="ATI" text="the">
        <cmp x="1366" y="1961" width="134" height="84" />
      </word>
      <word id="a01-063x-06-06" tag="JJ" text="early">
        <cmp x="1527" y="1984" width="72" height="66" />
        <cmp x="1601" y="1959" width="198" height="191" />
        <cmp x="1635" y="1992" width="15" height="10" />
      </word>
      <word id="a01-063x-06-07" tag="NN" text="payment">
        <cmp x="1848" y="1977" width="451" height="155" />
        <cmp x="2304" y="1932" width="88" height="81" />
      </word>
      <upper-contour>
        <point x="395" y="1943" />
        <point x="732" y="1955" />
        <point x="824" y="1940" />
        <point x="2165" y="1940" />
      </upper-contour>
      <lower-contour>
        <point x="376" y="2113" />
        <point x="692" y="2141" />
        <point x="963" y="2050" />
        <point x="1711" y="2150" />
        <point x="1856" y="2117" />
        <point x="1989" y="2132" />
        <point x="2087" y="2031" />
        <point x="2392" y="2031" />
      </lower-contour>
    </line>
    <line ass="102" asx="0" asy="2106" character-width="999" dss="102" dsx="0" dsy="2272" fd0="13444" fd1="2382" fd2="-788" filter-width="3" id="a01-063x-07" lbs="56" lbx="0" lby="2209" segmentation="ok" slant="63000" stroke-width="5015" threshold="181" text="of a 210million debt to America. United" ubs="194" ubx="0" uby="2181">
      <word id="a01-063x-07-00" tag="INO" text="of">
        <cmp x="378" y="2120" width="109" height="154" />
      </word>
      <word id="a01-063x-07-01" tag="AT" text="a">
        <cmp x="509" y="2180" width="66" height="42" />
      </word>
      <word id="a01-063x-07-02" tag="NNU" text="210million">
        <cmp x="614" y="2150" width="70" height="76" />
        <cmp x="693" y="2144" width="52" height="83" />
        <cmp x="733" y="2154" width="76" height="67" />
        <cmp x="827" y="2177" width="123" height="47" />
        <cmp x="963" y="2140" width="6" height="4" />
        <cmp x="973" y="2147" width="108" height="77" />
        <cmp x="1086" y="2142" width="15" height="12" />
        <cmp x="1091" y="2169" width="85" height="46" />
      </word>
      <word id="a01-063x-07-03" tag="NN" text="debt">
        <cmp x="1223" y="2135" width="207" height="84" />
        <cmp x="1419" y="2133" width="6" height="6" />
      </word>
      <word id="a01-063x-07-04" tag="IN" text="to">
        <cmp x="1456" y="2130" width="71" height="90" />
      </word>
      <word id="a01-063x-07-05" tag="NP" text="America">
        <cmp x="1581" y="2104" width="262" height="117" />
        <cmp x="1856" y="2119" width="7" height="11" />
        <cmp x="1862" y="2172" width="103" height="44" />
      </word>
      <word id="a01-063x-07-06" tag="." text=".">
        <cmp x="2010" y="2208" width="7" height="6" />
      </word>
      <word id="a01-063x-07-07" sentence-start="yes" tag="NP" text="United">
        <cmp x="2055" y="2189" width="4" height="9" />
        <cmp x="2059" y="2106" width="179" height="105" />
        <cmp x="2241" y="2108" width="160" height="101" />
      </word>
      <upper-contour>
        <point x="376" y="2113" />
        <point x="692" y="2141" />
        <point x="963" y="2050" />
        <point x="1711" y="2150" />
        <point x="1856" y="2117" />
        <point x="1989" y="2132" />
        <point x="2087" y="2031" />
        <point x="2392" y="2031" />
      </upper-contour>
      <lower-contour>
        <point x="377" y="2274" />
        <point x="431" y="2227" />
        <point x="2261" y="2227" />
      </lower-contour>
    </line>
    <line ass="-56" asx="0" asy="2274" character-width="999" dss="-56" dsx="0" dsy="2574" fd0="13678" fd1="1780" fd2="-1768" filter-width="3" id="a01-063x-08" lbs="-78" lbx="0" lby="2380" segmentation="err" slant="64000" stroke-width="4955" threshold="178" text="States officials quickly point out that" ubs="-12" ubx="0" uby="2354">
      <word id="a01-063x-08-00" tag="NP" text="States">
        <cmp x="379" y="2275" width="228" height="132" />
        <cmp x="596" y="2346" width="42" height="57" />
      </word>
      <word id="a01-063x-08-01" tag="NNS" text="officials">
        <cmp x="701" y="2299" width="140" height="154" />
        <cmp x="848" y="2318" width="12" height="7" />
        <cmp x="851" y="2327" width="5" height="9" />
        <cmp x="866" y="2355" width="62" height="41" />
        <cmp x="923" y="2301" width="16" height="14" />
        <cmp x="932" y="2314" width="97" height="91" />
        <cmp x="1022" y="2350" width="39" height="41" />
      </word>
      <word id="a01-063x-08-02" tag="RB" text="quickly">
        <cmp x="1107" y="2351" width="63" height="142" />
        <cmp x="1174" y="2354" width="93" height="44" />
        <cmp x="1270" y="2300" width="23" height="20" />
        <cmp x="1283" y="2323" width="184" height="254" />
        <cmp x="1357" y="2320" width="11" height="10" />
      </word>
      <word id="a01-063x-08-03" tag="VB" text="point">
        <cmp x="1482" y="2341" width="134" height="106" />
        <cmp x="1628" y="2330" width="85" height="68" />
        <cmp x="1630" y="2326" width="8" height="8" />
        <cmp x="1691" y="2309" width="79" height="80" />
      </word>
      <word id="a01-063x-08-04" tag="RP" text="out">
        <cmp x="1760" y="2287" width="180" height="112" />
      </word>
      <word id="a01-063x-08-05" tag="CS" text="that">
        <cmp x="1990" y="2306" width="212" height="92" />
        <cmp x="2182" y="2283" width="79" height="91" />
      </word>
      <upper-contour>
        <point x="377" y="2274" />
        <point x="431" y="2227" />
        <point x="2261" y="2227" />
      </upper-contour>
      <lower-contour>
        <point x="386" y="2453" />
        <point x="1107" y="2493" />
        <point x="1146" y="2400" />
        <point x="1347" y="2577" />
        <point x="1415" y="2476" />
        <point x="2261" y="2476" />
      </lower-contour>
    </line>
    <line ass="-656" asx="0" asy="2475" character-width="999" dss="-656" dsx="0" dsy="2666" fd0="13642" fd1="2072" fd2="-1348" filter-width="3" id="a01-063x-09" lbs="-660" lbx="0" lby="2555" segmentation="err" slant="68000" stroke-width="5112" threshold="183" text="this is money due to America anyway." ubs="-649" ubx="0" uby="2528">
      <word id="a01-063x-09-00" tag="DT" text="this">
        <cmp x="388" y="2488" width="155" height="110" />
        <cmp x="408" y="2539" width="3" height="6" />
        <cmp x="499" y="2488" width="22" height="10" />
      </word>
      <word id="a01-063x-09-01" tag="BEZ" text="is">
        <cmp x="616" y="2535" width="23" height="47" />
        <cmp x="623" y="2488" width="25" height="20" />
        <cmp x="644" y="2527" width="35" height="51" />
      </word>
      <word id="a01-063x-09-02" tag="NN" text="money">
        <cmp x="713" y="2529" width="251" height="59" />
        <cmp x="936" y="2538" width="86" height="140" />
      </word>
      <word id="a01-063x-09-03" tag="JJ" text="due">
        <cmp x="1066" y="2491" width="138" height="94" />
      </word>
      <word id="a01-063x-09-04" tag="IN" text="to">
        <cmp x="1252" y="2489" width="66" height="83" />
      </word>
      <word id="a01-063x-09-05" tag="NP" text="America">
        <cmp x="1415" y="2523" width="192" height="61" />
        <cmp x="1612" y="2494" width="11" height="9" />
        <cmp x="1620" y="2533" width="109" height="41" />
      </word>
      <word id="a01-063x-09-06" tag="RB" text="anyway">
        <cmp x="1787" y="2530" width="140" height="43" />
        <cmp x="1902" y="2539" width="88" height="151" />
        <cmp x="2021" y="2529" width="220" height="142" />
        <cmp x="2036" y="2528" width="3" height="3" />
      </word>
      <word id="a01-063x-09-07" tag="." text=".">
        <cmp x="2295" y="2575" width="7" height="8" />
      </word>
      <upper-contour>
        <point x="386" y="2453" />
        <point x="1107" y="2493" />
        <point x="1146" y="2400" />
        <point x="1347" y="2577" />
        <point x="1415" y="2476" />
        <point x="2261" y="2476" />
      </upper-contour>
    </line>
  </handwritten-part>
</form>

