<?xml version="1.0" encoding="ISO-8859-1"?>

<!DOCTYPE form SYSTEM 'http://www.iam.unibe.ch/~fki/iamdb/form-metadata.dtd'>

<form created="2002-01-14" height="3542" id="a01-043u" last-modified="2002-07-17" skew="191" status="final" version="3.0_beta" width="2479" writer-id="000">
  <machine-printed-part>
    <machine-print-line text="Informal talks at Lancaster House will resume today. PRESIDENT KENNEDY today" />
    <machine-print-line text="defended the appointment of a Negro as his Housing Minister. It has aroused strong" />
    <machine-print-line text="opposition from the anti-Negro senators of the Deep South. The negro is Mr. Robert" />
    <machine-print-line text="Weaver of New York. One of his tasks will be to see there is no racial discrimination" />
    <machine-print-line text="in Government and State housing projects." />
  </machine-printed-part>
  <handwritten-part>
    <line ass="854" asx="0" asy="764" character-width="999" dss="854" dsx="0" dsy="836" fd0="12496" fd1="3002" fd2="-226" filter-width="5" id="a01-043u-00" lbs="875" lbx="0" lby="829" segmentation="ok" slant="99000" stroke-width="7480" threshold="169" text="Informal talks at Lancaster House will" ubs="813" ubx="0" uby="798">
      <word id="a01-043u-00-00" sentence-start="yes" tag="JJ" text="Informal">
        <cmp x="381" y="759" width="175" height="71" />
        <cmp x="559" y="773" width="151" height="47" />
        <cmp x="705" y="763" width="17" height="54" />
      </word>
      <word id="a01-043u-00-01" tag="NNS" text="talks">
        <cmp x="785" y="778" width="33" height="42" />
        <cmp x="823" y="791" width="53" height="29" />
        <cmp x="878" y="781" width="37" height="35" />
        <cmp x="917" y="770" width="40" height="42" />
        <cmp x="962" y="785" width="26" height="26" />
      </word>
      <word id="a01-043u-00-02" tag="IN" text="at">
        <cmp x="1072" y="764" width="74" height="53" />
      </word>
      <word id="a01-043u-00-03" tag="NP" text="Lancaster">
        <cmp x="1255" y="760" width="129" height="54" />
        <cmp x="1395" y="777" width="34" height="33" />
        <cmp x="1440" y="754" width="174" height="56" />
      </word>
      <word id="a01-043u-00-04" tag="NPL" text="House">
        <cmp x="1690" y="741" width="245" height="66" />
      </word>
      <word id="a01-043u-00-05" tag="MD" text="will">
        <cmp x="1999" y="767" width="60" height="35" />
        <cmp x="2059" y="735" width="12" height="18" />
        <cmp x="2062" y="772" width="18" height="24" />
        <cmp x="2091" y="748" width="49" height="44" />
      </word>
      <lower-contour>
        <point x="382" y="829" />
        <point x="2141" y="829" />
      </lower-contour>
    </line>
    <line ass="799" asx="0" asy="940" character-width="999" dss="799" dsx="0" dsy="1027" fd0="12382" fd1="2509" fd2="-1308" filter-width="5" id="a01-043u-01" lbs="794" lbx="0" lby="1003" segmentation="ok" slant="90000" stroke-width="7221" threshold="168" text="resume today. PRESIDENT KENNEDY today" ubs="809" ubx="0" uby="971">
      <word id="a01-043u-01-00" tag="VB" text="resume">
        <cmp x="384" y="958" width="103" height="43" />
        <cmp x="494" y="969" width="168" height="35" />
      </word>
      <word id="a01-043u-01-01" tag="NR" text="today">
        <cmp x="711" y="951" width="142" height="48" />
        <cmp x="854" y="965" width="116" height="43" />
      </word>
      <word id="a01-043u-01-02" tag="." text=".">
        <cmp x="986" y="984" width="9" height="11" />
      </word>
      <word id="a01-043u-01-03" sentence-start="yes" tag="NPT" text="PRESIDENT">
        <cmp x="1037" y="925" width="121" height="67" />
        <cmp x="1164" y="933" width="40" height="58" />
        <cmp x="1206" y="936" width="46" height="56" />
        <cmp x="1253" y="932" width="64" height="56" />
        <cmp x="1324" y="929" width="30" height="11" />
        <cmp x="1327" y="947" width="39" height="34" />
        <cmp x="1377" y="938" width="46" height="44" />
        <cmp x="1414" y="925" width="68" height="9" />
        <cmp x="1443" y="938" width="15" height="44" />
      </word>
      <word id="a01-043u-01-04" tag="NP" text="KENNEDY">
        <cmp x="1560" y="933" width="46" height="46" />
        <cmp x="1581" y="969" width="13" height="19" />
        <cmp x="1608" y="934" width="39" height="54" />
        <cmp x="1658" y="939" width="46" height="54" />
        <cmp x="1715" y="932" width="44" height="55" />
        <cmp x="1772" y="930" width="85" height="56" />
        <cmp x="1861" y="942" width="27" height="28" />
        <cmp x="1887" y="942" width="19" height="48" />
      </word>
      <word id="a01-043u-01-05" tag="NR" text="today">
        <cmp x="1957" y="930" width="34" height="53" />
        <cmp x="1995" y="951" width="32" height="29" />
        <cmp x="2032" y="922" width="53" height="51" />
        <cmp x="2090" y="944" width="98" height="54" />
      </word>
      <upper-contour>
        <point x="382" y="829" />
        <point x="2141" y="829" />
      </upper-contour>
      <lower-contour>
        <point x="382" y="1008" />
        <point x="2148" y="1008" />
      </lower-contour>
    </line>
    <line ass="905" asx="0" asy="1123" character-width="999" dss="905" dsx="0" dsy="1202" fd0="12192" fd1="2433" fd2="-469" filter-width="5" id="a01-043u-02" lbs="901" lbx="0" lby="1189" segmentation="ok" slant="107000" stroke-width="7646" threshold="170" text="defended the appointment of a Negro as" ubs="912" ubx="0" uby="1160">
      <word id="a01-043u-02-00" tag="VBD" text="defended">
        <cmp x="367" y="1139" width="88" height="45" />
        <cmp x="459" y="1118" width="107" height="67" />
        <cmp x="567" y="1137" width="169" height="49" />
      </word>
      <word id="a01-043u-02-01" tag="ATI" text="the">
        <cmp x="808" y="1137" width="162" height="44" />
      </word>
      <word id="a01-043u-02-02" tag="NN" text="appointment">
        <cmp x="1045" y="1147" width="49" height="31" />
        <cmp x="1092" y="1142" width="41" height="43" />
        <cmp x="1136" y="1139" width="40" height="39" />
        <cmp x="1179" y="1140" width="74" height="31" />
        <cmp x="1228" y="1110" width="8" height="11" />
        <cmp x="1257" y="1143" width="49" height="28" />
        <cmp x="1297" y="1119" width="35" height="49" />
        <cmp x="1337" y="1135" width="140" height="35" />
        <cmp x="1480" y="1120" width="36" height="45" />
      </word>
      <word id="a01-043u-02-03" tag="INO" text="of">
        <cmp x="1572" y="1131" width="35" height="31" />
        <cmp x="1612" y="1099" width="33" height="62" />
      </word>
      <word id="a01-043u-02-04" tag="AT" text="a">
        <cmp x="1706" y="1124" width="50" height="35" />
      </word>
      <word id="a01-043u-02-05" tag="NN" text="Negro">
        <cmp x="1796" y="1107" width="65" height="50" />
        <cmp x="1862" y="1126" width="34" height="33" />
        <cmp x="1895" y="1129" width="116" height="44" />
      </word>
      <word id="a01-043u-02-06" tag="IN" text="as">
        <cmp x="2066" y="1128" width="81" height="32" />
      </word>
      <upper-contour>
        <point x="382" y="1008" />
        <point x="2148" y="1008" />
      </upper-contour>
      <lower-contour>
        <point x="365" y="1186" />
        <point x="2148" y="1186" />
      </lower-contour>
    </line>
    <line ass="717" asx="0" asy="1299" character-width="999" dss="717" dsx="0" dsy="1398" fd0="13038" fd1="2909" fd2="116" filter-width="5" id="a01-043u-03" lbs="747" lbx="0" lby="1363" segmentation="ok" slant="113000" stroke-width="7583" threshold="171" text="his Housing Minister. It has aroused strong" ubs="657" ubx="0" uby="1332">
      <word id="a01-043u-03-00" tag="PP$" text="his">
        <cmp x="344" y="1318" width="120" height="43" />
        <cmp x="387" y="1300" width="9" height="11" />
      </word>
      <word id="a01-043u-03-01" tag="NN" text="Housing">
        <cmp x="546" y="1298" width="55" height="57" />
        <cmp x="603" y="1322" width="144" height="38" />
        <cmp x="753" y="1292" width="20" height="15" />
        <cmp x="756" y="1327" width="73" height="23" />
        <cmp x="841" y="1323" width="54" height="66" />
      </word>
      <word id="a01-043u-03-02" tag="NPT" text="Minister">
        <cmp x="947" y="1303" width="167" height="46" />
        <cmp x="1007" y="1286" width="15" height="13" />
        <cmp x="1088" y="1289" width="10" height="9" />
        <cmp x="1121" y="1299" width="110" height="58" />
      </word>
      <word id="a01-043u-03-03" tag="." text=".">
        <cmp x="1266" y="1343" width="9" height="8" />
      </word>
      <word id="a01-043u-03-04" sentence-start="yes" tag="PP3" text="It">
        <cmp x="1379" y="1289" width="12" height="53" />
        <cmp x="1398" y="1290" width="33" height="43" />
      </word>
      <word id="a01-043u-03-05" tag="HVZ" text="has">
        <cmp x="1507" y="1288" width="117" height="58" />
      </word>
      <word id="a01-043u-03-06" tag="VBN" text="aroused">
        <cmp x="1714" y="1310" width="83" height="33" />
        <cmp x="1800" y="1301" width="184" height="42" />
        <cmp x="1984" y="1292" width="59" height="37" />
      </word>
      <word id="a01-043u-03-07" tag="JJ" text="strong">
        <cmp x="2082" y="1306" width="27" height="31" />
        <cmp x="2117" y="1286" width="192" height="70" />
      </word>
      <upper-contour>
        <point x="365" y="1186" />
        <point x="2148" y="1186" />
      </upper-contour>
      <lower-contour>
        <point x="343" y="1389" />
        <point x="2310" y="1389" />
      </lower-contour>
    </line>
    <line ass="873" asx="0" asy="1479" character-width="999" dss="873" dsx="0" dsy="1569" fd0="12076" fd1="2612" fd2="-431" filter-width="5" id="a01-043u-04" lbs="876" lbx="0" lby="1547" segmentation="ok" slant="101000" stroke-width="7572" threshold="168" text="opposition from the anti-Negro senators of the" ubs="866" ubx="0" uby="1520">
      <word id="a01-043u-04-00" tag="NN" text="opposition">
        <cmp x="345" y="1508" width="44" height="38" />
        <cmp x="394" y="1510" width="36" height="45" />
        <cmp x="438" y="1500" width="126" height="49" />
        <cmp x="573" y="1471" width="11" height="15" />
        <cmp x="576" y="1481" width="68" height="46" />
        <cmp x="626" y="1475" width="14" height="15" />
        <cmp x="651" y="1504" width="82" height="28" />
      </word>
      <word id="a01-043u-04-01" tag="IN" text="from">
        <cmp x="802" y="1478" width="56" height="69" />
        <cmp x="858" y="1512" width="111" height="27" />
      </word>
      <word id="a01-043u-04-02" tag="ATI" text="the">
        <cmp x="1040" y="1484" width="153" height="52" />
      </word>
      <word id="a01-043u-04-03" tag="JNP" text="anti-Negro">
        <cmp x="1222" y="1483" width="146" height="47" />
        <cmp x="1348" y="1471" width="12" height="11" />
        <cmp x="1388" y="1505" width="33" height="8" />
        <cmp x="1442" y="1477" width="87" height="51" />
        <cmp x="1530" y="1494" width="83" height="52" />
        <cmp x="1611" y="1495" width="47" height="32" />
      </word>
      <word id="a01-043u-04-04" tag="NNS" text="senators">
        <cmp x="1703" y="1488" width="123" height="32" />
        <cmp x="1831" y="1473" width="160" height="47" />
        <cmp x="1987" y="1483" width="40" height="41" />
      </word>
      <word id="a01-043u-04-05" tag="INO" text="of">
        <cmp x="2068" y="1484" width="34" height="33" />
        <cmp x="2106" y="1457" width="40" height="61" />
      </word>
      <word id="a01-043u-04-06" tag="ATI" text="the">
        <cmp x="2201" y="1457" width="122" height="61" />
      </word>
      <upper-contour>
        <point x="343" y="1389" />
        <point x="2310" y="1389" />
      </upper-contour>
      <lower-contour>
        <point x="343" y="1554" />
        <point x="2223" y="1554" />
      </lower-contour>
    </line>
    <line ass="481" asx="0" asy="1655" character-width="999" dss="481" dsx="0" dsy="1738" fd0="11603" fd1="2477" fd2="-290" filter-width="5" id="a01-043u-05" lbs="482" lbx="0" lby="1714" segmentation="ok" slant="108000" stroke-width="7648" threshold="169" text="Deep South. The negro is Mr. Robert #" ubs="479" ubx="0" uby="1685">
      <word id="a01-043u-05-00" tag="JJ" text="Deep">
        <cmp x="314" y="1655" width="73" height="58" />
        <cmp x="388" y="1676" width="89" height="40" />
        <cmp x="476" y="1680" width="48" height="38" />
      </word>
      <word id="a01-043u-05-01" tag="NR" text="South">
        <cmp x="621" y="1651" width="41" height="55" />
        <cmp x="668" y="1653" width="212" height="53" />
      </word>
      <word id="a01-043u-05-02" tag="." text=".">
        <cmp x="910" y="1698" width="10" height="10" />
      </word>
      <word id="a01-043u-05-03" sentence-start="yes" tag="ATI" text="The">
        <cmp x="996" y="1649" width="191" height="59" />
        <cmp x="1025" y="1661" width="14" height="43" />
      </word>
      <word id="a01-043u-05-04" tag="NN" text="negro">
        <cmp x="1263" y="1675" width="86" height="33" />
        <cmp x="1348" y="1676" width="125" height="52" />
      </word>
      <word id="a01-043u-05-05" tag="BEZ" text="is">
        <cmp x="1544" y="1648" width="21" height="15" />
        <cmp x="1552" y="1683" width="51" height="24" />
      </word>
      <word id="a01-043u-05-06" tag="NPT" text="Mr.">
        <cmp x="1700" y="1653" width="102" height="55" />
        <cmp x="1818" y="1700" width="9" height="8" />
      </word>
      <word id="a01-043u-05-07" tag="NP" text="Robert">
        <cmp x="1874" y="1641" width="80" height="61" />
        <cmp x="1951" y="1645" width="137" height="62" />
        <cmp x="2081" y="1646" width="35" height="45" />
      </word>
      <word id="a01-043u-05-08" tag="&amp;GA" text="#">
        <cmp x="2160" y="1647" width="62" height="29" />
      </word>
      <upper-contour>
        <point x="343" y="1554" />
        <point x="2223" y="1554" />
      </upper-contour>
      <lower-contour>
        <point x="326" y="1728" />
        <point x="2223" y="1728" />
      </lower-contour>
    </line>
    <line ass="461" asx="0" asy="1833" character-width="999" dss="461" dsx="0" dsy="1913" fd0="12518" fd1="2955" fd2="-177" filter-width="5" id="a01-043u-06" lbs="496" lbx="0" lby="1897" segmentation="ok" slant="99000" stroke-width="7504" threshold="169" text="Weaver of New York. One of his tasks will" ubs="391" ubx="0" uby="1864">
      <word id="a01-043u-06-00" tag="NP" text="Weaver">
        <cmp x="328" y="1839" width="61" height="51" />
        <cmp x="390" y="1848" width="203" height="43" />
      </word>
      <word id="a01-043u-06-01" tag="INO" text="of">
        <cmp x="665" y="1856" width="36" height="37" />
        <cmp x="697" y="1828" width="42" height="80" />
      </word>
      <word id="a01-043u-06-02" tag="NP" text="New">
        <cmp x="786" y="1841" width="58" height="57" />
        <cmp x="848" y="1858" width="103" height="38" />
      </word>
      <word id="a01-043u-06-03" tag="NP" text="York">
        <cmp x="1021" y="1842" width="100" height="58" />
        <cmp x="1130" y="1862" width="34" height="30" />
        <cmp x="1179" y="1839" width="31" height="46" />
      </word>
      <word id="a01-043u-06-04" tag="." text=".">
        <cmp x="1223" y="1884" width="10" height="6" />
      </word>
      <word id="a01-043u-06-05" sentence-start="yes" tag="CD1" text="One">
        <cmp x="1354" y="1829" width="57" height="56" />
        <cmp x="1415" y="1853" width="112" height="38" />
      </word>
      <word id="a01-043u-06-06" tag="INO" text="of">
        <cmp x="1621" y="1825" width="66" height="68" />
      </word>
      <word id="a01-043u-06-07" tag="PP$" text="his">
        <cmp x="1745" y="1837" width="110" height="42" />
        <cmp x="1798" y="1824" width="9" height="8" />
      </word>
      <word id="a01-043u-06-08" tag="NNS" text="tasks">
        <cmp x="1930" y="1827" width="26" height="52" />
        <cmp x="1966" y="1846" width="52" height="30" />
        <cmp x="2023" y="1832" width="22" height="48" />
        <cmp x="2056" y="1839" width="78" height="45" />
      </word>
      <word id="a01-043u-06-09" tag="MD" text="will">
        <cmp x="2195" y="1840" width="54" height="39" />
        <cmp x="2253" y="1821" width="15" height="14" />
        <cmp x="2256" y="1849" width="17" height="23" />
        <cmp x="2284" y="1832" width="41" height="45" />
      </word>
      <upper-contour>
        <point x="326" y="1728" />
        <point x="2223" y="1728" />
      </upper-contour>
      <lower-contour>
        <point x="365" y="1907" />
        <point x="2326" y="1907" />
      </lower-contour>
    </line>
    <line ass="672" asx="0" asy="2017" character-width="999" dss="672" dsx="0" dsy="2089" fd0="12803" fd1="3001" fd2="125" filter-width="5" id="a01-043u-07" lbs="699" lbx="0" lby="2079" segmentation="ok" slant="103000" stroke-width="7353" threshold="170" text="be to see there is no racial discrimination" ubs="618" ubx="0" uby="2052">
      <word id="a01-043u-07-00" tag="BE" text="be">
        <cmp x="367" y="2018" width="96" height="56" />
      </word>
      <word id="a01-043u-07-01" tag="TO" text="to">
        <cmp x="546" y="2023" width="75" height="52" />
      </word>
      <word id="a01-043u-07-02" tag="VB" text="see">
        <cmp x="693" y="2036" width="149" height="36" />
      </word>
      <word id="a01-043u-07-03" tag="EX" text="there">
        <cmp x="939" y="2017" width="35" height="52" />
        <cmp x="974" y="2028" width="96" height="38" />
        <cmp x="1074" y="2024" width="66" height="49" />
      </word>
      <word id="a01-043u-07-04" tag="BEZ" text="is">
        <cmp x="1208" y="2009" width="9" height="9" />
        <cmp x="1214" y="2042" width="66" height="25" />
      </word>
      <word id="a01-043u-07-05" tag="ATI" text="no">
        <cmp x="1342" y="2035" width="89" height="35" />
      </word>
      <word id="a01-043u-07-06" tag="JJ" text="racial">
        <cmp x="1464" y="2032" width="30" height="29" />
        <cmp x="1494" y="2031" width="60" height="32" />
        <cmp x="1558" y="2031" width="79" height="35" />
        <cmp x="1598" y="1999" width="18" height="14" />
        <cmp x="1645" y="2033" width="69" height="30" />
        <cmp x="1705" y="2013" width="35" height="52" />
      </word>
      <word id="a01-043u-07-07" tag="NN" text="discrimination">
        <cmp x="1819" y="2020" width="80" height="42" />
        <cmp x="1869" y="2004" width="17" height="11" />
        <cmp x="1904" y="2033" width="36" height="26" />
        <cmp x="1949" y="2031" width="81" height="26" />
        <cmp x="2017" y="1997" width="8" height="10" />
        <cmp x="2044" y="2029" width="101" height="26" />
        <cmp x="2126" y="1999" width="13" height="13" />
        <cmp x="2153" y="2033" width="45" height="23" />
        <cmp x="2196" y="2025" width="53" height="29" />
        <cmp x="2239" y="2005" width="54" height="45" />
        <cmp x="2281" y="2001" width="13" height="14" />
        <cmp x="2308" y="2026" width="77" height="36" />
      </word>
      <upper-contour>
        <point x="365" y="1907" />
        <point x="2326" y="1907" />
      </upper-contour>
      <lower-contour>
        <point x="365" y="2074" />
        <point x="2105" y="2074" />
      </lower-contour>
    </line>
    <line ass="382" asx="0" asy="2189" character-width="999" dss="382" dsx="0" dsy="2288" fd0="12754" fd1="2507" fd2="-351" filter-width="5" id="a01-043u-08" lbs="321" lbx="0" lby="2251" segmentation="ok" slant="116000" stroke-width="7448" threshold="169" text="in Government and State housing" ubs="504" ubx="0" uby="2230">
      <word id="a01-043u-08-00" tag="IN" text="in">
        <cmp x="364" y="2224" width="70" height="22" />
        <cmp x="367" y="2187" width="13" height="11" />
      </word>
      <word id="a01-043u-08-01" tag="NN" text="Government">
        <cmp x="533" y="2193" width="59" height="67" />
        <cmp x="589" y="2220" width="52" height="37" />
        <cmp x="652" y="2218" width="48" height="40" />
        <cmp x="708" y="2208" width="78" height="43" />
        <cmp x="797" y="2217" width="49" height="27" />
        <cmp x="856" y="2197" width="209" height="49" />
      </word>
      <word id="a01-043u-08-02" tag="CC" text="and">
        <cmp x="1150" y="2221" width="86" height="25" />
        <cmp x="1250" y="2194" width="79" height="54" />
      </word>
      <word id="a01-043u-08-03" tag="NN" text="State">
        <cmp x="1452" y="2192" width="56" height="56" />
        <cmp x="1515" y="2196" width="27" height="47" />
        <cmp x="1558" y="2199" width="135" height="47" />
      </word>
      <word id="a01-043u-08-04" tag="NN" text="housing">
        <cmp x="1762" y="2193" width="271" height="54" />
        <cmp x="1956" y="2181" width="13" height="11" />
        <cmp x="2047" y="2213" width="57" height="63" />
      </word>
      <upper-contour>
        <point x="365" y="2074" />
        <point x="2105" y="2074" />
      </upper-contour>
      <lower-contour>
        <point x="362" y="2259" />
        <point x="716" y="2259" />
      </lower-contour>
    </line>
    <line ass="1398" asx="0" asy="2386" character-width="999" dss="1398" dsx="0" dsy="2471" fd0="12829" fd1="2689" fd2="-1312" filter-width="5" id="a01-043u-09" lbs="889" lbx="0" lby="2436" segmentation="ok" slant="121000" stroke-width="7339" threshold="166" text="projects." ubs="2416" ubx="0" uby="2417">
      <word id="a01-043u-09-00" tag="NNS" text="projects">
        <cmp x="358" y="2403" width="39" height="37" />
        <cmp x="408" y="2398" width="62" height="33" />
        <cmp x="467" y="2395" width="103" height="67" />
        <cmp x="474" y="2376" width="19" height="13" />
        <cmp x="571" y="2380" width="104" height="47" />
      </word>
      <word id="a01-043u-09-01" tag="." text=".">
        <cmp x="705" y="2424" width="10" height="11" />
      </word>
      <upper-contour>
        <point x="362" y="2259" />
        <point x="716" y="2259" />
      </upper-contour>
    </line>
  </handwritten-part>
</form>

