<?xml version="1.0" encoding="ISO-8859-1"?>

<!DOCTYPE form SYSTEM 'http://www.iam.unibe.ch/~fki/iamdb/form-metadata.dtd'>

<form created="2002-01-14" height="3542" id="a01-011u" last-modified="2002-07-17" skew="223" status="final" version="3.0_beta" width="2479" writer-id="000">
  <machine-printed-part>
    <machine-print-line text="Delegates from Mr. Kenneth Kaunda&apos;s United National Independence Party (280,000" />
    <machine-print-line text="members) and Mr. Harry Nkumbula&apos;s African National Congress (400,000) will meet" />
    <machine-print-line text="in London today to discuss a common course of action. Sir Roy is violently opposed to" />
    <machine-print-line text="Africans getting an elected majority in Northern Rhodesia, but the Colonial Secretary," />
    <machine-print-line text="Mr. Iain Macleod, is insisting on a policy of change." />
  </machine-printed-part>
  <handwritten-part>
    <line ass="1066" asx="0" asy="762" character-width="999" dss="1066" dsx="0" dsy="851" fd0="12388" fd1="2782" fd2="-204" filter-width="5" id="a01-011u-00" lbs="1044" lbx="0" lby="832" segmentation="ok" slant="97000" stroke-width="7382" threshold="166" text="Delegates from Mr. Kenneth Kaunda&apos;s" ubs="1110" ubx="0" uby="806">
      <word id="a01-011u-00-00" sentence-start="yes" tag="NNS" text="Delegates">
        <cmp x="318" y="774" width="122" height="56" />
        <cmp x="428" y="783" width="106" height="44" />
        <cmp x="542" y="790" width="65" height="51" />
        <cmp x="613" y="766" width="195" height="52" />
      </word>
      <word id="a01-011u-00-01" tag="IN" text="from">
        <cmp x="895" y="749" width="50" height="73" />
        <cmp x="944" y="787" width="109" height="27" />
      </word>
      <word id="a01-011u-00-02" tag="NPT" text="Mr.">
        <cmp x="1152" y="755" width="59" height="56" />
        <cmp x="1220" y="782" width="36" height="30" />
        <cmp x="1270" y="812" width="8" height="9" />
      </word>
      <word id="a01-011u-00-03" tag="NP" text="Kenneth">
        <cmp x="1372" y="754" width="271" height="58" />
        <cmp x="1642" y="765" width="77" height="45" />
      </word>
      <word id="a01-011u-00-04" tag="NP$" text="Kaunda&apos;s">
        <cmp x="1822" y="747" width="43" height="56" />
        <cmp x="1862" y="764" width="54" height="35" />
        <cmp x="1921" y="767" width="62" height="30" />
        <cmp x="1984" y="771" width="44" height="23" />
        <cmp x="2031" y="749" width="50" height="42" />
        <cmp x="2082" y="757" width="54" height="33" />
        <cmp x="2133" y="724" width="13" height="25" />
        <cmp x="2175" y="768" width="28" height="29" />
      </word>
      <lower-contour>
        <point x="338" y="840" />
        <point x="2117" y="840" />
      </lower-contour>
    </line>
    <line ass="1095" asx="0" asy="954" character-width="999" dss="1095" dsx="0" dsy="1043" fd0="12889" fd1="2916" fd2="-420" filter-width="5" id="a01-011u-01" lbs="1108" lbx="0" lby="1016" segmentation="ok" slant="104000" stroke-width="7455" threshold="168" text="United National Independence Party" ubs="1070" ubx="0" uby="986">
      <word id="a01-011u-01-00" tag="JJ" text="United">
        <cmp x="340" y="949" width="130" height="61" />
        <cmp x="453" y="947" width="12" height="16" />
        <cmp x="483" y="960" width="81" height="46" />
        <cmp x="562" y="960" width="67" height="43" />
      </word>
      <word id="a01-011u-01-01" tag="JJ" text="National">
        <cmp x="743" y="949" width="56" height="61" />
        <cmp x="797" y="962" width="110" height="44" />
        <cmp x="883" y="946" width="12" height="19" />
        <cmp x="911" y="973" width="93" height="31" />
        <cmp x="1008" y="967" width="57" height="33" />
        <cmp x="1060" y="948" width="31" height="44" />
      </word>
      <word id="a01-011u-01-02" tag="NN" text="Independence">
        <cmp x="1189" y="951" width="71" height="47" />
        <cmp x="1260" y="954" width="51" height="42" />
        <cmp x="1325" y="960" width="49" height="37" />
        <cmp x="1378" y="955" width="138" height="53" />
        <cmp x="1520" y="946" width="153" height="40" />
        <cmp x="1679" y="957" width="96" height="35" />
      </word>
      <word id="a01-011u-01-03" tag="NN" text="Party">
        <cmp x="1825" y="923" width="165" height="58" />
        <cmp x="2005" y="924" width="111" height="81" />
      </word>
      <upper-contour>
        <point x="338" y="840" />
        <point x="2117" y="840" />
      </upper-contour>
      <lower-contour>
        <point x="338" y="1009" />
        <point x="2117" y="1009" />
      </lower-contour>
    </line>
    <line ass="527" asx="0" asy="1116" character-width="999" dss="527" dsx="0" dsy="1216" fd0="13016" fd1="2970" fd2="22" filter-width="5" id="a01-011u-02" lbs="522" lbx="0" lby="1188" segmentation="ok" slant="95000" stroke-width="7430" threshold="168" text="(280,000 members) and Mr. Harry Nkumbula&apos;s" ubs="538" ubx="0" uby="1159">
      <word id="a01-011u-02-00" tag="(" text="(">
        <cmp x="308" y="1128" width="17" height="82" />
      </word>
      <word id="a01-011u-02-01" tag="CD" text="280,000">
        <cmp x="345" y="1143" width="37" height="39" />
        <cmp x="393" y="1134" width="84" height="51" />
        <cmp x="495" y="1171" width="10" height="25" />
        <cmp x="526" y="1141" width="98" height="40" />
        <cmp x="636" y="1144" width="47" height="35" />
      </word>
      <word id="a01-011u-02-02" tag="NNS" text="members">
        <cmp x="725" y="1134" width="351" height="53" />
      </word>
      <word id="a01-011u-02-03" tag=")" text=")">
        <cmp x="1112" y="1122" width="19" height="72" />
      </word>
      <word id="a01-011u-02-04" tag="CC" text="and">
        <cmp x="1188" y="1150" width="94" height="27" />
        <cmp x="1287" y="1135" width="70" height="40" />
      </word>
      <word id="a01-011u-02-05" tag="NPT" text="Mr.">
        <cmp x="1463" y="1127" width="108" height="50" />
        <cmp x="1587" y="1170" width="10" height="7" />
      </word>
      <word id="a01-011u-02-06" tag="NP" text="Harry">
        <cmp x="1707" y="1119" width="139" height="52" />
        <cmp x="1861" y="1142" width="27" height="27" />
        <cmp x="1899" y="1146" width="53" height="54" />
      </word>
      <word id="a01-011u-02-07" tag="NP$" text="Nkumbula&apos;s">
        <cmp x="2020" y="1106" width="44" height="77" />
        <cmp x="2079" y="1121" width="33" height="43" />
        <cmp x="2124" y="1116" width="78" height="59" />
        <cmp x="2203" y="1140" width="54" height="31" />
        <cmp x="2254" y="1117" width="21" height="51" />
        <cmp x="2278" y="1131" width="53" height="38" />
        <cmp x="2350" y="1096" width="13" height="21" />
        <cmp x="2366" y="1140" width="29" height="26" />
      </word>
      <upper-contour>
        <point x="338" y="1009" />
        <point x="2117" y="1009" />
      </upper-contour>
      <lower-contour>
        <point x="326" y="1202" />
        <point x="2342" y="1202" />
      </lower-contour>
    </line>
    <line ass="334" asx="0" asy="1292" character-width="999" dss="334" dsx="0" dsy="1391" fd0="13001" fd1="3055" fd2="-271" filter-width="5" id="a01-011u-03" lbs="259" lbx="0" lby="1364" segmentation="ok" slant="102000" stroke-width="7364" threshold="168" text="African National Congress (400,000) will" ubs="485" ubx="0" uby="1339">
      <word id="a01-011u-03-00" tag="JNP" text="African">
        <cmp x="328" y="1309" width="40" height="59" />
        <cmp x="372" y="1305" width="115" height="64" />
        <cmp x="457" y="1301" width="13" height="15" />
        <cmp x="497" y="1333" width="39" height="37" />
        <cmp x="542" y="1328" width="130" height="36" />
      </word>
      <word id="a01-011u-03-01" tag="JJ" text="National">
        <cmp x="755" y="1304" width="64" height="57" />
        <cmp x="820" y="1316" width="116" height="43" />
        <cmp x="913" y="1304" width="11" height="23" />
        <cmp x="941" y="1328" width="101" height="32" />
        <cmp x="1049" y="1326" width="50" height="32" />
        <cmp x="1111" y="1313" width="36" height="42" />
      </word>
      <word id="a01-011u-03-02" tag="NN" text="Congress">
        <cmp x="1217" y="1299" width="53" height="63" />
        <cmp x="1256" y="1318" width="282" height="58" />
        <cmp x="1547" y="1329" width="36" height="30" />
      </word>
      <word id="a01-011u-03-03" tag="(" text="(">
        <cmp x="1639" y="1284" width="20" height="98" />
      </word>
      <word id="a01-011u-03-04" tag="CD" text="400,000">
        <cmp x="1675" y="1313" width="32" height="49" />
        <cmp x="1715" y="1314" width="50" height="39" />
        <cmp x="1769" y="1314" width="54" height="37" />
        <cmp x="1834" y="1347" width="12" height="23" />
        <cmp x="1882" y="1311" width="115" height="40" />
        <cmp x="2001" y="1312" width="52" height="39" />
      </word>
      <word id="a01-011u-03-05" tag=")" text=")">
        <cmp x="2109" y="1286" width="18" height="83" />
      </word>
      <word id="a01-011u-03-06" tag="MD" text="will">
        <cmp x="2192" y="1323" width="57" height="35" />
        <cmp x="2253" y="1297" width="14" height="17" />
        <cmp x="2257" y="1330" width="20" height="25" />
        <cmp x="2289" y="1304" width="52" height="51" />
      </word>
      <upper-contour>
        <point x="326" y="1202" />
        <point x="2342" y="1202" />
      </upper-contour>
      <lower-contour>
        <point x="341" y="1383" />
        <point x="2342" y="1383" />
      </lower-contour>
    </line>
    <line ass="497" asx="0" asy="1484" character-width="999" dss="497" dsx="0" dsy="1562" fd0="11967" fd1="2585" fd2="-138" filter-width="5" id="a01-011u-04" lbs="504" lbx="0" lby="1545" segmentation="ok" slant="99000" stroke-width="7526" threshold="166" text="meet in London today to discuss a common" ubs="484" ubx="0" uby="1517">
      <word id="a01-011u-04-00" tag="VB" text="meet">
        <cmp x="343" y="1490" width="211" height="56" />
      </word>
      <word id="a01-011u-04-01" tag="IN" text="in">
        <cmp x="678" y="1479" width="19" height="13" />
        <cmp x="682" y="1512" width="68" height="27" />
      </word>
      <word id="a01-011u-04-02" tag="NP" text="London">
        <cmp x="854" y="1492" width="114" height="49" />
        <cmp x="970" y="1494" width="147" height="43" />
      </word>
      <word id="a01-011u-04-03" tag="NR" text="today">
        <cmp x="1182" y="1482" width="74" height="55" />
        <cmp x="1261" y="1494" width="63" height="38" />
        <cmp x="1327" y="1501" width="105" height="50" />
      </word>
      <word id="a01-011u-04-04" tag="TO" text="to">
        <cmp x="1476" y="1480" width="37" height="54" />
        <cmp x="1516" y="1502" width="39" height="32" />
      </word>
      <word id="a01-011u-04-05" tag="VB" text="discuss">
        <cmp x="1622" y="1485" width="117" height="44" />
        <cmp x="1673" y="1472" width="12" height="8" />
        <cmp x="1758" y="1492" width="35" height="40" />
        <cmp x="1798" y="1496" width="145" height="38" />
      </word>
      <word id="a01-011u-04-06" tag="AT" text="a">
        <cmp x="2009" y="1500" width="60" height="29" />
      </word>
      <word id="a01-011u-04-07" tag="JJ" text="common">
        <cmp x="2107" y="1497" width="37" height="37" />
        <cmp x="2145" y="1501" width="177" height="27" />
        <cmp x="2325" y="1497" width="88" height="29" />
      </word>
      <upper-contour>
        <point x="341" y="1383" />
        <point x="2342" y="1383" />
      </upper-contour>
      <lower-contour>
        <point x="341" y="1551" />
        <point x="2221" y="1551" />
      </lower-contour>
    </line>
    <line ass="670" asx="0" asy="1655" character-width="999" dss="670" dsx="0" dsy="1781" fd0="12503" fd1="3051" fd2="-51" filter-width="5" id="a01-011u-05" lbs="689" lbx="0" lby="1726" segmentation="ok" slant="103000" stroke-width="7499" threshold="167" text="course of action. Sir Roy is violently" ubs="634" ubx="0" uby="1698">
      <word id="a01-011u-05-00" tag="NN" text="course">
        <cmp x="333" y="1688" width="185" height="41" />
        <cmp x="517" y="1692" width="33" height="27" />
        <cmp x="557" y="1682" width="65" height="38" />
      </word>
      <word id="a01-011u-05-01" tag="INO" text="of">
        <cmp x="700" y="1654" width="81" height="74" />
      </word>
      <word id="a01-011u-05-02" tag="NN" text="action">
        <cmp x="822" y="1684" width="63" height="33" />
        <cmp x="890" y="1666" width="86" height="49" />
        <cmp x="957" y="1660" width="19" height="18" />
        <cmp x="979" y="1686" width="87" height="29" />
      </word>
      <word id="a01-011u-05-03" tag="." text=".">
        <cmp x="1088" y="1706" width="10" height="11" />
      </word>
      <word id="a01-011u-05-04" sentence-start="yes" tag="NPT" text="Sir">
        <cmp x="1205" y="1655" width="47" height="53" />
        <cmp x="1260" y="1650" width="12" height="10" />
        <cmp x="1263" y="1674" width="91" height="34" />
      </word>
      <word id="a01-011u-05-05" tag="NP" text="Roy">
        <cmp x="1413" y="1639" width="91" height="68" />
        <cmp x="1510" y="1676" width="48" height="32" />
        <cmp x="1561" y="1676" width="71" height="54" />
      </word>
      <word id="a01-011u-05-06" tag="BEZ" text="is">
        <cmp x="1711" y="1683" width="48" height="30" />
        <cmp x="1714" y="1647" width="13" height="14" />
      </word>
      <word id="a01-011u-05-07" tag="RB" text="violently">
        <cmp x="1830" y="1679" width="35" height="33" />
        <cmp x="1867" y="1648" width="9" height="15" />
        <cmp x="1871" y="1677" width="75" height="34" />
        <cmp x="1947" y="1657" width="159" height="50" />
        <cmp x="2115" y="1657" width="104" height="100" />
      </word>
      <upper-contour>
        <point x="341" y="1551" />
        <point x="2221" y="1551" />
      </upper-contour>
      <lower-contour>
        <point x="331" y="1760" />
        <point x="2221" y="1760" />
      </lower-contour>
    </line>
    <line ass="817" asx="0" asy="1849" character-width="999" dss="817" dsx="0" dsy="1950" fd0="11893" fd1="2655" fd2="-787" filter-width="5" id="a01-011u-06" lbs="856" lbx="0" lby="1913" segmentation="ok" slant="104000" stroke-width="7574" threshold="167" text="opposed to Africans getting an elected" ubs="740" ubx="0" uby="1879">
      <word id="a01-011u-06-00" tag="VBN" text="opposed">
        <cmp x="319" y="1865" width="90" height="59" />
        <cmp x="418" y="1868" width="34" height="55" />
        <cmp x="459" y="1846" width="220" height="57" />
      </word>
      <word id="a01-011u-06-01" tag="IN" text="to">
        <cmp x="774" y="1849" width="27" height="57" />
        <cmp x="807" y="1871" width="48" height="34" />
      </word>
      <word id="a01-011u-06-02" tag="NNPS" text="Africans">
        <cmp x="974" y="1837" width="122" height="86" />
        <cmp x="1083" y="1836" width="9" height="15" />
        <cmp x="1107" y="1858" width="46" height="35" />
        <cmp x="1163" y="1857" width="102" height="33" />
        <cmp x="1272" y="1866" width="36" height="27" />
      </word>
      <word id="a01-011u-06-03" tag="VBG" text="getting">
        <cmp x="1411" y="1856" width="80" height="57" />
        <cmp x="1482" y="1836" width="131" height="47" />
        <cmp x="1549" y="1828" width="9" height="10" />
        <cmp x="1616" y="1859" width="70" height="69" />
      </word>
      <word id="a01-011u-06-04" tag="AT" text="an">
        <cmp x="1726" y="1862" width="83" height="24" />
        <cmp x="1812" y="1837" width="71" height="46" />
      </word>
      <word id="a01-011u-06-05" tag="JJ" text="elected">
        <cmp x="1964" y="1850" width="54" height="38" />
        <cmp x="2015" y="1839" width="91" height="50" />
        <cmp x="2110" y="1829" width="123" height="59" />
        <cmp x="2231" y="1841" width="69" height="43" />
      </word>
      <upper-contour>
        <point x="331" y="1760" />
        <point x="2221" y="1760" />
      </upper-contour>
      <lower-contour>
        <point x="329" y="1929" />
        <point x="2269" y="1929" />
      </lower-contour>
    </line>
    <line ass="720" asx="0" asy="2019" character-width="999" dss="720" dsx="0" dsy="2124" fd0="12870" fd1="3063" fd2="160" filter-width="5" id="a01-011u-07" lbs="914" lbx="0" lby="2091" segmentation="ok" slant="107000" stroke-width="7509" threshold="168" text="majority in Northern Rhodesia, but the" ubs="331" ubx="0" uby="2048">
      <word id="a01-011u-07-00" tag="NN" text="majority">
        <cmp x="331" y="2052" width="70" height="26" />
        <cmp x="406" y="2048" width="85" height="70" />
        <cmp x="459" y="2014" width="8" height="12" />
        <cmp x="482" y="2054" width="105" height="33" />
        <cmp x="567" y="2016" width="13" height="14" />
        <cmp x="598" y="2017" width="91" height="92" />
      </word>
      <word id="a01-011u-07-01" tag="IN" text="in">
        <cmp x="771" y="2019" width="11" height="12" />
        <cmp x="780" y="2054" width="69" height="26" />
      </word>
      <word id="a01-011u-07-02" tag="NP" text="Northern">
        <cmp x="927" y="2018" width="119" height="63" />
        <cmp x="1055" y="2043" width="32" height="29" />
        <cmp x="1101" y="2018" width="149" height="55" />
        <cmp x="1250" y="2044" width="41" height="26" />
      </word>
      <word id="a01-011u-07-03" tag="NP" text="Rhodesia">
        <cmp x="1348" y="2007" width="81" height="60" />
        <cmp x="1381" y="2026" width="13" height="41" />
        <cmp x="1447" y="2021" width="53" height="43" />
        <cmp x="1500" y="2031" width="42" height="34" />
        <cmp x="1544" y="2020" width="136" height="44" />
        <cmp x="1688" y="2038" width="22" height="25" />
        <cmp x="1698" y="2007" width="9" height="12" />
        <cmp x="1718" y="2039" width="48" height="30" />
      </word>
      <word id="a01-011u-07-04" tag="," text=",">
        <cmp x="1793" y="2060" width="16" height="30" />
      </word>
      <word id="a01-011u-07-05" tag="CC" text="but">
        <cmp x="1878" y="2019" width="47" height="52" />
        <cmp x="1929" y="2010" width="102" height="52" />
      </word>
      <word id="a01-011u-07-06" tag="ATI" text="the">
        <cmp x="2107" y="2010" width="161" height="58" />
      </word>
      <upper-contour>
        <point x="329" y="1929" />
        <point x="2269" y="1929" />
      </upper-contour>
      <lower-contour>
        <point x="355" y="2117" />
        <point x="2269" y="2117" />
      </lower-contour>
    </line>
    <line ass="222" asx="0" asy="2198" character-width="999" dss="222" dsx="0" dsy="2284" fd0="13137" fd1="3426" fd2="213" filter-width="5" id="a01-011u-08" lbs="157" lbx="0" lby="2254" segmentation="ok" slant="105000" stroke-width="7446" threshold="166" text="Colonial Secretary, Mr. Iain Macleod," ubs="352" ubx="0" uby="2232">
      <word id="a01-011u-08-00" tag="JJ" text="Colonial">
        <cmp x="357" y="2207" width="42" height="56" />
        <cmp x="404" y="2229" width="40" height="30" />
        <cmp x="447" y="2209" width="182" height="48" />
        <cmp x="592" y="2195" width="11" height="13" />
        <cmp x="625" y="2224" width="74" height="31" />
        <cmp x="687" y="2208" width="32" height="44" />
      </word>
      <word id="a01-011u-08-01" tag="NPT" text="Secretary">
        <cmp x="839" y="2202" width="46" height="52" />
        <cmp x="894" y="2221" width="55" height="32" />
        <cmp x="953" y="2223" width="51" height="30" />
        <cmp x="999" y="2220" width="30" height="30" />
        <cmp x="1040" y="2217" width="58" height="35" />
        <cmp x="1080" y="2194" width="50" height="49" />
        <cmp x="1138" y="2218" width="79" height="34" />
        <cmp x="1229" y="2220" width="59" height="56" />
      </word>
      <word id="a01-011u-08-02" tag="," text=",">
        <cmp x="1317" y="2239" width="16" height="38" />
      </word>
      <word id="a01-011u-08-03" tag="NPT" text="Mr.">
        <cmp x="1428" y="2198" width="67" height="51" />
        <cmp x="1500" y="2219" width="44" height="32" />
        <cmp x="1570" y="2243" width="8" height="9" />
      </word>
      <word id="a01-011u-08-04" tag="NP" text="Iain">
        <cmp x="1646" y="2193" width="19" height="50" />
        <cmp x="1674" y="2217" width="131" height="38" />
        <cmp x="1737" y="2197" width="11" height="13" />
      </word>
      <word id="a01-011u-08-05" tag="NP" text="Macleod">
        <cmp x="1917" y="2193" width="66" height="62" />
        <cmp x="1984" y="2216" width="52" height="35" />
        <cmp x="2038" y="2218" width="46" height="37" />
        <cmp x="2110" y="2193" width="104" height="59" />
        <cmp x="2218" y="2195" width="66" height="51" />
      </word>
      <word id="a01-011u-08-06" tag="," text=",">
        <cmp x="2300" y="2242" width="13" height="33" />
      </word>
      <upper-contour>
        <point x="355" y="2117" />
        <point x="2269" y="2117" />
      </upper-contour>
      <lower-contour>
        <point x="368" y="2277" />
        <point x="2133" y="2277" />
      </lower-contour>
    </line>
    <line ass="464" asx="0" asy="2361" character-width="999" dss="464" dsx="0" dsy="2476" fd0="12992" fd1="3276" fd2="222" filter-width="5" id="a01-011u-09" lbs="517" lbx="0" lby="2443" segmentation="ok" slant="108000" stroke-width="7383" threshold="167" text="is insisting on a policy of change." ubs="358" ubx="0" uby="2411">
      <word id="a01-011u-09-00" tag="BEZ" text="is">
        <cmp x="370" y="2406" width="55" height="34" />
        <cmp x="376" y="2365" width="8" height="14" />
      </word>
      <word id="a01-011u-09-01" tag="VBG" text="insisting">
        <cmp x="534" y="2402" width="72" height="39" />
        <cmp x="544" y="2364" width="11" height="19" />
        <cmp x="618" y="2409" width="33" height="32" />
        <cmp x="650" y="2357" width="9" height="14" />
        <cmp x="661" y="2387" width="67" height="46" />
        <cmp x="736" y="2371" width="54" height="56" />
        <cmp x="770" y="2373" width="14" height="16" />
        <cmp x="805" y="2407" width="42" height="24" />
        <cmp x="859" y="2397" width="46" height="62" />
      </word>
      <word id="a01-011u-09-02" tag="IN" text="on">
        <cmp x="984" y="2402" width="87" height="34" />
      </word>
      <word id="a01-011u-09-03" tag="AT" text="a">
        <cmp x="1138" y="2400" width="54" height="30" />
      </word>
      <word id="a01-011u-09-04" tag="NN" text="policy">
        <cmp x="1305" y="2399" width="41" height="46" />
        <cmp x="1347" y="2399" width="47" height="33" />
        <cmp x="1395" y="2383" width="160" height="80" />
        <cmp x="1429" y="2372" width="10" height="11" />
      </word>
      <word id="a01-011u-09-05" tag="INO" text="of">
        <cmp x="1590" y="2393" width="55" height="39" />
        <cmp x="1647" y="2362" width="42" height="70" />
      </word>
      <word id="a01-011u-09-06" tag="NN" text="change">
        <cmp x="1734" y="2379" width="213" height="46" />
        <cmp x="1959" y="2385" width="131" height="59" />
      </word>
      <word id="a01-011u-09-07" tag="." text=".">
        <cmp x="2122" y="2402" width="10" height="9" />
      </word>
      <upper-contour>
        <point x="368" y="2277" />
        <point x="2133" y="2277" />
      </upper-contour>
    </line>
  </handwritten-part>
</form>

