<?xml version="1.0" encoding="ISO-8859-1"?>

<!DOCTYPE form SYSTEM 'http://www.iam.unibe.ch/~fki/iamdb/form-metadata.dtd'>

<form created="2002-01-15" height="3542" id="a01-082u" last-modified="2002-07-17" skew="223" status="final" version="3.0_beta" width="2479" writer-id="000">
  <machine-printed-part>
    <machine-print-line text="This surprising statement was a sharp about-face from his warnings during the Presi-" />
    <machine-print-line text="dential election campaign. He claimed slackness in the Eisenhower Administration had" />
    <machine-print-line text="caused America to lag behind Russia in nuclear development. President Kennedy did" />
    <machine-print-line text="his best to avoid giving Pressmen a direct answer. George Brown*&amp;gt; CHILDREN&apos;*&amp;gt;" />
    <machine-print-line text="TWO men who are poles apart in personality last night dominated Parliament&apos;s" />
    <machine-print-line text="fiercest battle since the 1959 election - Mr. George Brown and Mr. Enoch Pow-" />
    <machine-print-line text="ell, the Health Minister." />
  </machine-printed-part>
  <handwritten-part>
    <line ass="418" asx="0" asy="881" character-width="999" dss="418" dsx="0" dsy="962" fd0="12431" fd1="2862" fd2="129" filter-width="5" id="a01-082u-00" lbs="399" lbx="0" lby="938" segmentation="ok" slant="100000" stroke-width="7290" threshold="170" text="This surprising statement was a sharp about-" ubs="458" ubx="0" uby="915">
      <word id="a01-082u-00-00" sentence-start="yes" tag="DT" text="This">
        <cmp x="371" y="882" width="125" height="48" />
        <cmp x="390" y="894" width="10" height="43" />
        <cmp x="473" y="877" width="10" height="9" />
        <cmp x="495" y="917" width="36" height="22" />
      </word>
      <word id="a01-082u-00-01" tag="JJ" text="surprising">
        <cmp x="616" y="915" width="27" height="22" />
        <cmp x="646" y="912" width="53" height="21" />
        <cmp x="704" y="912" width="34" height="23" />
        <cmp x="747" y="911" width="30" height="44" />
        <cmp x="783" y="913" width="48" height="17" />
        <cmp x="812" y="888" width="13" height="7" />
        <cmp x="848" y="903" width="111" height="32" />
      </word>
      <word id="a01-082u-00-02" tag="NN" text="statement">
        <cmp x="1017" y="911" width="34" height="26" />
        <cmp x="1062" y="884" width="31" height="46" />
        <cmp x="1102" y="887" width="137" height="46" />
        <cmp x="1232" y="874" width="170" height="58" />
      </word>
      <word id="a01-082u-00-03" tag="BEDZ" text="was">
        <cmp x="1464" y="899" width="49" height="35" />
        <cmp x="1521" y="905" width="73" height="28" />
      </word>
      <word id="a01-082u-00-04" tag="AT" text="a">
        <cmp x="1662" y="896" width="41" height="30" />
      </word>
      <word id="a01-082u-00-05" tag="JJ" text="sharp">
        <cmp x="1758" y="897" width="27" height="30" />
        <cmp x="1790" y="880" width="48" height="40" />
        <cmp x="1840" y="892" width="59" height="31" />
        <cmp x="1923" y="891" width="32" height="48" />
      </word>
      <word id="a01-082u-00-06" tag="NN--" text="about-">
        <cmp x="2028" y="874" width="178" height="53" />
        <cmp x="2221" y="902" width="37" height="9" />
      </word>
      <lower-contour>
        <point x="375" y="955" />
        <point x="2007" y="955" />
      </lower-contour>
    </line>
    <line ass="865" asx="0" asy="1066" character-width="999" dss="865" dsx="0" dsy="1157" fd0="12977" fd1="2949" fd2="-73" filter-width="5" id="a01-082u-01" lbs="902" lbx="0" lby="1129" segmentation="ok" slant="98000" stroke-width="7400" threshold="172" text="face from his warnings during the" ubs="790" ubx="0" uby="1103">
      <word id="a01-082u-01-00" tag="-NN" text="face">
        <cmp x="377" y="1067" width="90" height="65" />
        <cmp x="466" y="1089" width="125" height="32" />
      </word>
      <word id="a01-082u-01-01" tag="IN" text="from">
        <cmp x="686" y="1057" width="43" height="67" />
        <cmp x="740" y="1085" width="99" height="33" />
      </word>
      <word id="a01-082u-01-02" tag="PP$" text="his">
        <cmp x="929" y="1075" width="111" height="44" />
        <cmp x="977" y="1070" width="10" height="9" />
      </word>
      <word id="a01-082u-01-03" tag="NNS" text="warnings">
        <cmp x="1161" y="1082" width="61" height="32" />
        <cmp x="1227" y="1081" width="68" height="32" />
        <cmp x="1310" y="1080" width="101" height="25" />
        <cmp x="1354" y="1057" width="10" height="8" />
        <cmp x="1412" y="1083" width="78" height="48" />
      </word>
      <word id="a01-082u-01-04" tag="IN" text="during">
        <cmp x="1582" y="1064" width="180" height="42" />
        <cmp x="1691" y="1043" width="12" height="10" />
        <cmp x="1767" y="1078" width="49" height="53" />
      </word>
      <word id="a01-082u-01-05" tag="ATI" text="the">
        <cmp x="1855" y="1058" width="151" height="49" />
      </word>
      <upper-contour>
        <point x="375" y="955" />
        <point x="2007" y="955" />
      </upper-contour>
      <lower-contour>
        <point x="375" y="1134" />
        <point x="2007" y="1134" />
      </lower-contour>
    </line>
    <line ass="491" asx="0" asy="1236" character-width="999" dss="491" dsx="0" dsy="1329" fd0="13372" fd1="3011" fd2="-146" filter-width="5" id="a01-082u-02" lbs="510" lbx="0" lby="1294" segmentation="ok" slant="101000" stroke-width="7177" threshold="172" text="Presidential election campaign. He claimed" ubs="451" ubx="0" uby="1270">
      <word id="a01-082u-02-00" tag="JJ" text="Presidential">
        <cmp x="342" y="1236" width="59" height="57" />
        <cmp x="405" y="1260" width="134" height="34" />
        <cmp x="514" y="1238" width="17" height="14" />
        <cmp x="545" y="1249" width="167" height="46" />
        <cmp x="704" y="1248" width="14" height="15" />
        <cmp x="721" y="1253" width="71" height="40" />
      </word>
      <word id="a01-082u-02-01" tag="NN" text="election">
        <cmp x="877" y="1256" width="132" height="41" />
        <cmp x="1010" y="1249" width="81" height="44" />
        <cmp x="1075" y="1242" width="11" height="14" />
        <cmp x="1096" y="1262" width="79" height="34" />
      </word>
      <word id="a01-082u-02-02" tag="NN" text="campaign">
        <cmp x="1248" y="1264" width="28" height="29" />
        <cmp x="1279" y="1261" width="83" height="30" />
        <cmp x="1374" y="1260" width="43" height="58" />
        <cmp x="1433" y="1256" width="68" height="28" />
        <cmp x="1476" y="1232" width="10" height="14" />
        <cmp x="1513" y="1255" width="93" height="45" />
      </word>
      <word id="a01-082u-02-03" tag="." text=".">
        <cmp x="1633" y="1277" width="8" height="8" />
      </word>
      <word id="a01-082u-02-04" sentence-start="yes" tag="PP3A" text="He">
        <cmp x="1712" y="1238" width="108" height="40" />
      </word>
      <word id="a01-082u-02-05" tag="VBD" text="claimed">
        <cmp x="1901" y="1248" width="32" height="34" />
        <cmp x="1946" y="1232" width="16" height="43" />
        <cmp x="1966" y="1241" width="221" height="39" />
        <cmp x="2011" y="1220" width="12" height="7" />
      </word>
      <upper-contour>
        <point x="375" y="1134" />
        <point x="2007" y="1134" />
      </upper-contour>
      <lower-contour>
        <point x="340" y="1318" />
        <point x="2188" y="1318" />
      </lower-contour>
    </line>
    <line ass="726" asx="0" asy="1430" character-width="999" dss="726" dsx="0" dsy="1491" fd0="12874" fd1="3084" fd2="124" filter-width="5" id="a01-082u-03" lbs="720" lbx="0" lby="1481" segmentation="ok" slant="106000" stroke-width="7154" threshold="171" text="slackness in the Eisenhower Administration" ubs="738" ubx="0" uby="1459">
      <word id="a01-082u-03-00" tag="NN" text="slackness">
        <cmp x="338" y="1461" width="24" height="26" />
        <cmp x="371" y="1437" width="20" height="47" />
        <cmp x="413" y="1449" width="51" height="29" />
        <cmp x="474" y="1444" width="36" height="31" />
        <cmp x="525" y="1433" width="50" height="39" />
        <cmp x="583" y="1443" width="149" height="33" />
      </word>
      <word id="a01-082u-03-01" tag="IN" text="in">
        <cmp x="811" y="1425" width="12" height="8" />
        <cmp x="814" y="1454" width="72" height="18" />
      </word>
      <word id="a01-082u-03-02" tag="ATI" text="the">
        <cmp x="967" y="1429" width="148" height="43" />
      </word>
      <word id="a01-082u-03-03" tag="NP" text="Eisenhower">
        <cmp x="1215" y="1418" width="184" height="53" />
        <cmp x="1242" y="1438" width="17" height="7" />
        <cmp x="1417" y="1424" width="44" height="40" />
        <cmp x="1460" y="1428" width="171" height="37" />
      </word>
      <word id="a01-082u-03-04" tag="NN" text="Administration">
        <cmp x="1720" y="1418" width="26" height="52" />
        <cmp x="1750" y="1428" width="148" height="33" />
        <cmp x="1866" y="1408" width="16" height="11" />
        <cmp x="1906" y="1433" width="78" height="24" />
        <cmp x="1943" y="1406" width="18" height="9" />
        <cmp x="1993" y="1435" width="30" height="25" />
        <cmp x="2028" y="1408" width="41" height="44" />
        <cmp x="2068" y="1413" width="104" height="42" />
        <cmp x="2164" y="1406" width="11" height="13" />
        <cmp x="2180" y="1427" width="80" height="32" />
      </word>
      <upper-contour>
        <point x="340" y="1318" />
        <point x="2188" y="1318" />
      </upper-contour>
      <lower-contour>
        <point x="342" y="1483" />
        <point x="2262" y="1483" />
      </lower-contour>
    </line>
    <line ass="796" asx="0" asy="1602" character-width="999" dss="796" dsx="0" dsy="1690" fd0="12781" fd1="2799" fd2="-11" filter-width="5" id="a01-082u-04" lbs="846" lbx="0" lby="1660" segmentation="ok" slant="104000" stroke-width="7336" threshold="172" text="had caused America to lag behind Russia" ubs="696" ubx="0" uby="1632">
      <word id="a01-082u-04-00" tag="HVD" text="had">
        <cmp x="344" y="1609" width="90" height="48" />
        <cmp x="429" y="1612" width="72" height="42" />
      </word>
      <word id="a01-082u-04-01" tag="VBN" text="caused">
        <cmp x="587" y="1619" width="33" height="31" />
        <cmp x="624" y="1616" width="251" height="35" />
      </word>
      <word id="a01-082u-04-02" tag="NP" text="America">
        <cmp x="974" y="1603" width="185" height="54" />
        <cmp x="1141" y="1594" width="13" height="11" />
        <cmp x="1179" y="1621" width="34" height="28" />
        <cmp x="1218" y="1620" width="52" height="30" />
      </word>
      <word id="a01-082u-04-03" tag="TO" text="to">
        <cmp x="1326" y="1600" width="71" height="44" />
      </word>
      <word id="a01-082u-04-04" tag="VB" text="lag">
        <cmp x="1430" y="1598" width="22" height="46" />
        <cmp x="1455" y="1616" width="45" height="26" />
        <cmp x="1499" y="1615" width="50" height="54" />
      </word>
      <word id="a01-082u-04-05" tag="IN" text="behind">
        <cmp x="1634" y="1599" width="84" height="47" />
        <cmp x="1714" y="1597" width="118" height="32" />
        <cmp x="1765" y="1577" width="14" height="11" />
        <cmp x="1841" y="1593" width="64" height="35" />
      </word>
      <word id="a01-082u-04-06" tag="NP" text="Russia">
        <cmp x="1979" y="1575" width="221" height="55" />
        <cmp x="2010" y="1594" width="13" height="35" />
        <cmp x="2185" y="1586" width="9" height="10" />
        <cmp x="2213" y="1606" width="51" height="26" />
      </word>
      <upper-contour>
        <point x="342" y="1483" />
        <point x="2262" y="1483" />
      </upper-contour>
      <lower-contour>
        <point x="365" y="1670" />
        <point x="2199" y="1670" />
      </lower-contour>
    </line>
    <line ass="822" asx="0" asy="1786" character-width="999" dss="822" dsx="0" dsy="1859" fd0="12376" fd1="2758" fd2="-219" filter-width="5" id="a01-082u-05" lbs="808" lbx="0" lby="1839" segmentation="ok" slant="101000" stroke-width="7146" threshold="170" text="in nuclear development. President Kennedy" ubs="850" ubx="0" uby="1815">
      <word id="a01-082u-05-00" tag="IN" text="in">
        <cmp x="367" y="1781" width="10" height="10" />
        <cmp x="367" y="1811" width="64" height="19" />
      </word>
      <word id="a01-082u-05-01" tag="JJ" text="nuclear">
        <cmp x="517" y="1807" width="88" height="26" />
        <cmp x="612" y="1802" width="46" height="31" />
        <cmp x="660" y="1789" width="75" height="42" />
        <cmp x="733" y="1798" width="98" height="33" />
      </word>
      <word id="a01-082u-05-02" tag="NN" text="development">
        <cmp x="946" y="1794" width="93" height="37" />
        <cmp x="1039" y="1798" width="33" height="26" />
        <cmp x="1078" y="1792" width="43" height="32" />
        <cmp x="1122" y="1785" width="24" height="42" />
        <cmp x="1147" y="1799" width="36" height="28" />
        <cmp x="1192" y="1797" width="43" height="39" />
        <cmp x="1251" y="1777" width="176" height="47" />
      </word>
      <word id="a01-082u-05-03" tag="." text=".">
        <cmp x="1447" y="1820" width="9" height="8" />
      </word>
      <word id="a01-082u-05-04" sentence-start="yes" tag="NPT" text="President">
        <cmp x="1512" y="1766" width="71" height="51" />
        <cmp x="1587" y="1787" width="124" height="31" />
        <cmp x="1694" y="1766" width="13" height="13" />
        <cmp x="1721" y="1769" width="151" height="47" />
      </word>
      <word id="a01-082u-05-05" tag="NP" text="Kennedy">
        <cmp x="1925" y="1766" width="40" height="42" />
        <cmp x="1948" y="1779" width="161" height="34" />
        <cmp x="2101" y="1770" width="97" height="60" />
      </word>
      <upper-contour>
        <point x="365" y="1670" />
        <point x="2199" y="1670" />
      </upper-contour>
      <lower-contour>
        <point x="371" y="1836" />
        <point x="2161" y="1836" />
      </lower-contour>
    </line>
    <line ass="915" asx="0" asy="1965" character-width="999" dss="915" dsx="0" dsy="2052" fd0="12847" fd1="2934" fd2="67" filter-width="5" id="a01-082u-06" lbs="891" lbx="0" lby="2022" segmentation="ok" slant="116000" stroke-width="7417" threshold="169" text="did his best to avoid giving Pressmen" ubs="963" ubx="0" uby="1997">
      <word id="a01-082u-06-00" tag="DOD" text="did">
        <cmp x="373" y="1987" width="79" height="40" />
        <cmp x="426" y="1975" width="9" height="11" />
        <cmp x="453" y="1980" width="68" height="42" />
      </word>
      <word id="a01-082u-06-01" tag="PP$" text="his">
        <cmp x="578" y="1971" width="121" height="44" />
        <cmp x="646" y="1962" width="9" height="11" />
      </word>
      <word id="a01-082u-06-02" tag="JJT" text="best">
        <cmp x="794" y="1967" width="112" height="48" />
        <cmp x="911" y="1962" width="33" height="45" />
      </word>
      <word id="a01-082u-06-03" tag="TO" text="to">
        <cmp x="1013" y="1970" width="72" height="39" />
      </word>
      <word id="a01-082u-06-04" tag="VB" text="avoid">
        <cmp x="1128" y="1972" width="87" height="36" />
        <cmp x="1222" y="1975" width="72" height="29" />
        <cmp x="1282" y="1953" width="9" height="11" />
        <cmp x="1305" y="1979" width="43" height="22" />
        <cmp x="1335" y="1964" width="41" height="38" />
      </word>
      <word id="a01-082u-06-05" tag="VBG" text="giving">
        <cmp x="1462" y="1974" width="69" height="51" />
        <cmp x="1505" y="1947" width="14" height="14" />
        <cmp x="1539" y="1969" width="39" height="34" />
        <cmp x="1582" y="1975" width="79" height="19" />
        <cmp x="1589" y="1940" width="13" height="12" />
        <cmp x="1661" y="1969" width="55" height="58" />
      </word>
      <word id="a01-082u-06-06" tag="NNS" text="Pressmen">
        <cmp x="1745" y="1939" width="77" height="55" />
        <cmp x="1826" y="1956" width="139" height="31" />
        <cmp x="1987" y="1963" width="70" height="17" />
        <cmp x="2059" y="1952" width="101" height="39" />
      </word>
      <upper-contour>
        <point x="371" y="1836" />
        <point x="2161" y="1836" />
      </upper-contour>
      <lower-contour>
        <point x="374" y="2028" />
        <point x="1921" y="2028" />
      </lower-contour>
    </line>
    <line ass="388" asx="0" asy="2131" character-width="999" dss="388" dsx="0" dsy="2216" fd0="12601" fd1="2827" fd2="-220" filter-width="5" id="a01-082u-07" lbs="436" lbx="0" lby="2193" segmentation="ok" slant="95000" stroke-width="7336" threshold="170" text="a direct answer. George Brown" ubs="292" ubx="0" uby="2165">
      <word id="a01-082u-07-00" tag="AT" text="a">
        <cmp x="376" y="2158" width="58" height="29" />
      </word>
      <word id="a01-082u-07-01" tag="JJ" text="direct">
        <cmp x="484" y="2154" width="100" height="37" />
        <cmp x="546" y="2135" width="16" height="15" />
        <cmp x="597" y="2158" width="85" height="33" />
        <cmp x="679" y="2163" width="39" height="31" />
        <cmp x="720" y="2137" width="37" height="58" />
      </word>
      <word id="a01-082u-07-02" tag="NN" text="answer">
        <cmp x="870" y="2163" width="112" height="32" />
        <cmp x="979" y="2156" width="57" height="32" />
        <cmp x="1038" y="2155" width="72" height="37" />
      </word>
      <word id="a01-082u-07-03" tag="." text=".">
        <cmp x="1158" y="2181" width="13" height="8" />
      </word>
      <word id="a01-082u-07-04" tag="NP" text="George">
        <cmp x="1303" y="2129" width="47" height="51" />
        <cmp x="1365" y="2146" width="49" height="37" />
        <cmp x="1413" y="2155" width="75" height="28" />
        <cmp x="1496" y="2151" width="114" height="56" />
      </word>
      <word id="a01-082u-07-05" tag="NP" text="Brown">
        <cmp x="1655" y="2120" width="86" height="64" />
        <cmp x="1748" y="2149" width="130" height="32" />
        <cmp x="1880" y="2157" width="40" height="21" />
      </word>
      <upper-contour>
        <point x="374" y="2028" />
        <point x="1921" y="2028" />
      </upper-contour>
      <lower-contour>
        <point x="374" y="2208" />
        <point x="1921" y="2208" />
      </lower-contour>
    </line>
    <line ass="567" asx="0" asy="2320" character-width="999" dss="567" dsx="0" dsy="2383" fd0="12294" fd1="2938" fd2="-38" filter-width="5" id="a01-082u-08" lbs="614" lbx="0" lby="2374" segmentation="ok" slant="90000" stroke-width="7182" threshold="167" text="CHILDREN TWO men who are poles apart" ubs="472" ubx="0" uby="2346">
      <word id="a01-082u-08-00" sentence-start="yes" tag="NNS" text="CHILDREN">
        <cmp x="361" y="2328" width="41" height="50" />
        <cmp x="411" y="2332" width="55" height="41" />
        <cmp x="475" y="2338" width="15" height="33" />
        <cmp x="514" y="2331" width="27" height="37" />
        <cmp x="539" y="2313" width="52" height="51" />
        <cmp x="595" y="2316" width="33" height="54" />
        <cmp x="643" y="2326" width="36" height="43" />
        <cmp x="691" y="2323" width="47" height="40" />
      </word>
      <word id="a01-082u-08-01" tag="CD" text="TWO">
        <cmp x="828" y="2319" width="57" height="14" />
        <cmp x="853" y="2329" width="13" height="43" />
        <cmp x="898" y="2329" width="49" height="38" />
        <cmp x="953" y="2328" width="44" height="34" />
      </word>
      <word id="a01-082u-08-02" tag="NNS" text="men">
        <cmp x="1113" y="2337" width="112" height="27" />
        <cmp x="1226" y="2340" width="40" height="21" />
      </word>
      <word id="a01-082u-08-03" tag="WP" text="who">
        <cmp x="1356" y="2332" width="61" height="29" />
        <cmp x="1419" y="2314" width="76" height="48" />
      </word>
      <word id="a01-082u-08-04" tag="BER" text="are">
        <cmp x="1556" y="2320" width="121" height="35" />
      </word>
      <word id="a01-082u-08-05" tag="NNS" text="poles">
        <cmp x="1739" y="2322" width="71" height="40" />
        <cmp x="1820" y="2310" width="101" height="42" />
      </word>
      <word id="a01-082u-08-06" tag="RP" text="apart">
        <cmp x="1997" y="2333" width="50" height="27" />
        <cmp x="2055" y="2324" width="109" height="39" />
        <cmp x="2171" y="2310" width="29" height="43" />
      </word>
      <upper-contour>
        <point x="374" y="2208" />
        <point x="1921" y="2208" />
      </upper-contour>
      <lower-contour>
        <point x="362" y="2377" />
        <point x="1976" y="2377" />
      </lower-contour>
    </line>
    <line ass="876" asx="0" asy="2495" character-width="999" dss="876" dsx="0" dsy="2586" fd0="12700" fd1="2884" fd2="311" filter-width="5" id="a01-082u-09" lbs="891" lbx="0" lby="2558" segmentation="ok" slant="106000" stroke-width="7528" threshold="170" text="in personality last night dominated" ubs="847" ubx="0" uby="2534">
      <word id="a01-082u-09-00" tag="IN" text="in">
        <cmp x="364" y="2499" width="12" height="10" />
        <cmp x="366" y="2535" width="63" height="22" />
      </word>
      <word id="a01-082u-09-01" tag="NN" text="personality">
        <cmp x="508" y="2518" width="143" height="48" />
        <cmp x="658" y="2517" width="78" height="28" />
        <cmp x="746" y="2514" width="54" height="29" />
        <cmp x="804" y="2499" width="55" height="38" />
        <cmp x="833" y="2483" width="15" height="14" />
        <cmp x="869" y="2493" width="102" height="69" />
      </word>
      <word id="a01-082u-09-02" tag="AP" text="last">
        <cmp x="1048" y="2508" width="23" height="44" />
        <cmp x="1079" y="2520" width="82" height="33" />
        <cmp x="1161" y="2501" width="35" height="40" />
      </word>
      <word id="a01-082u-09-03" tag="NN" text="night">
        <cmp x="1290" y="2522" width="67" height="21" />
        <cmp x="1335" y="2492" width="13" height="14" />
        <cmp x="1361" y="2516" width="35" height="50" />
        <cmp x="1401" y="2494" width="69" height="48" />
      </word>
      <word id="a01-082u-09-04" tag="VBD" text="dominated">
        <cmp x="1565" y="2500" width="44" height="37" />
        <cmp x="1614" y="2509" width="95" height="25" />
        <cmp x="1707" y="2477" width="16" height="13" />
        <cmp x="1717" y="2515" width="11" height="17" />
        <cmp x="1752" y="2510" width="43" height="24" />
        <cmp x="1795" y="2486" width="179" height="47" />
      </word>
      <upper-contour>
        <point x="362" y="2377" />
        <point x="1976" y="2377" />
      </upper-contour>
    </line>
  </handwritten-part>
</form>

