<?xml version="1.0" encoding="ISO-8859-1"?>

<!DOCTYPE form SYSTEM 'http://www.iam.unibe.ch/~fki/iamdb/form-metadata.dtd'>

<form created="2002-01-15" height="3542" id="a01-107u" last-modified="2002-07-17" skew="255" status="final" version="3.0_beta" width="2479" writer-id="000">
  <machine-printed-part>
    <machine-print-line text="&amp;quot;We believe that a comprehensive medical service, free to the patient at the point of" />
    <machine-print-line text="need and with one standard for all sick people, is good and attainable. &amp;quot;We remain" />
    <machine-print-line text="for it. But the Tories never were.&amp;quot; Interrupted by angry Tories, Mr. Brown retorted:" />
    <machine-print-line text="&amp;quot;The jackals bay when there is nothing better they can do.&amp;quot;" />
  </machine-printed-part>
  <handwritten-part>
    <line ass="848" asx="0" asy="749" character-width="999" dss="848" dsx="0" dsy="818" fd0="12855" fd1="2930" fd2="119" filter-width="4" id="a01-107u-00" lbs="873" lbx="0" lby="796" segmentation="ok" slant="108000" stroke-width="7133" threshold="174" text="&amp;quot;We believe that a comprehensive medical" ubs="799" ubx="0" uby="772">
      <word id="a01-107u-00-00" sentence-start="yes" tag="*&apos;" text="&quot;">
        <cmp x="329" y="791" width="23" height="20" />
      </word>
      <word id="a01-107u-00-01" tag="PP1AS" text="We">
        <cmp x="376" y="745" width="78" height="42" />
        <cmp x="455" y="756" width="71" height="33" />
      </word>
      <word id="a01-107u-00-02" tag="VB" text="believe">
        <cmp x="582" y="748" width="117" height="47" />
        <cmp x="703" y="753" width="100" height="36" />
        <cmp x="714" y="740" width="9" height="10" />
        <cmp x="813" y="755" width="93" height="34" />
      </word>
      <word id="a01-107u-00-03" tag="CS" text="that">
        <cmp x="980" y="742" width="91" height="40" />
        <cmp x="1071" y="742" width="83" height="38" />
      </word>
      <word id="a01-107u-00-04" tag="AT" text="a">
        <cmp x="1223" y="753" width="55" height="26" />
      </word>
      <word id="a01-107u-00-05" tag="JJ" text="comprehensive">
        <cmp x="1365" y="745" width="36" height="30" />
        <cmp x="1403" y="748" width="94" height="25" />
        <cmp x="1509" y="751" width="40" height="36" />
        <cmp x="1553" y="750" width="75" height="24" />
        <cmp x="1630" y="733" width="108" height="39" />
        <cmp x="1752" y="751" width="61" height="20" />
        <cmp x="1789" y="723" width="14" height="14" />
        <cmp x="1817" y="736" width="95" height="34" />
      </word>
      <word id="a01-107u-00-06" tag="JJ" text="medical">
        <cmp x="1971" y="735" width="175" height="32" />
        <cmp x="2119" y="721" width="18" height="16" />
        <cmp x="2146" y="741" width="82" height="26" />
        <cmp x="2225" y="725" width="24" height="41" />
      </word>
      <lower-contour>
        <point x="342" y="810" />
        <point x="2213" y="810" />
      </lower-contour>
    </line>
    <line ass="589" asx="0" asy="917" character-width="999" dss="589" dsx="0" dsy="1005" fd0="11633" fd1="2657" fd2="411" filter-width="5" id="a01-107u-01" lbs="616" lbx="0" lby="968" segmentation="err" slant="99000" stroke-width="7488" threshold="173" text="service, free to the patient at the point" ubs="535" ubx="0" uby="943">
      <word id="a01-107u-01-00" tag="NN" text="service">
        <cmp x="344" y="941" width="101" height="29" />
        <cmp x="453" y="938" width="37" height="29" />
        <cmp x="497" y="915" width="9" height="15" />
        <cmp x="499" y="937" width="20" height="26" />
        <cmp x="528" y="934" width="117" height="32" />
      </word>
      <word id="a01-107u-01-01" tag="," text=",">
        <cmp x="683" y="969" width="13" height="28" />
      </word>
      <word id="a01-107u-01-02" tag="JJ" text="free">
        <cmp x="786" y="908" width="150" height="63" />
      </word>
      <word id="a01-107u-01-03" tag="IN" text="to">
        <cmp x="1023" y="912" width="75" height="41" />
      </word>
      <word id="a01-107u-01-04" tag="ATI" text="the">
        <cmp x="1146" y="909" width="156" height="46" />
      </word>
      <word id="a01-107u-01-05" tag="NN" text="patient">
        <cmp x="1381" y="915" width="129" height="52" />
        <cmp x="1493" y="902" width="9" height="8" />
        <cmp x="1527" y="911" width="121" height="43" />
      </word>
      <word id="a01-107u-01-06" tag="IN" text="at">
        <cmp x="1727" y="902" width="81" height="45" />
      </word>
      <word id="a01-107u-01-07" tag="ATI" text="the">
        <cmp x="1847" y="902" width="131" height="52" />
      </word>
      <word id="a01-107u-01-08" tag="NN" text="point">
        <cmp x="2029" y="922" width="40" height="43" />
        <cmp x="2075" y="921" width="57" height="29" />
        <cmp x="2143" y="909" width="69" height="43" />
      </word>
      <upper-contour>
        <point x="342" y="810" />
        <point x="2213" y="810" />
      </upper-contour>
      <lower-contour>
        <point x="364" y="996" />
        <point x="2178" y="996" />
      </lower-contour>
    </line>
    <line ass="704" asx="0" asy="1094" character-width="999" dss="704" dsx="0" dsy="1159" fd0="12530" fd1="3529" fd2="569" filter-width="5" id="a01-107u-02" lbs="693" lbx="0" lby="1149" segmentation="ok" slant="101000" stroke-width="7237" threshold="174" text="of need and with one standard for all" ubs="727" ubx="0" uby="1128">
      <word id="a01-107u-02-00" tag="INO" text="of">
        <cmp x="366" y="1120" width="34" height="30" />
        <cmp x="413" y="1089" width="42" height="59" />
      </word>
      <word id="a01-107u-02-01" tag="NN" text="need">
        <cmp x="508" y="1105" width="208" height="36" />
      </word>
      <word id="a01-107u-02-02" tag="CC" text="and">
        <cmp x="818" y="1119" width="102" height="22" />
        <cmp x="928" y="1105" width="69" height="34" />
      </word>
      <word id="a01-107u-02-03" tag="IN" text="with">
        <cmp x="1100" y="1114" width="62" height="27" />
        <cmp x="1159" y="1089" width="13" height="14" />
        <cmp x="1177" y="1119" width="13" height="19" />
        <cmp x="1208" y="1093" width="49" height="42" />
      </word>
      <word id="a01-107u-02-04" tag="CD1" text="one">
        <cmp x="1335" y="1106" width="137" height="32" />
      </word>
      <word id="a01-107u-02-05" tag="NN" text="standard">
        <cmp x="1516" y="1110" width="31" height="24" />
        <cmp x="1554" y="1087" width="32" height="41" />
        <cmp x="1594" y="1111" width="64" height="20" />
        <cmp x="1668" y="1098" width="44" height="31" />
        <cmp x="1714" y="1108" width="66" height="27" />
        <cmp x="1783" y="1093" width="65" height="34" />
      </word>
      <word id="a01-107u-02-06" tag="IN" text="for">
        <cmp x="1918" y="1083" width="30" height="53" />
        <cmp x="1954" y="1103" width="90" height="26" />
      </word>
      <word id="a01-107u-02-07" tag="ABN" text="all">
        <cmp x="2088" y="1094" width="56" height="27" />
        <cmp x="2137" y="1083" width="40" height="35" />
      </word>
      <upper-contour>
        <point x="364" y="996" />
        <point x="2178" y="996" />
      </upper-contour>
      <lower-contour>
        <point x="364" y="1149" />
        <point x="2120" y="1149" />
      </lower-contour>
    </line>
    <line ass="791" asx="0" asy="1279" character-width="999" dss="791" dsx="0" dsy="1356" fd0="12452" fd1="3396" fd2="734" filter-width="5" id="a01-107u-03" lbs="771" lbx="0" lby="1333" segmentation="ok" slant="114000" stroke-width="7335" threshold="174" text="sick people, is good and attainable." ubs="833" ubx="0" uby="1312">
      <word id="a01-107u-03-00" tag="JJ" text="sick">
        <cmp x="351" y="1311" width="58" height="21" />
        <cmp x="390" y="1282" width="9" height="14" />
        <cmp x="415" y="1302" width="40" height="23" />
        <cmp x="460" y="1287" width="48" height="42" />
      </word>
      <word id="a01-107u-03-01" tag="NNS" text="people">
        <cmp x="575" y="1294" width="87" height="41" />
        <cmp x="664" y="1297" width="34" height="27" />
        <cmp x="713" y="1298" width="35" height="34" />
        <cmp x="750" y="1290" width="103" height="35" />
      </word>
      <word id="a01-107u-03-02" tag="," text=",">
        <cmp x="898" y="1316" width="12" height="28" />
      </word>
      <word id="a01-107u-03-03" tag="BEZ" text="is">
        <cmp x="1005" y="1266" width="12" height="12" />
        <cmp x="1009" y="1298" width="44" height="21" />
      </word>
      <word id="a01-107u-03-04" tag="JJ" text="good">
        <cmp x="1120" y="1292" width="60" height="45" />
        <cmp x="1180" y="1288" width="31" height="26" />
        <cmp x="1212" y="1288" width="35" height="24" />
        <cmp x="1254" y="1278" width="66" height="35" />
      </word>
      <word id="a01-107u-03-05" tag="CC" text="and">
        <cmp x="1385" y="1295" width="100" height="24" />
        <cmp x="1493" y="1275" width="57" height="36" />
      </word>
      <word id="a01-107u-03-06" tag="JJ" text="attainable">
        <cmp x="1618" y="1266" width="114" height="46" />
        <cmp x="1737" y="1285" width="79" height="31" />
        <cmp x="1785" y="1267" width="11" height="10" />
        <cmp x="1830" y="1293" width="50" height="22" />
        <cmp x="1894" y="1266" width="89" height="46" />
        <cmp x="1995" y="1272" width="85" height="35" />
      </word>
      <word id="a01-107u-03-07" tag="." text=".">
        <cmp x="2110" y="1301" width="9" height="8" />
      </word>
      <upper-contour>
        <point x="364" y="1149" />
        <point x="2120" y="1149" />
      </upper-contour>
      <lower-contour>
        <point x="352" y="1343" />
        <point x="2120" y="1343" />
      </lower-contour>
    </line>
    <line ass="828" asx="0" asy="1453" character-width="999" dss="828" dsx="0" dsy="1522" fd0="12454" fd1="3369" fd2="886" filter-width="4" id="a01-107u-04" lbs="801" lbx="0" lby="1509" segmentation="ok" slant="101000" stroke-width="7032" threshold="175" text="&amp;quot;We remain for it. But the Tories" ubs="882" ubx="0" uby="1492">
      <word id="a01-107u-04-00" sentence-start="yes" tag="*&apos;" text="&quot;">
        <cmp x="354" y="1498" width="16" height="17" />
      </word>
      <word id="a01-107u-04-01" tag="PP1AS" text="We">
        <cmp x="438" y="1470" width="59" height="36" />
        <cmp x="513" y="1477" width="61" height="31" />
      </word>
      <word id="a01-107u-04-02" tag="VB" text="remain">
        <cmp x="648" y="1469" width="87" height="31" />
        <cmp x="740" y="1476" width="73" height="22" />
        <cmp x="812" y="1475" width="135" height="24" />
        <cmp x="865" y="1455" width="10" height="10" />
      </word>
      <word id="a01-107u-04-03" tag="IN" text="for">
        <cmp x="1040" y="1440" width="30" height="63" />
        <cmp x="1080" y="1470" width="110" height="26" />
      </word>
      <word id="a01-107u-04-04" tag="PP3" text="it">
        <cmp x="1244" y="1438" width="12" height="14" />
        <cmp x="1257" y="1471" width="25" height="20" />
        <cmp x="1286" y="1451" width="38" height="42" />
      </word>
      <word id="a01-107u-04-05" tag="." text=".">
        <cmp x="1345" y="1491" width="9" height="9" />
      </word>
      <word id="a01-107u-04-06" sentence-start="yes" tag="CC" text="But">
        <cmp x="1382" y="1437" width="94" height="54" />
        <cmp x="1491" y="1443" width="83" height="45" />
      </word>
      <word id="a01-107u-04-07" tag="ATI" text="the">
        <cmp x="1658" y="1443" width="172" height="48" />
      </word>
      <word id="a01-107u-04-08" tag="NNS" text="Tories">
        <cmp x="1869" y="1426" width="71" height="13" />
        <cmp x="1914" y="1444" width="16" height="32" />
        <cmp x="1942" y="1457" width="75" height="25" />
        <cmp x="2017" y="1431" width="15" height="9" />
        <cmp x="2027" y="1455" width="66" height="33" />
        <cmp x="2106" y="1462" width="31" height="25" />
      </word>
      <upper-contour>
        <point x="352" y="1343" />
        <point x="2120" y="1343" />
      </upper-contour>
      <lower-contour>
        <point x="352" y="1514" />
        <point x="2138" y="1514" />
      </lower-contour>
    </line>
    <line ass="534" asx="0" asy="1624" character-width="999" dss="534" dsx="0" dsy="1718" fd0="13287" fd1="3080" fd2="38" filter-width="4" id="a01-107u-05" lbs="489" lbx="0" lby="1689" segmentation="ok" slant="103000" stroke-width="7098" threshold="176" text="never were.&amp;quot; Interrupted by angry Tories," ubs="625" ubx="0" uby="1668">
      <word id="a01-107u-05-00" tag="RB" text="never">
        <cmp x="346" y="1663" width="78" height="32" />
        <cmp x="427" y="1654" width="126" height="37" />
      </word>
      <word id="a01-107u-05-01" tag="BED" text="were">
        <cmp x="622" y="1651" width="129" height="35" />
        <cmp x="763" y="1653" width="70" height="33" />
      </word>
      <word id="a01-107u-05-02" tag="." text=".">
        <cmp x="865" y="1678" width="12" height="8" />
      </word>
      <word id="a01-107u-05-03" tag="**&apos;" text="&quot;">
        <cmp x="915" y="1624" width="23" height="23" />
      </word>
      <word id="a01-107u-05-04" sentence-start="yes" tag="VBN" text="Interrupted">
        <cmp x="1040" y="1629" width="177" height="50" />
        <cmp x="1229" y="1648" width="36" height="27" />
        <cmp x="1275" y="1651" width="47" height="25" />
        <cmp x="1330" y="1648" width="36" height="32" />
        <cmp x="1367" y="1633" width="148" height="43" />
      </word>
      <word id="a01-107u-05-05" tag="IN" text="by">
        <cmp x="1565" y="1630" width="49" height="47" />
        <cmp x="1617" y="1651" width="79" height="53" />
      </word>
      <word id="a01-107u-05-06" tag="JJ" text="angry">
        <cmp x="1750" y="1638" width="85" height="32" />
        <cmp x="1848" y="1643" width="44" height="49" />
        <cmp x="1895" y="1645" width="28" height="23" />
        <cmp x="1931" y="1645" width="54" height="45" />
      </word>
      <word id="a01-107u-05-07" tag="NNS" text="Tories">
        <cmp x="2013" y="1612" width="81" height="58" />
        <cmp x="2086" y="1633" width="85" height="35" />
        <cmp x="2179" y="1631" width="114" height="36" />
        <cmp x="2190" y="1605" width="9" height="7" />
      </word>
      <word id="a01-107u-05-08" tag="," text=",">
        <cmp x="2318" y="1659" width="12" height="30" />
      </word>
      <upper-contour>
        <point x="352" y="1514" />
        <point x="2138" y="1514" />
      </upper-contour>
      <lower-contour>
        <point x="375" y="1705" />
        <point x="2156" y="1705" />
      </lower-contour>
    </line>
    <line ass="712" asx="0" asy="1810" character-width="999" dss="712" dsx="0" dsy="1896" fd0="12749" fd1="2917" fd2="185" filter-width="5" id="a01-107u-06" lbs="710" lbx="0" lby="1870" segmentation="ok" slant="90000" stroke-width="7245" threshold="175" text="Mr. Brown retorted: &amp;quot;The jackals bay" ubs="715" ubx="0" uby="1845">
      <word id="a01-107u-06-00" tag="NPT" text="Mr.">
        <cmp x="377" y="1818" width="102" height="54" />
        <cmp x="500" y="1856" width="8" height="12" />
      </word>
      <word id="a01-107u-06-01" tag="NP" text="Brown">
        <cmp x="574" y="1802" width="91" height="66" />
        <cmp x="674" y="1838" width="19" height="22" />
        <cmp x="706" y="1833" width="106" height="36" />
        <cmp x="832" y="1840" width="36" height="27" />
      </word>
      <word id="a01-107u-06-02" tag="VBD" text="retorted">
        <cmp x="956" y="1832" width="95" height="30" />
        <cmp x="1039" y="1806" width="40" height="44" />
        <cmp x="1086" y="1828" width="30" height="29" />
        <cmp x="1133" y="1807" width="180" height="46" />
      </word>
      <word id="a01-107u-06-03" tag=":" text=":">
        <cmp x="1333" y="1824" width="9" height="11" />
        <cmp x="1333" y="1840" width="9" height="9" />
      </word>
      <word id="a01-107u-06-04" sentence-start="yes" tag="*&apos;" text="&quot;">
        <cmp x="1391" y="1847" width="28" height="32" />
      </word>
      <word id="a01-107u-06-05" tag="ATI" text="The">
        <cmp x="1437" y="1801" width="168" height="51" />
      </word>
      <word id="a01-107u-06-06" tag="NNS" text="jackals">
        <cmp x="1637" y="1824" width="49" height="46" />
        <cmp x="1662" y="1804" width="8" height="13" />
        <cmp x="1689" y="1826" width="46" height="24" />
        <cmp x="1737" y="1806" width="76" height="47" />
        <cmp x="1827" y="1796" width="106" height="57" />
      </word>
      <word id="a01-107u-06-07" tag="VB" text="bay">
        <cmp x="1998" y="1797" width="40" height="52" />
        <cmp x="2044" y="1817" width="111" height="51" />
      </word>
      <upper-contour>
        <point x="375" y="1705" />
        <point x="2156" y="1705" />
      </upper-contour>
      <lower-contour>
        <point x="375" y="1879" />
        <point x="2156" y="1879" />
      </lower-contour>
    </line>
    <line ass="859" asx="0" asy="1993" character-width="999" dss="859" dsx="0" dsy="2079" fd0="13403" fd1="3021" fd2="481" filter-width="5" id="a01-107u-07" lbs="916" lbx="0" lby="2052" segmentation="ok" slant="104000" stroke-width="7143" threshold="177" text="when there is nothing better they can do.&amp;quot;" ubs="744" ubx="0" uby="2024">
      <word id="a01-107u-07-00" tag="WRB" text="when">
        <cmp x="366" y="2014" width="49" height="36" />
        <cmp x="429" y="2000" width="120" height="55" />
      </word>
      <word id="a01-107u-07-01" tag="EX" text="there">
        <cmp x="634" y="1994" width="196" height="52" />
      </word>
      <word id="a01-107u-07-02" tag="BEZ" text="is">
        <cmp x="903" y="1987" width="10" height="9" />
        <cmp x="909" y="2013" width="58" height="23" />
      </word>
      <word id="a01-107u-07-03" tag="PN" text="nothing">
        <cmp x="1063" y="2007" width="50" height="26" />
        <cmp x="1114" y="2006" width="29" height="28" />
        <cmp x="1149" y="1981" width="149" height="45" />
        <cmp x="1235" y="1982" width="11" height="11" />
        <cmp x="1314" y="2007" width="51" height="50" />
      </word>
      <word id="a01-107u-07-04" tag="JJR" text="better">
        <cmp x="1436" y="1981" width="44" height="48" />
        <cmp x="1482" y="1982" width="185" height="48" />
      </word>
      <word id="a01-107u-07-05" tag="PP3AS" text="they">
        <cmp x="1721" y="1982" width="31" height="42" />
        <cmp x="1750" y="1990" width="140" height="63" />
      </word>
      <word id="a01-107u-07-06" tag="MD" text="can">
        <cmp x="1942" y="1993" width="33" height="31" />
        <cmp x="1975" y="1995" width="100" height="24" />
      </word>
      <word id="a01-107u-07-07" tag="DO" text="do">
        <cmp x="2126" y="1979" width="52" height="41" />
        <cmp x="2186" y="1997" width="35" height="27" />
      </word>
      <word id="a01-107u-07-08" tag="." text=".">
        <cmp x="2225" y="2019" width="9" height="7" />
      </word>
      <word id="a01-107u-07-09" tag="**&apos;" text="&quot;">
        <cmp x="2265" y="1961" width="26" height="15" />
      </word>
      <upper-contour>
        <point x="375" y="1879" />
        <point x="2156" y="1879" />
      </upper-contour>
    </line>
  </handwritten-part>
</form>

