<?xml version="1.0" encoding="ISO-8859-1"?>

<!DOCTYPE form SYSTEM 'http://www.iam.unibe.ch/~fki/iamdb/form-metadata.dtd'>

<form created="2002-01-14" height="3542" id="a01-014x" last-modified="2002-07-17" skew="-30" status="final" version="3.0_beta" width="2479" writer-id="008">
  <machine-printed-part>
    <machine-print-line text="Sir Roy&apos;s United Federal Party is boycotting the London talks on the Protectorate&apos;s" />
    <machine-print-line text="future. Said Mr. Nkumbula last night: &amp;quot;We want to discuss what to do if the British" />
    <machine-print-line text="Government gives in to Sir Roy and the talks fall through. There are bound to be" />
    <machine-print-line text="demonstrations.&amp;quot; Yesterday Sir Roy&apos;s chief aide, Mr. Julius Greenfield, telephoned" />
    <machine-print-line text="his chief a report on his talks with Mr. Macmillan at Chequers." />
  </machine-printed-part>
  <handwritten-part>
    <line ass="-748" asx="0" asy="853" character-width="999" dss="-748" dsx="0" dsy="1033" fd0="14873" fd1="2314" fd2="-1773" filter-width="3" id="a01-014x-00" lbs="-768" lbx="0" lby="935" segmentation="ok" slant="59000" stroke-width="5263" threshold="197" text="Sir Roy&apos;s United Federal Party is boycotting" ubs="-710" ubx="0" uby="909">
      <word id="a01-014x-00-00" sentence-start="yes" tag="NN" text="Sir">
        <cmp x="365" y="934" width="62" height="43" />
        <cmp x="416" y="924" width="33" height="46" />
        <cmp x="420" y="859" width="61" height="68" />
        <cmp x="425" y="928" width="5" height="5" />
        <cmp x="458" y="916" width="33" height="56" />
        <cmp x="460" y="901" width="7" height="8" />
      </word>
      <word id="a01-014x-00-01" tag="NP$" text="Roy&apos;s">
        <cmp x="555" y="877" width="100" height="91" />
        <cmp x="639" y="919" width="83" height="124" />
        <cmp x="732" y="912" width="12" height="19" />
        <cmp x="743" y="904" width="4" height="4" />
        <cmp x="743" y="923" width="36" height="43" />
      </word>
      <word id="a01-014x-00-02" tag="JJ" text="United">
        <cmp x="827" y="917" width="12" height="11" />
        <cmp x="835" y="885" width="38" height="81" />
        <cmp x="857" y="885" width="92" height="83" />
        <cmp x="950" y="905" width="48" height="65" />
        <cmp x="964" y="906" width="8" height="8" />
        <cmp x="1004" y="892" width="75" height="73" />
      </word>
      <word id="a01-014x-00-03" tag="JJ" text="Federal">
        <cmp x="1105" y="886" width="93" height="83" />
        <cmp x="1162" y="900" width="134" height="65" />
        <cmp x="1316" y="912" width="73" height="57" />
        <cmp x="1387" y="897" width="13" height="16" />
      </word>
      <word id="a01-014x-00-04" tag="NN" text="Party">
        <cmp x="1439" y="888" width="173" height="92" />
        <cmp x="1493" y="908" width="5" height="4" />
        <cmp x="1575" y="932" width="82" height="98" />
      </word>
      <word id="a01-014x-00-05" tag="BEZ" text="is">
        <cmp x="1706" y="962" width="11" height="8" />
        <cmp x="1718" y="928" width="30" height="39" />
        <cmp x="1750" y="923" width="39" height="40" />
        <cmp x="1765" y="905" width="7" height="10" />
      </word>
      <word id="a01-014x-00-06" tag="VBG" text="boycotting">
        <cmp x="1824" y="899" width="60" height="73" />
        <cmp x="1881" y="927" width="84" height="103" />
        <cmp x="1973" y="901" width="145" height="74" />
        <cmp x="2112" y="928" width="23" height="38" />
        <cmp x="2125" y="922" width="116" height="125" />
        <cmp x="2155" y="908" width="4" height="6" />
      </word>
      <lower-contour>
        <point x="363" y="1043" />
        <point x="2063" y="1043" />
      </lower-contour>
    </line>
    <line ass="-166" asx="0" asy="1058" character-width="999" dss="-166" dsx="0" dsy="1151" fd0="14555" fd1="2219" fd2="-1740" filter-width="3" id="a01-014x-01" lbs="-155" lbx="0" lby="1139" segmentation="ok" slant="64000" stroke-width="5293" threshold="193" text="the London talks on the Protectorate&apos;s" ubs="-189" ubx="0" uby="1105">
      <word id="a01-014x-01-00" tag="ATI" text="the">
        <cmp x="347" y="1071" width="112" height="78" />
        <cmp x="361" y="1101" width="7" height="5" />
        <cmp x="424" y="1067" width="11" height="8" />
        <cmp x="426" y="1078" width="4" height="4" />
      </word>
      <word id="a01-014x-01-01" tag="NP" text="London">
        <cmp x="513" y="1060" width="96" height="89" />
        <cmp x="609" y="1127" width="11" height="7" />
        <cmp x="620" y="1078" width="184" height="73" />
      </word>
      <word id="a01-014x-01-02" tag="NNS" text="talks">
        <cmp x="870" y="1076" width="50" height="71" />
        <cmp x="919" y="1080" width="91" height="69" />
        <cmp x="1004" y="1073" width="83" height="72" />
        <cmp x="1041" y="1067" width="7" height="9" />
      </word>
      <word id="a01-014x-01-03" tag="IN" text="on">
        <cmp x="1124" y="1098" width="106" height="51" />
      </word>
      <word id="a01-014x-01-04" tag="ATI" text="the">
        <cmp x="1288" y="1085" width="84" height="60" />
        <cmp x="1348" y="1103" width="62" height="39" />
      </word>
      <word id="a01-014x-01-05" tag="NN$" text="Protectorate&apos;s">
        <cmp x="1457" y="1061" width="103" height="87" />
        <cmp x="1503" y="1108" width="93" height="43" />
        <cmp x="1601" y="1092" width="45" height="54" />
        <cmp x="1647" y="1105" width="35" height="43" />
        <cmp x="1683" y="1130" width="4" height="4" />
        <cmp x="1693" y="1094" width="78" height="57" />
        <cmp x="1764" y="1111" width="33" height="36" />
        <cmp x="1789" y="1113" width="50" height="39" />
        <cmp x="1848" y="1099" width="100" height="53" />
        <cmp x="1944" y="1111" width="32" height="42" />
        <cmp x="2008" y="1089" width="18" height="25" />
        <cmp x="2015" y="1145" width="4" height="5" />
        <cmp x="2023" y="1113" width="39" height="44" />
      </word>
      <upper-contour>
        <point x="363" y="1043" />
        <point x="2063" y="1043" />
      </upper-contour>
      <lower-contour>
        <point x="345" y="1157" />
        <point x="2063" y="1157" />
      </lower-contour>
    </line>
    <line ass="-156" asx="0" asy="1229" character-width="999" dss="-156" dsx="0" dsy="1387" fd0="14775" fd1="2195" fd2="-1308" filter-width="3" id="a01-014x-02" lbs="-197" lbx="0" lby="1310" segmentation="ok" slant="68999" stroke-width="5468" threshold="196" text="future. Said Mr. Nkumbula last night:" ubs="-74" ubx="0" uby="1285">
      <word id="a01-014x-02-00" tag="NN" text="future">
        <cmp x="342" y="1230" width="131" height="159" />
        <cmp x="440" y="1274" width="4" height="3" />
        <cmp x="470" y="1276" width="81" height="43" />
        <cmp x="537" y="1276" width="58" height="44" />
      </word>
      <word id="a01-014x-02-01" tag="." text=".">
        <cmp x="608" y="1311" width="8" height="7" />
      </word>
      <word id="a01-014x-02-02" sentence-start="yes" tag="VBD" text="Said">
        <cmp x="687" y="1248" width="82" height="88" />
        <cmp x="737" y="1276" width="73" height="51" />
        <cmp x="827" y="1274" width="11" height="6" />
        <cmp x="830" y="1273" width="47" height="58" />
      </word>
      <word id="a01-014x-02-03" tag="NPT" text="Mr.">
        <cmp x="930" y="1246" width="92" height="80" />
        <cmp x="1004" y="1259" width="66" height="63" />
        <cmp x="1085" y="1309" width="13" height="12" />
      </word>
      <word id="a01-014x-02-04" tag="NP" text="Nkumbula">
        <cmp x="1123" y="1235" width="119" height="80" />
        <cmp x="1219" y="1241" width="242" height="83" />
        <cmp x="1441" y="1285" width="10" height="19" />
        <cmp x="1453" y="1264" width="139" height="67" />
      </word>
      <word id="a01-014x-02-05" tag="AP" text="last">
        <cmp x="1642" y="1243" width="175" height="75" />
      </word>
      <word id="a01-014x-02-06" tag="NN" text="night">
        <cmp x="1854" y="1287" width="99" height="38" />
        <cmp x="1913" y="1294" width="83" height="90" />
        <cmp x="1974" y="1275" width="9" height="15" />
        <cmp x="2013" y="1253" width="86" height="68" />
      </word>
      <word id="a01-014x-02-07" tag=":" text=":">
        <cmp x="2139" y="1321" width="8" height="7" />
      </word>
      <upper-contour>
        <point x="345" y="1157" />
        <point x="2063" y="1157" />
      </upper-contour>
      <lower-contour>
        <point x="365" y="1384" />
        <point x="2013" y="1384" />
      </lower-contour>
    </line>
    <line ass="-795" asx="0" asy="1383" character-width="999" dss="-795" dsx="0" dsy="1526" fd0="14585" fd1="2316" fd2="-1583" filter-width="3" id="a01-014x-03" lbs="-828" lbx="0" lby="1477" segmentation="ok" slant="63000" stroke-width="5315" threshold="189" text="&amp;quot;We want to discuss what to do if the" ubs="-731" ubx="0" uby="1438">
      <word id="a01-014x-03-00" sentence-start="yes" tag="*&apos;" text="&quot;">
        <cmp x="367" y="1404" width="18" height="38" />
        <cmp x="373" y="1402" width="21" height="39" />
      </word>
      <word id="a01-014x-03-01" tag="PP1AS" text="We">
        <cmp x="419" y="1390" width="90" height="116" />
        <cmp x="467" y="1442" width="38" height="57" />
      </word>
      <word id="a01-014x-03-02" tag="VB" text="want">
        <cmp x="559" y="1447" width="71" height="58" />
        <cmp x="613" y="1440" width="139" height="58" />
      </word>
      <word id="a01-014x-03-03" tag="TO" text="to">
        <cmp x="809" y="1430" width="44" height="70" />
        <cmp x="841" y="1425" width="4" height="5" />
      </word>
      <word id="a01-014x-03-04" tag="VB" text="discuss">
        <cmp x="911" y="1437" width="76" height="65" />
        <cmp x="986" y="1449" width="47" height="51" />
        <cmp x="1014" y="1435" width="11" height="10" />
        <cmp x="1047" y="1449" width="177" height="53" />
      </word>
      <word id="a01-014x-03-05" tag="WDT" text="what">
        <cmp x="1237" y="1453" width="77" height="51" />
        <cmp x="1306" y="1429" width="58" height="73" />
        <cmp x="1359" y="1433" width="94" height="67" />
      </word>
      <word id="a01-014x-03-06" tag="TO" text="to">
        <cmp x="1494" y="1501" width="8" height="6" />
        <cmp x="1499" y="1443" width="66" height="67" />
      </word>
      <word id="a01-014x-03-07" tag="DO" text="do">
        <cmp x="1602" y="1438" width="99" height="69" />
      </word>
      <word id="a01-014x-03-08" tag="CS" text="if">
        <cmp x="1722" y="1460" width="39" height="39" />
        <cmp x="1749" y="1434" width="67" height="118" />
        <cmp x="1777" y="1447" width="4" height="22" />
      </word>
      <word id="a01-014x-03-09" tag="ATI" text="the">
        <cmp x="1884" y="1452" width="129" height="64" />
        <cmp x="1904" y="1477" width="6" height="4" />
      </word>
      <upper-contour>
        <point x="365" y="1384" />
        <point x="2013" y="1384" />
      </upper-contour>
      <lower-contour>
        <point x="365" y="1552" />
        <point x="2013" y="1552" />
      </lower-contour>
    </line>
    <line ass="-513" asx="0" asy="1577" character-width="999" dss="-513" dsx="0" dsy="1761" fd0="14997" fd1="2378" fd2="-1606" filter-width="3" id="a01-014x-04" lbs="-452" lbx="0" lby="1663" segmentation="ok" slant="59999" stroke-width="5229" threshold="187" text="British Government gives in to Sir Roy" ubs="-635" ubx="0" uby="1629">
      <word id="a01-014x-04-00" tag="JNP" text="British">
        <cmp x="314" y="1581" width="88" height="88" />
        <cmp x="389" y="1616" width="66" height="51" />
        <cmp x="465" y="1614" width="10" height="17" />
        <cmp x="467" y="1598" width="52" height="76" />
        <cmp x="530" y="1625" width="10" height="9" />
        <cmp x="531" y="1609" width="94" height="68" />
      </word>
      <word id="a01-014x-04-01" tag="NN" text="Government">
        <cmp x="670" y="1588" width="114" height="181" />
        <cmp x="754" y="1666" width="8" height="6" />
        <cmp x="768" y="1631" width="193" height="55" />
        <cmp x="973" y="1636" width="237" height="58" />
      </word>
      <word id="a01-014x-04-02" tag="VBZ" text="gives">
        <cmp x="1235" y="1641" width="80" height="109" />
        <cmp x="1312" y="1642" width="22" height="37" />
        <cmp x="1342" y="1639" width="114" height="50" />
        <cmp x="1347" y="1625" width="13" height="14" />
        <cmp x="1502" y="1675" width="3" height="3" />
      </word>
      <word id="a01-014x-04-03" tag="RP" text="in">
        <cmp x="1502" y="1675" width="3" height="3" />
        <cmp x="1510" y="1643" width="24" height="37" />
        <cmp x="1525" y="1646" width="70" height="38" />
        <cmp x="1542" y="1623" width="6" height="14" />
      </word>
      <word id="a01-014x-04-04" tag="IN" text="to">
        <cmp x="1653" y="1616" width="62" height="66" />
      </word>
      <word id="a01-014x-04-05" tag="NPT" text="Sir">
        <cmp x="1756" y="1593" width="86" height="83" />
        <cmp x="1796" y="1647" width="27" height="32" />
        <cmp x="1823" y="1631" width="59" height="45" />
        <cmp x="1833" y="1633" width="6" height="7" />
      </word>
      <word id="a01-014x-04-06" tag="NP" text="Roy">
        <cmp x="1932" y="1597" width="140" height="76" />
        <cmp x="2038" y="1641" width="95" height="101" />
      </word>
      <upper-contour>
        <point x="365" y="1552" />
        <point x="2013" y="1552" />
      </upper-contour>
      <lower-contour>
        <point x="317" y="1768" />
        <point x="671" y="1769" />
        <point x="2134" y="1769" />
      </lower-contour>
    </line>
    <line ass="-392" asx="0" asy="1765" character-width="999" dss="-392" dsx="0" dsy="1922" fd0="14621" fd1="2063" fd2="-1612" filter-width="3" id="a01-014x-05" lbs="-483" lbx="0" lby="1835" segmentation="ok" slant="62000" stroke-width="5542" threshold="193" text="and the talks fall through. There are bound" ubs="-208" ubx="0" uby="1814">
      <word id="a01-014x-05-00" tag="CC" text="and">
        <cmp x="319" y="1776" width="161" height="74" />
        <cmp x="477" y="1771" width="5" height="4" />
      </word>
      <word id="a01-014x-05-01" tag="ATI" text="the">
        <cmp x="534" y="1845" width="4" height="3" />
        <cmp x="539" y="1789" width="110" height="63" />
      </word>
      <word id="a01-014x-05-02" tag="NNS" text="talks">
        <cmp x="726" y="1781" width="59" height="70" />
        <cmp x="779" y="1786" width="174" height="71" />
      </word>
      <word id="a01-014x-05-03" tag="VB" text="fall">
        <cmp x="977" y="1771" width="185" height="147" />
        <cmp x="1059" y="1818" width="13" height="15" />
      </word>
      <word id="a01-014x-05-04" tag="RP" text="through">
        <cmp x="1202" y="1800" width="56" height="62" />
        <cmp x="1244" y="1790" width="132" height="75" />
        <cmp x="1373" y="1818" width="155" height="116" />
      </word>
      <word id="a01-014x-05-05" tag="." text=".">
        <cmp x="1541" y="1870" width="10" height="6" />
      </word>
      <word id="a01-014x-05-06" sentence-start="yes" tag="EX" text="There">
        <cmp x="1593" y="1779" width="97" height="85" />
        <cmp x="1644" y="1796" width="57" height="62" />
        <cmp x="1678" y="1815" width="89" height="46" />
        <cmp x="1750" y="1817" width="62" height="42" />
      </word>
      <word id="a01-014x-05-07" tag="BER" text="are">
        <cmp x="1850" y="1815" width="119" height="42" />
      </word>
      <word id="a01-014x-05-08" tag="VBN" text="bound">
        <cmp x="2022" y="1795" width="60" height="64" />
        <cmp x="2081" y="1824" width="34" height="36" />
        <cmp x="2124" y="1800" width="157" height="66" />
      </word>
      <upper-contour>
        <point x="317" y="1768" />
        <point x="671" y="1769" />
        <point x="2134" y="1769" />
      </upper-contour>
      <lower-contour>
        <point x="317" y="1934" />
        <point x="2281" y="1934" />
      </lower-contour>
    </line>
    <line ass="-610" asx="0" asy="1925" character-width="999" dss="-610" dsx="0" dsy="2120" fd0="14897" fd1="2449" fd2="-1342" filter-width="3" id="a01-014x-06" lbs="-572" lbx="0" lby="2021" segmentation="ok" slant="57000" stroke-width="5308" threshold="194" text="to be demonstrations.&amp;quot; Yesterday Sir Roy&apos;s" ubs="-686" ubx="0" uby="1994">
      <word id="a01-014x-06-00" tag="TO" text="to">
        <cmp x="308" y="1939" width="65" height="83" />
      </word>
      <word id="a01-014x-06-01" tag="BE" text="be">
        <cmp x="447" y="1959" width="62" height="80" />
        <cmp x="496" y="1986" width="28" height="42" />
      </word>
      <word id="a01-014x-06-02" tag="NNS" text="demonstrations">
        <cmp x="596" y="1976" width="206" height="70" />
        <cmp x="810" y="1986" width="129" height="58" />
        <cmp x="934" y="1998" width="57" height="49" />
        <cmp x="994" y="1992" width="94" height="56" />
        <cmp x="1057" y="2003" width="3" height="4" />
        <cmp x="1060" y="2003" width="4" height="3" />
        <cmp x="1100" y="2010" width="5" height="9" />
        <cmp x="1115" y="2012" width="34" height="32" />
        <cmp x="1158" y="2013" width="78" height="42" />
      </word>
      <word id="a01-014x-06-03" tag="." text=".">
        <cmp x="1245" y="2054" width="5" height="6" />
      </word>
      <word id="a01-014x-06-04" tag="**&apos;" text="&quot;">
        <cmp x="1316" y="1961" width="26" height="28" />
      </word>
      <word id="a01-014x-06-05" sentence-start="yes" tag="NR" text="Yesterday">
        <cmp x="1369" y="1973" width="111" height="154" />
        <cmp x="1370" y="2040" width="4" height="4" />
        <cmp x="1382" y="2058" width="34" height="36" />
        <cmp x="1469" y="2016" width="4" height="4" />
        <cmp x="1473" y="1983" width="270" height="66" />
        <cmp x="1725" y="2017" width="119" height="123" />
        <cmp x="1742" y="1976" width="4" height="4" />
        <cmp x="1780" y="2081" width="9" height="7" />
        <cmp x="1790" y="2075" width="6" height="5" />
        <cmp x="1798" y="2071" width="3" height="3" />
      </word>
      <word id="a01-014x-06-06" tag="NPT" text="Sir">
        <cmp x="1900" y="1971" width="103" height="76" />
        <cmp x="1996" y="2005" width="49" height="50" />
        <cmp x="2004" y="1998" width="13" height="14" />
      </word>
      <word id="a01-014x-06-07" tag="NP$" text="Roy&apos;s">
        <cmp x="2080" y="1947" width="125" height="92" />
        <cmp x="2158" y="2000" width="91" height="90" />
        <cmp x="2281" y="1992" width="11" height="14" />
        <cmp x="2291" y="1986" width="7" height="4" />
        <cmp x="2270" y="2041" width="7" height="6" />
        <cmp x="2277" y="2007" width="48" height="44" />
      </word>
      <upper-contour>
        <point x="317" y="1934" />
        <point x="2281" y="1934" />
      </upper-contour>
      <lower-contour>
        <point x="315" y="2126" />
        <point x="1737" y="2140" />
        <point x="2284" y="2140" />
      </lower-contour>
    </line>
    <line ass="-573" asx="0" asy="2125" character-width="999" dss="-573" dsx="0" dsy="2294" fd0="14452" fd1="2047" fd2="-1537" filter-width="3" id="a01-014x-07" lbs="-617" lbx="0" lby="2202" segmentation="ok" slant="64000" stroke-width="5367" threshold="188" text="chief aide, Mr. Julius Greenfield, telephoned" ubs="-487" ubx="0" uby="2175">
      <word id="a01-014x-07-00" tag="JJB" text="chief">
        <cmp x="317" y="2136" width="130" height="88" />
        <cmp x="456" y="2149" width="89" height="151" />
        <cmp x="462" y="2161" width="7" height="8" />
        <cmp x="465" y="2231" width="4" height="7" />
      </word>
      <word id="a01-014x-07-01" tag="NN" text="aide">
        <cmp x="593" y="2173" width="78" height="49" />
        <cmp x="681" y="2159" width="90" height="62" />
        <cmp x="682" y="2189" width="3" height="5" />
        <cmp x="683" y="2171" width="5" height="17" />
      </word>
      <word id="a01-014x-07-02" tag="," text=",">
        <cmp x="777" y="2254" width="5" height="5" />
        <cmp x="783" y="2221" width="28" height="33" />
        <cmp x="808" y="2217" width="4" height="3" />
      </word>
      <word id="a01-014x-07-03" tag="NPT" text="Mr.">
        <cmp x="869" y="2137" width="117" height="84" />
        <cmp x="933" y="2136" width="10" height="12" />
        <cmp x="996" y="2205" width="17" height="13" />
      </word>
      <word id="a01-014x-07-04" tag="NP" text="Julius">
        <cmp x="1023" y="2136" width="174" height="164" />
        <cmp x="1076" y="2145" width="3" height="4" />
        <cmp x="1208" y="2186" width="81" height="42" />
        <cmp x="1212" y="2177" width="8" height="12" />
      </word>
      <word id="a01-014x-07-05" tag="NP" text="Greenfield">
        <cmp x="1295" y="2143" width="316" height="161" />
        <cmp x="1625" y="2159" width="127" height="71" />
        <cmp x="1631" y="2164" width="5" height="8" />
        <cmp x="1748" y="2151" width="6" height="7" />
      </word>
      <word id="a01-014x-07-06" tag="," text=",">
        <cmp x="1732" y="2229" width="33" height="44" />
      </word>
      <word id="a01-014x-07-07" tag="VBD" text="telephoned">
        <cmp x="1824" y="2214" width="7" height="10" />
        <cmp x="1834" y="2155" width="206" height="128" />
        <cmp x="2014" y="2157" width="234" height="78" />
        <cmp x="2259" y="2162" width="25" height="50" />
      </word>
      <upper-contour>
        <point x="315" y="2126" />
        <point x="1737" y="2140" />
        <point x="2284" y="2140" />
      </upper-contour>
      <lower-contour>
        <point x="315" y="2304" />
        <point x="2241" y="2304" />
      </lower-contour>
    </line>
    <line ass="-191" asx="0" asy="2301" character-width="999" dss="-191" dsx="0" dsy="2448" fd0="14531" fd1="2115" fd2="-1225" filter-width="3" id="a01-014x-08" lbs="-163" lbx="0" lby="2392" segmentation="ok" slant="52000" stroke-width="5479" threshold="184" text="his chief a report on his talks with Mr." ubs="-249" ubx="0" uby="2352">
      <word id="a01-014x-08-00" tag="PP$" text="his">
        <cmp x="313" y="2308" width="78" height="86" />
        <cmp x="387" y="2349" width="47" height="50" />
        <cmp x="399" y="2336" width="10" height="9" />
      </word>
      <word id="a01-014x-08-01" tag="NN" text="chief">
        <cmp x="490" y="2325" width="147" height="76" />
        <cmp x="644" y="2358" width="70" height="50" />
        <cmp x="645" y="2348" width="8" height="6" />
      </word>
      <word id="a01-014x-08-02" tag="AT" text="a">
        <cmp x="771" y="2348" width="50" height="53" />
      </word>
      <word id="a01-014x-08-03" tag="NN" text="report">
        <cmp x="877" y="2339" width="186" height="115" />
        <cmp x="1059" y="2343" width="105" height="60" />
      </word>
      <word id="a01-014x-08-04" tag="IN" text="on">
        <cmp x="1209" y="2359" width="116" height="51" />
      </word>
      <word id="a01-014x-08-05" tag="PP$" text="his">
        <cmp x="1364" y="2327" width="60" height="75" />
        <cmp x="1392" y="2365" width="57" height="37" />
        <cmp x="1449" y="2356" width="40" height="50" />
        <cmp x="1465" y="2343" width="12" height="11" />
      </word>
      <word id="a01-014x-08-06" tag="NNS" text="talks">
        <cmp x="1566" y="2346" width="57" height="63" />
        <cmp x="1618" y="2344" width="179" height="72" />
      </word>
      <word id="a01-014x-08-07" tag="IN" text="with">
        <cmp x="1850" y="2356" width="75" height="45" />
        <cmp x="1917" y="2358" width="43" height="36" />
        <cmp x="1975" y="2337" width="8" height="12" />
        <cmp x="1982" y="2326" width="69" height="71" />
      </word>
      <word id="a01-014x-08-08" tag="NPT" text="Mr.">
        <cmp x="2080" y="2308" width="150" height="87" />
        <cmp x="2231" y="2389" width="10" height="16" />
      </word>
      <upper-contour>
        <point x="315" y="2304" />
        <point x="2241" y="2304" />
      </upper-contour>
      <lower-contour>
        <point x="311" y="2454" />
        <point x="1487" y="2454" />
      </lower-contour>
    </line>
    <line ass="-902" asx="0" asy="2468" character-width="999" dss="-902" dsx="0" dsy="2621" fd0="14653" fd1="2342" fd2="-1856" filter-width="3" id="a01-014x-09" lbs="-904" lbx="0" lby="2549" segmentation="ok" slant="54000" stroke-width="5528" threshold="190" text="Macmillan at Chequers." ubs="-898" ubx="0" uby="2513">
      <word id="a01-014x-09-00" tag="NP" text="Macmillan">
        <cmp x="301" y="2476" width="120" height="90" />
        <cmp x="402" y="2523" width="86" height="48" />
        <cmp x="476" y="2530" width="122" height="39" />
        <cmp x="601" y="2550" width="6" height="6" />
        <cmp x="608" y="2488" width="101" height="69" />
        <cmp x="616" y="2506" width="9" height="12" />
        <cmp x="689" y="2513" width="119" height="54" />
      </word>
      <word id="a01-014x-09-01" tag="IN" text="at">
        <cmp x="859" y="2499" width="96" height="68" />
        <cmp x="956" y="2501" width="4" height="3" />
      </word>
      <word id="a01-014x-09-02" tag="NP" text="Chequers">
        <cmp x="1035" y="2484" width="147" height="88" />
        <cmp x="1113" y="2526" width="127" height="114" />
        <cmp x="1246" y="2536" width="124" height="42" />
        <cmp x="1380" y="2522" width="106" height="58" />
      </word>
      <word id="a01-014x-09-03" tag="." text=".">
        <cmp x="1452" y="2578" width="6" height="8" />
      </word>
      <upper-contour>
        <point x="311" y="2454" />
        <point x="1487" y="2454" />
      </upper-contour>
    </line>
  </handwritten-part>
</form>

