<?xml version="1.0" encoding="ISO-8859-1"?>

<!DOCTYPE form SYSTEM 'http://www.iam.unibe.ch/~fki/iamdb/form-metadata.dtd'>

<form created="2002-01-15" height="3542" id="a01-077u" last-modified="2002-07-17" skew="319" status="final" version="3.0_beta" width="2479" writer-id="000">
  <machine-printed-part>
    <machine-print-line text="And, since this is election year in West Germany, Dr. Adenauer is in a tough spot." />
    <machine-print-line text="Joyce Egginton cables: President Kennedy at his Washington Press conference ad-" />
    <machine-print-line text="mitted he did not know whether America was lagging behind Russia in missile power." />
    <machine-print-line text="He said he was waiting for his senior military aides to come up with the answer on" />
    <machine-print-line text="February 20." />
  </machine-printed-part>
  <handwritten-part>
    <line ass="14" asx="0" asy="755" character-width="999" dss="14" dsx="0" dsy="850" fd0="13273" fd1="3268" fd2="391" filter-width="4" id="a01-077u-00" lbs="-62" lbx="0" lby="811" segmentation="err" slant="108999" stroke-width="7034" threshold="172" text="And, since this is election year in West" ubs="169" ubx="0" uby="792">
      <word id="a01-077u-00-00" sentence-start="yes" tag="CC" text="And">
        <cmp x="386" y="761" width="64" height="54" />
        <cmp x="451" y="773" width="56" height="45" />
        <cmp x="516" y="812" width="13" height="37" />
      </word>
      <word id="a01-077u-00-01" tag="," text=",">
        <cmp x="603" y="799" width="25" height="23" />
      </word>
      <word id="a01-077u-00-02" tag="CS" text="since">
        <cmp x="636" y="801" width="69" height="15" />
        <cmp x="644" y="770" width="15" height="10" />
        <cmp x="715" y="783" width="122" height="34" />
      </word>
      <word id="a01-077u-00-03" tag="DT" text="this">
        <cmp x="932" y="774" width="154" height="42" />
        <cmp x="1035" y="766" width="8" height="9" />
      </word>
      <word id="a01-077u-00-04" tag="BEZ" text="is">
        <cmp x="1157" y="761" width="8" height="9" />
        <cmp x="1161" y="794" width="50" height="24" />
      </word>
      <word id="a01-077u-00-05" tag="NN" text="election">
        <cmp x="1298" y="784" width="42" height="35" />
        <cmp x="1335" y="772" width="108" height="46" />
        <cmp x="1445" y="757" width="46" height="52" />
        <cmp x="1480" y="763" width="11" height="14" />
        <cmp x="1505" y="785" width="71" height="28" />
      </word>
      <word id="a01-077u-00-06" tag="NN" text="year">
        <cmp x="1637" y="796" width="54" height="50" />
        <cmp x="1690" y="785" width="38" height="33" />
        <cmp x="1727" y="776" width="110" height="36" />
      </word>
      <word id="a01-077u-00-07" tag="IN" text="in">
        <cmp x="1910" y="756" width="10" height="6" />
        <cmp x="1910" y="790" width="80" height="18" />
      </word>
      <word id="a01-077u-00-08" tag="NP" text="West">
        <cmp x="2097" y="762" width="120" height="55" />
        <cmp x="2220" y="765" width="38" height="43" />
      </word>
      <lower-contour>
        <point x="384" y="848" />
        <point x="2259" y="848" />
      </lower-contour>
    </line>
    <line ass="51" asx="0" asy="934" character-width="999" dss="51" dsx="0" dsy="1019" fd0="12200" fd1="2944" fd2="596" filter-width="5" id="a01-077u-01" lbs="96" lbx="0" lby="993" segmentation="ok" slant="97000" stroke-width="7469" threshold="169" text="Germany, Dr. Adenauer is in a tough spot." ubs="-37" ubx="0" uby="967">
      <word id="a01-077u-01-00" tag="NP" text="Germany">
        <cmp x="384" y="939" width="49" height="52" />
        <cmp x="427" y="958" width="126" height="32" />
        <cmp x="554" y="961" width="126" height="48" />
      </word>
      <word id="a01-077u-01-01" tag="," text=",">
        <cmp x="712" y="978" width="9" height="30" />
      </word>
      <word id="a01-077u-01-02" tag="NPT" text="Dr.">
        <cmp x="800" y="938" width="82" height="58" />
        <cmp x="895" y="970" width="27" height="27" />
        <cmp x="953" y="987" width="8" height="7" />
      </word>
      <word id="a01-077u-01-03" tag="NP" text="Adenauer">
        <cmp x="1018" y="936" width="29" height="51" />
        <cmp x="1055" y="954" width="151" height="35" />
        <cmp x="1212" y="964" width="105" height="26" />
        <cmp x="1321" y="955" width="62" height="37" />
      </word>
      <word id="a01-077u-01-04" tag="BEZ" text="is">
        <cmp x="1451" y="935" width="9" height="11" />
        <cmp x="1463" y="965" width="45" height="30" />
      </word>
      <word id="a01-077u-01-05" tag="IN" text="in">
        <cmp x="1557" y="967" width="72" height="20" />
        <cmp x="1561" y="934" width="16" height="12" />
      </word>
      <word id="a01-077u-01-06" tag="AT" text="a">
        <cmp x="1683" y="961" width="59" height="28" />
      </word>
      <word id="a01-077u-01-07" tag="JJ" text="tough">
        <cmp x="1834" y="937" width="36" height="55" />
        <cmp x="1875" y="964" width="99" height="29" />
        <cmp x="1985" y="969" width="43" height="48" />
        <cmp x="2033" y="952" width="46" height="43" />
      </word>
      <word id="a01-077u-01-08" tag="NN" text="spot">
        <cmp x="2116" y="965" width="31" height="26" />
        <cmp x="2165" y="966" width="29" height="44" />
        <cmp x="2197" y="932" width="68" height="58" />
      </word>
      <word id="a01-077u-01-09" tag="." text=".">
        <cmp x="2279" y="981" width="9" height="7" />
      </word>
      <upper-contour>
        <point x="384" y="848" />
        <point x="2259" y="848" />
      </upper-contour>
      <lower-contour>
        <point x="382" y="1021" />
        <point x="2289" y="1021" />
      </lower-contour>
    </line>
    <line ass="613" asx="0" asy="1123" character-width="999" dss="613" dsx="0" dsy="1215" fd0="12756" fd1="2726" fd2="-532" filter-width="5" id="a01-077u-02" lbs="579" lbx="0" lby="1187" segmentation="ok" slant="108000" stroke-width="7348" threshold="171" text="Joyce Egginton cables: President Kennedy" ubs="681" ubx="0" uby="1167">
      <word id="a01-077u-02-00" sentence-start="yes" tag="NP" text="Joyce">
        <cmp x="371" y="1135" width="43" height="67" />
        <cmp x="415" y="1154" width="33" height="34" />
        <cmp x="465" y="1156" width="56" height="46" />
        <cmp x="511" y="1148" width="116" height="33" />
      </word>
      <word id="a01-077u-02-01" tag="NP" text="Egginton">
        <cmp x="739" y="1119" width="57" height="56" />
        <cmp x="785" y="1143" width="47" height="56" />
        <cmp x="839" y="1144" width="48" height="49" />
        <cmp x="887" y="1123" width="5" height="6" />
        <cmp x="900" y="1151" width="64" height="25" />
        <cmp x="966" y="1126" width="103" height="47" />
      </word>
      <word id="a01-077u-02-02" tag="VBZ" text="cables">
        <cmp x="1142" y="1146" width="41" height="30" />
        <cmp x="1181" y="1130" width="88" height="51" />
        <cmp x="1279" y="1125" width="84" height="51" />
      </word>
      <word id="a01-077u-02-03" tag=":" text=":">
        <cmp x="1398" y="1158" width="10" height="7" />
        <cmp x="1399" y="1144" width="9" height="7" />
      </word>
      <word id="a01-077u-02-04" sentence-start="yes" tag="NPT" text="President">
        <cmp x="1487" y="1108" width="186" height="64" />
        <cmp x="1654" y="1119" width="11" height="12" />
        <cmp x="1683" y="1128" width="178" height="41" />
      </word>
      <word id="a01-077u-02-05" tag="NP" text="Kennedy">
        <cmp x="1972" y="1120" width="230" height="57" />
        <cmp x="2200" y="1139" width="93" height="53" />
      </word>
      <upper-contour>
        <point x="382" y="1021" />
        <point x="2289" y="1021" />
      </upper-contour>
      <lower-contour>
        <point x="369" y="1201" />
        <point x="2251" y="1201" />
      </lower-contour>
    </line>
    <line ass="249" asx="0" asy="1298" character-width="999" dss="249" dsx="0" dsy="1382" fd0="12729" fd1="2883" fd2="-437" filter-width="5" id="a01-077u-03" lbs="255" lbx="0" lby="1355" segmentation="ok" slant="108000" stroke-width="7318" threshold="172" text="at his Washington Press conference admitted" ubs="236" ubx="0" uby="1329">
      <word id="a01-077u-03-00" tag="IN" text="at">
        <cmp x="361" y="1303" width="82" height="53" />
      </word>
      <word id="a01-077u-03-01" tag="PP$" text="his">
        <cmp x="490" y="1311" width="117" height="45" />
        <cmp x="537" y="1296" width="10" height="12" />
      </word>
      <word id="a01-077u-03-02" tag="NP" text="Washington">
        <cmp x="720" y="1307" width="68" height="49" />
        <cmp x="793" y="1322" width="93" height="33" />
        <cmp x="898" y="1307" width="107" height="44" />
        <cmp x="946" y="1302" width="15" height="13" />
        <cmp x="1010" y="1324" width="49" height="54" />
        <cmp x="1049" y="1307" width="30" height="46" />
        <cmp x="1084" y="1326" width="76" height="26" />
      </word>
      <word id="a01-077u-03-03" tag="NN" text="Press">
        <cmp x="1200" y="1292" width="72" height="58" />
        <cmp x="1274" y="1318" width="142" height="30" />
      </word>
      <word id="a01-077u-03-04" tag="NN" text="conference">
        <cmp x="1480" y="1318" width="38" height="35" />
        <cmp x="1520" y="1320" width="83" height="30" />
        <cmp x="1602" y="1295" width="83" height="58" />
        <cmp x="1690" y="1321" width="77" height="28" />
        <cmp x="1775" y="1314" width="97" height="36" />
      </word>
      <word id="a01-077u-03-05" tag="VBD" text="admitted">
        <cmp x="1923" y="1316" width="41" height="31" />
        <cmp x="1970" y="1311" width="45" height="32" />
        <cmp x="2022" y="1323" width="81" height="21" />
        <cmp x="2080" y="1292" width="16" height="14" />
        <cmp x="2103" y="1293" width="94" height="60" />
        <cmp x="2194" y="1306" width="56" height="42" />
      </word>
      <upper-contour>
        <point x="369" y="1201" />
        <point x="2251" y="1201" />
      </upper-contour>
      <lower-contour>
        <point x="375" y="1377" />
        <point x="2160" y="1377" />
      </lower-contour>
    </line>
    <line ass="27" asx="0" asy="1471" character-width="999" dss="27" dsx="0" dsy="1537" fd0="12713" fd1="2884" fd2="-11" filter-width="5" id="a01-077u-04" lbs="62" lbx="0" lby="1528" segmentation="ok" slant="108000" stroke-width="7479" threshold="170" text="he did not know whether America was" ubs="-42" ubx="0" uby="1499">
      <word id="a01-077u-04-00" tag="PP3A" text="he">
        <cmp x="377" y="1481" width="90" height="51" />
      </word>
      <word id="a01-077u-04-01" tag="DOD" text="did">
        <cmp x="509" y="1492" width="90" height="38" />
        <cmp x="566" y="1479" width="15" height="19" />
        <cmp x="601" y="1490" width="64" height="36" />
      </word>
      <word id="a01-077u-04-02" tag="XNOT" text="not">
        <cmp x="747" y="1484" width="129" height="49" />
      </word>
      <word id="a01-077u-04-03" tag="VB" text="know">
        <cmp x="950" y="1478" width="46" height="41" />
        <cmp x="1002" y="1498" width="47" height="27" />
        <cmp x="1053" y="1500" width="120" height="32" />
      </word>
      <word id="a01-077u-04-04" tag="CS" text="whether">
        <cmp x="1274" y="1491" width="62" height="39" />
        <cmp x="1342" y="1483" width="85" height="49" />
        <cmp x="1417" y="1478" width="147" height="60" />
      </word>
      <word id="a01-077u-04-05" tag="NP" text="America">
        <cmp x="1667" y="1482" width="174" height="49" />
        <cmp x="1824" y="1472" width="11" height="12" />
        <cmp x="1859" y="1494" width="40" height="35" />
        <cmp x="1898" y="1499" width="47" height="25" />
      </word>
      <word id="a01-077u-04-06" tag="BEDZ" text="was">
        <cmp x="2003" y="1492" width="57" height="34" />
        <cmp x="2061" y="1498" width="98" height="30" />
      </word>
      <upper-contour>
        <point x="375" y="1377" />
        <point x="2160" y="1377" />
      </upper-contour>
      <lower-contour>
        <point x="375" y="1539" />
        <point x="2160" y="1539" />
      </lower-contour>
    </line>
    <line ass="331" asx="0" asy="1662" character-width="999" dss="331" dsx="0" dsy="1740" fd0="13618" fd1="3139" fd2="16" filter-width="4" id="a01-077u-05" lbs="355" lbx="0" lby="1718" segmentation="ok" slant="113000" stroke-width="7102" threshold="170" text="lagging behind Russia in missile power." ubs="282" ubx="0" uby="1694">
      <word id="a01-077u-05-00" tag="VBG" text="lagging">
        <cmp x="367" y="1671" width="19" height="51" />
        <cmp x="390" y="1685" width="43" height="31" />
        <cmp x="434" y="1687" width="49" height="46" />
        <cmp x="475" y="1685" width="49" height="43" />
        <cmp x="517" y="1687" width="71" height="20" />
        <cmp x="520" y="1659" width="10" height="8" />
        <cmp x="594" y="1680" width="50" height="56" />
      </word>
      <word id="a01-077u-05-01" tag="IN" text="behind">
        <cmp x="731" y="1671" width="95" height="40" />
        <cmp x="822" y="1674" width="110" height="37" />
        <cmp x="869" y="1668" width="15" height="10" />
        <cmp x="935" y="1673" width="66" height="36" />
      </word>
      <word id="a01-077u-05-02" tag="NP" text="Russia">
        <cmp x="1070" y="1656" width="74" height="54" />
        <cmp x="1105" y="1672" width="12" height="39" />
        <cmp x="1156" y="1683" width="158" height="32" />
        <cmp x="1296" y="1663" width="13" height="12" />
        <cmp x="1321" y="1679" width="69" height="32" />
      </word>
      <word id="a01-077u-05-03" tag="IN" text="in">
        <cmp x="1442" y="1658" width="8" height="9" />
        <cmp x="1455" y="1692" width="67" height="17" />
      </word>
      <word id="a01-077u-05-04" tag="NN" text="missile">
        <cmp x="1613" y="1687" width="90" height="19" />
        <cmp x="1670" y="1662" width="14" height="8" />
        <cmp x="1707" y="1684" width="67" height="26" />
        <cmp x="1782" y="1661" width="10" height="12" />
        <cmp x="1782" y="1683" width="17" height="23" />
        <cmp x="1813" y="1665" width="78" height="50" />
      </word>
      <word id="a01-077u-05-05" tag="NN" text="power">
        <cmp x="1978" y="1686" width="37" height="38" />
        <cmp x="2019" y="1682" width="112" height="29" />
        <cmp x="2134" y="1675" width="54" height="34" />
      </word>
      <word id="a01-077u-05-06" tag="." text=".">
        <cmp x="2203" y="1705" width="10" height="7" />
      </word>
      <upper-contour>
        <point x="375" y="1539" />
        <point x="2160" y="1539" />
      </upper-contour>
      <lower-contour>
        <point x="373" y="1735" />
        <point x="2208" y="1735" />
      </lower-contour>
    </line>
    <line ass="-13" asx="0" asy="1828" character-width="999" dss="-13" dsx="0" dsy="1916" fd0="13214" fd1="3065" fd2="176" filter-width="5" id="a01-077u-06" lbs="-43" lbx="0" lby="1886" segmentation="ok" slant="102000" stroke-width="7229" threshold="171" text="He said he was waiting for his senior" ubs="46" ubx="0" uby="1861">
      <word id="a01-077u-06-00" sentence-start="yes" tag="PP3A" text="He">
        <cmp x="375" y="1843" width="119" height="47" />
      </word>
      <word id="a01-077u-06-01" tag="VBD" text="said">
        <cmp x="525" y="1861" width="128" height="31" />
        <cmp x="620" y="1839" width="16" height="16" />
        <cmp x="648" y="1847" width="71" height="36" />
      </word>
      <word id="a01-077u-06-02" tag="PP3A" text="he">
        <cmp x="796" y="1846" width="102" height="43" />
      </word>
      <word id="a01-077u-06-03" tag="BEDZ" text="was">
        <cmp x="928" y="1858" width="153" height="31" />
      </word>
      <word id="a01-077u-06-04" tag="VBG" text="waiting">
        <cmp x="1179" y="1857" width="54" height="33" />
        <cmp x="1235" y="1855" width="82" height="32" />
        <cmp x="1290" y="1830" width="13" height="15" />
        <cmp x="1323" y="1838" width="98" height="48" />
        <cmp x="1347" y="1831" width="11" height="13" />
        <cmp x="1430" y="1857" width="53" height="61" />
      </word>
      <word id="a01-077u-06-05" tag="IN" text="for">
        <cmp x="1568" y="1837" width="34" height="70" />
        <cmp x="1616" y="1858" width="87" height="29" />
      </word>
      <word id="a01-077u-06-06" tag="PP$" text="his">
        <cmp x="1766" y="1848" width="106" height="36" />
        <cmp x="1816" y="1830" width="8" height="9" />
      </word>
      <word id="a01-077u-06-07" tag="JJ" text="senior">
        <cmp x="1935" y="1857" width="179" height="28" />
        <cmp x="2086" y="1831" width="8" height="13" />
        <cmp x="2115" y="1857" width="92" height="27" />
      </word>
      <upper-contour>
        <point x="373" y="1735" />
        <point x="2208" y="1735" />
      </upper-contour>
      <lower-contour>
        <point x="373" y="1919" />
        <point x="2208" y="1919" />
      </lower-contour>
    </line>
    <line ass="-197" asx="0" asy="2004" character-width="999" dss="-197" dsx="0" dsy="2089" fd0="12624" fd1="3200" fd2="102" filter-width="5" id="a01-077u-07" lbs="-199" lbx="0" lby="2061" segmentation="ok" slant="98000" stroke-width="7275" threshold="172" text="military aides to come up with the answer" ubs="-192" ubx="0" uby="2035">
      <word id="a01-077u-07-00" tag="JJ" text="military">
        <cmp x="358" y="2039" width="96" height="26" />
        <cmp x="433" y="2011" width="10" height="10" />
        <cmp x="464" y="2015" width="69" height="51" />
        <cmp x="484" y="2013" width="8" height="13" />
        <cmp x="536" y="2035" width="71" height="28" />
        <cmp x="619" y="2039" width="45" height="51" />
      </word>
      <word id="a01-077u-07-01" tag="NNS" text="aides">
        <cmp x="740" y="2040" width="78" height="26" />
        <cmp x="790" y="2015" width="8" height="14" />
        <cmp x="825" y="2029" width="124" height="38" />
      </word>
      <word id="a01-077u-07-02" tag="TO" text="to">
        <cmp x="1035" y="2011" width="28" height="51" />
        <cmp x="1068" y="2033" width="38" height="31" />
      </word>
      <word id="a01-077u-07-03" tag="VB" text="come">
        <cmp x="1156" y="2030" width="28" height="33" />
        <cmp x="1182" y="2036" width="161" height="33" />
      </word>
      <word id="a01-077u-07-04" tag="RP" text="up">
        <cmp x="1400" y="2045" width="47" height="27" />
        <cmp x="1447" y="2038" width="44" height="45" />
      </word>
      <word id="a01-077u-07-05" tag="IN" text="with">
        <cmp x="1555" y="2036" width="52" height="33" />
        <cmp x="1611" y="2011" width="13" height="14" />
        <cmp x="1616" y="2035" width="19" height="26" />
        <cmp x="1641" y="2011" width="74" height="50" />
      </word>
      <word id="a01-077u-07-06" tag="ATI" text="the">
        <cmp x="1788" y="2013" width="24" height="45" />
        <cmp x="1821" y="2026" width="99" height="44" />
      </word>
      <word id="a01-077u-07-07" tag="NN" text="answer">
        <cmp x="1959" y="2042" width="94" height="23" />
        <cmp x="2059" y="2043" width="33" height="24" />
        <cmp x="2106" y="2044" width="52" height="29" />
        <cmp x="2171" y="2039" width="55" height="37" />
      </word>
      <upper-contour>
        <point x="373" y="1919" />
        <point x="2208" y="1919" />
      </upper-contour>
      <lower-contour>
        <point x="379" y="2089" />
        <point x="1136" y="2089" />
      </lower-contour>
    </line>
    <line ass="1116" asx="0" asy="2198" character-width="999" dss="1116" dsx="0" dsy="2286" fd0="12713" fd1="3106" fd2="12" filter-width="5" id="a01-077u-08" lbs="1015" lbx="0" lby="2251" segmentation="ok" slant="116000" stroke-width="7391" threshold="168" text="on February 20." ubs="1318" ubx="0" uby="2229">
      <word id="a01-077u-08-00" tag="IN" text="on">
        <cmp x="381" y="2220" width="71" height="32" />
      </word>
      <word id="a01-077u-08-01" tag="NR" text="February">
        <cmp x="525" y="2188" width="67" height="13" />
        <cmp x="545" y="2199" width="118" height="48" />
        <cmp x="670" y="2216" width="25" height="24" />
        <cmp x="706" y="2214" width="51" height="30" />
        <cmp x="758" y="2211" width="93" height="33" />
        <cmp x="857" y="2214" width="57" height="57" />
      </word>
      <word id="a01-077u-08-02" tag="CD" text="20">
        <cmp x="998" y="2190" width="55" height="47" />
        <cmp x="1056" y="2202" width="46" height="36" />
      </word>
      <word id="a01-077u-08-03" tag="." text=".">
        <cmp x="1126" y="2238" width="9" height="8" />
      </word>
      <upper-contour>
        <point x="379" y="2089" />
        <point x="1136" y="2089" />
      </upper-contour>
    </line>
  </handwritten-part>
</form>

