<?xml version="1.0" encoding="ISO-8859-1"?>

<!DOCTYPE form SYSTEM 'http://www.iam.unibe.ch/~fki/iamdb/form-metadata.dtd'>

<form created="2002-01-15" height="3542" id="a01-102u" last-modified="2002-07-17" skew="255" status="final" version="3.0_beta" width="2479" writer-id="000">
  <machine-printed-part>
    <machine-print-line text="&amp;quot;After a lifetime of helping others and healing the sick, my considered opinion is that" />
    <machine-print-line text="anybody supporting the increased charges is a wicked, old -.&amp;quot; Mr. Brown went on:" />
    <machine-print-line text="&amp;quot;We are dealing with a noble edifice which needs an imaginative architect to improve" />
    <machine-print-line text="it, but it has got a quantity surveyor. We have descended from the real problems to" />
    <machine-print-line text="fiddling about with bills of cost." />
  </machine-printed-part>
  <handwritten-part>
    <line ass="229" asx="0" asy="767" character-width="999" dss="229" dsx="0" dsy="844" fd0="12552" fd1="2938" fd2="470" filter-width="4" id="a01-102u-00" lbs="206" lbx="0" lby="814" segmentation="err" slant="105000" stroke-width="7065" threshold="169" text="&amp;quot;After a lifetime of helping others and" ubs="276" ubx="0" uby="791">
      <word id="a01-102u-00-00" sentence-start="yes" tag="*&apos;" text="&quot;">
        <cmp x="360" y="813" width="8" height="30" />
        <cmp x="369" y="821" width="9" height="15" />
      </word>
      <word id="a01-102u-00-01" tag="IN" text="After">
        <cmp x="425" y="774" width="26" height="49" />
        <cmp x="455" y="767" width="122" height="57" />
      </word>
      <word id="a01-102u-00-02" tag="AT" text="a">
        <cmp x="646" y="793" width="43" height="20" />
      </word>
      <word id="a01-102u-00-03" tag="NN" text="lifetime">
        <cmp x="736" y="777" width="42" height="36" />
        <cmp x="756" y="768" width="11" height="9" />
        <cmp x="789" y="772" width="79" height="38" />
        <cmp x="884" y="774" width="37" height="36" />
        <cmp x="914" y="771" width="8" height="10" />
        <cmp x="936" y="786" width="122" height="22" />
      </word>
      <word id="a01-102u-00-04" tag="INO" text="of">
        <cmp x="1131" y="790" width="39" height="30" />
        <cmp x="1178" y="764" width="31" height="50" />
      </word>
      <word id="a01-102u-00-05" tag="VBG" text="helping">
        <cmp x="1260" y="769" width="80" height="39" />
        <cmp x="1331" y="770" width="29" height="37" />
        <cmp x="1364" y="784" width="35" height="32" />
        <cmp x="1403" y="789" width="60" height="15" />
        <cmp x="1408" y="766" width="7" height="5" />
        <cmp x="1472" y="785" width="57" height="43" />
      </word>
      <word id="a01-102u-00-06" tag="APS" text="others">
        <cmp x="1587" y="781" width="30" height="28" />
        <cmp x="1613" y="761" width="137" height="52" />
        <cmp x="1752" y="787" width="33" height="21" />
      </word>
      <word id="a01-102u-00-07" tag="CC" text="and">
        <cmp x="1827" y="781" width="94" height="27" />
        <cmp x="1914" y="767" width="63" height="41" />
      </word>
      <lower-contour>
        <point x="367" y="835" />
        <point x="1978" y="835" />
      </lower-contour>
    </line>
    <line ass="856" asx="0" asy="950" character-width="999" dss="856" dsx="0" dsy="1028" fd0="13309" fd1="3185" fd2="322" filter-width="5" id="a01-102u-01" lbs="906" lbx="0" lby="1005" segmentation="ok" slant="105000" stroke-width="7197" threshold="170" text="healing the sick, my considered opinion is that" ubs="756" ubx="0" uby="978">
      <word id="a01-102u-01-00" tag="VBG" text="healing">
        <cmp x="369" y="948" width="215" height="45" />
        <cmp x="591" y="963" width="58" height="52" />
      </word>
      <word id="a01-102u-01-01" tag="ATI" text="the">
        <cmp x="732" y="948" width="121" height="48" />
      </word>
      <word id="a01-102u-01-02" tag="JJ" text="sick">
        <cmp x="921" y="969" width="25" height="21" />
        <cmp x="954" y="971" width="16" height="18" />
        <cmp x="956" y="946" width="9" height="6" />
        <cmp x="981" y="970" width="34" height="25" />
        <cmp x="1014" y="960" width="45" height="32" />
      </word>
      <word id="a01-102u-01-03" tag="," text=",">
        <cmp x="1071" y="980" width="18" height="32" />
      </word>
      <word id="a01-102u-01-04" tag="PP$" text="my">
        <cmp x="1172" y="963" width="115" height="40" />
      </word>
      <word id="a01-102u-01-05" tag="JJ" text="considered">
        <cmp x="1346" y="956" width="29" height="31" />
        <cmp x="1379" y="954" width="99" height="30" />
        <cmp x="1468" y="939" width="11" height="10" />
        <cmp x="1481" y="961" width="10" height="15" />
        <cmp x="1500" y="946" width="91" height="35" />
        <cmp x="1599" y="952" width="38" height="27" />
        <cmp x="1639" y="936" width="53" height="40" />
      </word>
      <word id="a01-102u-01-06" tag="NN" text="opinion">
        <cmp x="1761" y="951" width="31" height="29" />
        <cmp x="1797" y="952" width="35" height="34" />
        <cmp x="1836" y="928" width="13" height="9" />
        <cmp x="1837" y="952" width="16" height="19" />
        <cmp x="1861" y="953" width="64" height="19" />
        <cmp x="1894" y="928" width="11" height="10" />
        <cmp x="1929" y="950" width="62" height="23" />
      </word>
      <word id="a01-102u-01-07" tag="BEZ" text="is">
        <cmp x="2038" y="949" width="56" height="24" />
        <cmp x="2039" y="921" width="10" height="10" />
      </word>
      <word id="a01-102u-01-08" tag="CS" text="that">
        <cmp x="2134" y="925" width="133" height="51" />
      </word>
      <upper-contour>
        <point x="367" y="835" />
        <point x="1978" y="835" />
      </upper-contour>
      <lower-contour>
        <point x="372" y="1014" />
        <point x="2147" y="1014" />
      </lower-contour>
    </line>
    <line ass="673" asx="0" asy="1122" character-width="999" dss="673" dsx="0" dsy="1203" fd0="12692" fd1="2478" fd2="-383" filter-width="5" id="a01-102u-02" lbs="633" lbx="0" lby="1177" segmentation="ok" slant="117000" stroke-width="7505" threshold="169" text="anybody supporting the increased charges is a" ubs="752" ubx="0" uby="1156">
      <word id="a01-102u-02-00" tag="PN" text="anybody">
        <cmp x="374" y="1147" width="119" height="44" />
        <cmp x="484" y="1131" width="87" height="47" />
        <cmp x="572" y="1136" width="98" height="48" />
      </word>
      <word id="a01-102u-02-01" tag="VBG" text="supporting">
        <cmp x="718" y="1150" width="26" height="18" />
        <cmp x="750" y="1152" width="44" height="20" />
        <cmp x="795" y="1146" width="31" height="32" />
        <cmp x="827" y="1144" width="33" height="30" />
        <cmp x="863" y="1145" width="66" height="23" />
        <cmp x="930" y="1123" width="35" height="40" />
        <cmp x="963" y="1111" width="9" height="11" />
        <cmp x="974" y="1143" width="68" height="22" />
        <cmp x="1038" y="1141" width="58" height="51" />
      </word>
      <word id="a01-102u-02-02" tag="ATI" text="the">
        <cmp x="1160" y="1124" width="132" height="42" />
      </word>
      <word id="a01-102u-02-03" tag="JJ" text="increased">
        <cmp x="1311" y="1113" width="12" height="13" />
        <cmp x="1320" y="1143" width="52" height="18" />
        <cmp x="1386" y="1133" width="38" height="31" />
        <cmp x="1432" y="1129" width="102" height="33" />
        <cmp x="1536" y="1135" width="32" height="21" />
        <cmp x="1574" y="1116" width="82" height="41" />
      </word>
      <word id="a01-102u-02-04" tag="NNS" text="charges">
        <cmp x="1727" y="1111" width="131" height="50" />
        <cmp x="1864" y="1128" width="97" height="49" />
      </word>
      <word id="a01-102u-02-05" tag="BEZ" text="is">
        <cmp x="2006" y="1131" width="46" height="28" />
        <cmp x="2010" y="1103" width="10" height="12" />
      </word>
      <word id="a01-102u-02-06" tag="AT" text="a">
        <cmp x="2095" y="1127" width="51" height="28" />
      </word>
      <upper-contour>
        <point x="372" y="1014" />
        <point x="2147" y="1014" />
      </upper-contour>
      <lower-contour>
        <point x="377" y="1192" />
        <point x="2147" y="1192" />
      </lower-contour>
    </line>
    <line ass="866" asx="0" asy="1297" character-width="999" dss="866" dsx="0" dsy="1395" fd0="13164" fd1="3898" fd2="1159" filter-width="5" id="a01-102u-03" lbs="909" lbx="0" lby="1363" segmentation="ok" slant="99000" stroke-width="7273" threshold="170" text="wicked, old -.&amp;quot; Mr. Brown went on: &amp;quot;We" ubs="780" ubx="0" uby="1338">
      <word id="a01-102u-03-00" tag="JJ" text="wicked">
        <cmp x="379" y="1334" width="45" height="30" />
        <cmp x="426" y="1311" width="12" height="20" />
        <cmp x="426" y="1334" width="23" height="24" />
        <cmp x="457" y="1319" width="153" height="40" />
      </word>
      <word id="a01-102u-03-01" tag="," text=",">
        <cmp x="653" y="1347" width="19" height="38" />
      </word>
      <word id="a01-102u-03-02" tag="JJ" text="old">
        <cmp x="727" y="1324" width="34" height="30" />
        <cmp x="763" y="1313" width="19" height="37" />
        <cmp x="787" y="1308" width="56" height="39" />
      </word>
      <word id="a01-102u-03-03" tag="*-" text="-">
        <cmp x="893" y="1324" width="27" height="10" />
      </word>
      <word id="a01-102u-03-04" tag="." text=".">
        <cmp x="950" y="1343" width="9" height="8" />
      </word>
      <word id="a01-102u-03-05" tag="**&apos;" text="&quot;">
        <cmp x="1002" y="1283" width="23" height="21" />
      </word>
      <word id="a01-102u-03-06" sentence-start="yes" tag="NPT" text="Mr.">
        <cmp x="1083" y="1302" width="114" height="58" />
        <cmp x="1215" y="1338" width="8" height="9" />
      </word>
      <word id="a01-102u-03-07" tag="NP" text="Brown">
        <cmp x="1271" y="1283" width="87" height="56" />
        <cmp x="1364" y="1316" width="18" height="24" />
        <cmp x="1388" y="1313" width="91" height="29" />
        <cmp x="1484" y="1317" width="35" height="23" />
      </word>
      <word id="a01-102u-03-08" tag="VBD" text="went">
        <cmp x="1599" y="1309" width="159" height="34" />
        <cmp x="1747" y="1290" width="40" height="44" />
      </word>
      <word id="a01-102u-03-09" tag="RP" text="on">
        <cmp x="1822" y="1310" width="78" height="26" />
      </word>
      <word id="a01-102u-03-10" tag=":" text=":">
        <cmp x="1942" y="1301" width="8" height="8" />
        <cmp x="1943" y="1315" width="10" height="9" />
      </word>
      <word id="a01-102u-03-11" sentence-start="yes" tag="*&apos;" text="&quot;">
        <cmp x="2004" y="1321" width="34" height="21" />
      </word>
      <word id="a01-102u-03-12" tag="PP1AS" text="We">
        <cmp x="2068" y="1284" width="63" height="44" />
        <cmp x="2132" y="1300" width="54" height="34" />
      </word>
      <upper-contour>
        <point x="377" y="1192" />
        <point x="2147" y="1192" />
      </upper-contour>
      <lower-contour>
        <point x="377" y="1384" />
        <point x="2152" y="1384" />
      </lower-contour>
    </line>
    <line ass="910" asx="0" asy="1490" character-width="999" dss="910" dsx="0" dsy="1570" fd0="13129" fd1="3050" fd2="100" filter-width="5" id="a01-102u-04" lbs="1032" lbx="0" lby="1545" segmentation="ok" slant="108000" stroke-width="7289" threshold="169" text="are dealing with a noble edifice which" ubs="667" ubx="0" uby="1511">
      <word id="a01-102u-04-00" tag="BER" text="are">
        <cmp x="363" y="1498" width="114" height="40" />
      </word>
      <word id="a01-102u-04-01" tag="VBG" text="dealing">
        <cmp x="574" y="1490" width="85" height="39" />
        <cmp x="660" y="1484" width="119" height="45" />
        <cmp x="738" y="1486" width="11" height="9" />
        <cmp x="776" y="1503" width="63" height="56" />
      </word>
      <word id="a01-102u-04-02" tag="IN" text="with">
        <cmp x="924" y="1504" width="48" height="29" />
        <cmp x="975" y="1481" width="15" height="10" />
        <cmp x="978" y="1500" width="20" height="24" />
        <cmp x="1004" y="1480" width="90" height="47" />
      </word>
      <word id="a01-102u-04-03" tag="AT" text="a">
        <cmp x="1188" y="1501" width="56" height="26" />
      </word>
      <word id="a01-102u-04-04" tag="JJ" text="noble">
        <cmp x="1287" y="1504" width="43" height="20" />
        <cmp x="1330" y="1479" width="81" height="45" />
        <cmp x="1414" y="1485" width="87" height="40" />
      </word>
      <word id="a01-102u-04-05" tag="NN" text="edifice">
        <cmp x="1562" y="1484" width="37" height="29" />
        <cmp x="1602" y="1483" width="77" height="31" />
        <cmp x="1650" y="1464" width="13" height="12" />
        <cmp x="1692" y="1465" width="61" height="60" />
        <cmp x="1746" y="1473" width="10" height="12" />
        <cmp x="1765" y="1486" width="100" height="27" />
      </word>
      <word id="a01-102u-04-06" tag="WDT" text="which">
        <cmp x="1928" y="1477" width="54" height="38" />
        <cmp x="1995" y="1472" width="69" height="35" />
        <cmp x="2038" y="1462" width="9" height="9" />
        <cmp x="2071" y="1478" width="80" height="33" />
      </word>
      <upper-contour>
        <point x="377" y="1384" />
        <point x="2152" y="1384" />
      </upper-contour>
      <lower-contour>
        <point x="361" y="1558" />
        <point x="2152" y="1558" />
      </lower-contour>
    </line>
    <line ass="759" asx="0" asy="1659" character-width="999" dss="759" dsx="0" dsy="1738" fd0="13073" fd1="3134" fd2="258" filter-width="5" id="a01-102u-05" lbs="777" lbx="0" lby="1718" segmentation="ok" slant="108000" stroke-width="7267" threshold="169" text="needs an imaginative architect to improve" ubs="724" ubx="0" uby="1696">
      <word id="a01-102u-05-00" tag="VBZ" text="needs">
        <cmp x="348" y="1675" width="176" height="42" />
        <cmp x="542" y="1687" width="28" height="26" />
      </word>
      <word id="a01-102u-05-01" tag="AT" text="an">
        <cmp x="643" y="1685" width="97" height="24" />
      </word>
      <word id="a01-102u-05-02" tag="JJ" text="imaginative">
        <cmp x="841" y="1687" width="86" height="20" />
        <cmp x="844" y="1659" width="15" height="11" />
        <cmp x="947" y="1681" width="54" height="27" />
        <cmp x="1005" y="1679" width="72" height="46" />
        <cmp x="1047" y="1658" width="12" height="10" />
        <cmp x="1095" y="1681" width="40" height="21" />
        <cmp x="1134" y="1658" width="75" height="44" />
        <cmp x="1198" y="1654" width="10" height="13" />
        <cmp x="1221" y="1675" width="23" height="20" />
        <cmp x="1246" y="1671" width="58" height="33" />
      </word>
      <word id="a01-102u-05-03" tag="NN" text="architect">
        <cmp x="1362" y="1673" width="90" height="33" />
        <cmp x="1454" y="1673" width="43" height="29" />
        <cmp x="1494" y="1658" width="88" height="37" />
        <cmp x="1555" y="1638" width="14" height="15" />
        <cmp x="1596" y="1650" width="70" height="45" />
        <cmp x="1669" y="1648" width="80" height="47" />
      </word>
      <word id="a01-102u-05-04" tag="TO" text="to">
        <cmp x="1803" y="1659" width="28" height="38" />
        <cmp x="1837" y="1668" width="35" height="30" />
      </word>
      <word id="a01-102u-05-05" tag="VB" text="improve">
        <cmp x="1926" y="1670" width="82" height="21" />
        <cmp x="1938" y="1638" width="15" height="10" />
        <cmp x="2007" y="1667" width="66" height="32" />
        <cmp x="2080" y="1665" width="16" height="23" />
        <cmp x="2101" y="1665" width="32" height="26" />
        <cmp x="2136" y="1658" width="88" height="45" />
      </word>
      <upper-contour>
        <point x="361" y="1558" />
        <point x="2152" y="1558" />
      </upper-contour>
      <lower-contour>
        <point x="346" y="1725" />
        <point x="2225" y="1725" />
      </lower-contour>
    </line>
    <line ass="625" asx="0" asy="1834" character-width="999" dss="625" dsx="0" dsy="1920" fd0="13012" fd1="3267" fd2="295" filter-width="5" id="a01-102u-06" lbs="676" lbx="0" lby="1896" segmentation="ok" slant="114999" stroke-width="7351" threshold="169" text="it, but it has got a quantity surveyor. We" ubs="523" ubx="0" uby="1866">
      <word id="a01-102u-06-00" tag="PP3" text="it">
        <cmp x="331" y="1849" width="18" height="11" />
        <cmp x="341" y="1837" width="70" height="58" />
      </word>
      <word id="a01-102u-06-01" tag="," text=",">
        <cmp x="440" y="1878" width="13" height="29" />
      </word>
      <word id="a01-102u-06-02" tag="CC" text="but">
        <cmp x="529" y="1840" width="46" height="55" />
        <cmp x="574" y="1839" width="84" height="49" />
      </word>
      <word id="a01-102u-06-03" tag="PP3" text="it">
        <cmp x="703" y="1827" width="16" height="22" />
        <cmp x="709" y="1863" width="20" height="22" />
        <cmp x="726" y="1834" width="34" height="49" />
      </word>
      <word id="a01-102u-06-04" tag="HVZ" text="has">
        <cmp x="827" y="1845" width="49" height="36" />
        <cmp x="875" y="1850" width="77" height="37" />
      </word>
      <word id="a01-102u-06-05" tag="VBN" text="got">
        <cmp x="1003" y="1858" width="48" height="45" />
        <cmp x="1049" y="1838" width="78" height="44" />
      </word>
      <word id="a01-102u-06-06" tag="AT" text="a">
        <cmp x="1171" y="1853" width="56" height="26" />
      </word>
      <word id="a01-102u-06-07" tag="NN" text="quantity">
        <cmp x="1293" y="1857" width="39" height="49" />
        <cmp x="1343" y="1857" width="37" height="23" />
        <cmp x="1387" y="1851" width="89" height="29" />
        <cmp x="1484" y="1831" width="47" height="38" />
        <cmp x="1516" y="1824" width="11" height="13" />
        <cmp x="1540" y="1827" width="79" height="71" />
      </word>
      <word id="a01-102u-06-08" tag="NN" text="surveyor">
        <cmp x="1662" y="1857" width="29" height="18" />
        <cmp x="1704" y="1847" width="72" height="26" />
        <cmp x="1782" y="1842" width="42" height="31" />
        <cmp x="1828" y="1838" width="91" height="51" />
        <cmp x="1917" y="1844" width="76" height="29" />
      </word>
      <word id="a01-102u-06-09" tag="." text=".">
        <cmp x="2012" y="1862" width="10" height="8" />
      </word>
      <word id="a01-102u-06-10" sentence-start="yes" tag="PP1AS" text="We">
        <cmp x="2086" y="1825" width="68" height="46" />
        <cmp x="2161" y="1842" width="64" height="38" />
      </word>
      <upper-contour>
        <point x="346" y="1725" />
        <point x="2225" y="1725" />
      </upper-contour>
      <lower-contour>
        <point x="335" y="1906" />
        <point x="2205" y="1906" />
      </lower-contour>
    </line>
    <line ass="739" asx="0" asy="2016" character-width="999" dss="739" dsx="0" dsy="2092" fd0="12551" fd1="2747" fd2="-236" filter-width="5" id="a01-102u-07" lbs="789" lbx="0" lby="2071" segmentation="ok" slant="102000" stroke-width="7231" threshold="169" text="have descended from the real problems to" ubs="639" ubx="0" uby="2042">
      <word id="a01-102u-07-00" tag="HV" text="have">
        <cmp x="337" y="2031" width="113" height="40" />
        <cmp x="459" y="2035" width="60" height="37" />
      </word>
      <word id="a01-102u-07-01" tag="VBN" text="descended">
        <cmp x="583" y="2026" width="123" height="36" />
        <cmp x="724" y="2027" width="124" height="32" />
        <cmp x="845" y="2024" width="147" height="38" />
      </word>
      <word id="a01-102u-07-02" tag="IN" text="from">
        <cmp x="1066" y="2012" width="55" height="67" />
        <cmp x="1128" y="2034" width="107" height="26" />
      </word>
      <word id="a01-102u-07-03" tag="ATI" text="the">
        <cmp x="1311" y="2008" width="126" height="50" />
      </word>
      <word id="a01-102u-07-04" tag="JJ" text="real">
        <cmp x="1477" y="2015" width="138" height="32" />
        <cmp x="1613" y="2008" width="31" height="40" />
      </word>
      <word id="a01-102u-07-05" tag="NNS" text="problems">
        <cmp x="1729" y="2019" width="32" height="37" />
        <cmp x="1770" y="2019" width="23" height="22" />
        <cmp x="1802" y="1993" width="93" height="55" />
        <cmp x="1909" y="2011" width="127" height="36" />
        <cmp x="2042" y="2025" width="34" height="24" />
      </word>
      <word id="a01-102u-07-06" tag="IN" text="to">
        <cmp x="2129" y="2004" width="28" height="41" />
        <cmp x="2163" y="2026" width="41" height="24" />
      </word>
      <upper-contour>
        <point x="335" y="1906" />
        <point x="2205" y="1906" />
      </upper-contour>
      <lower-contour>
        <point x="361" y="2080" />
        <point x="1998" y="2080" />
      </lower-contour>
    </line>
    <line ass="580" asx="0" asy="2190" character-width="999" dss="580" dsx="0" dsy="2281" fd0="11992" fd1="2926" fd2="-224" filter-width="5" id="a01-102u-08" lbs="627" lbx="0" lby="2249" segmentation="ok" slant="98000" stroke-width="7425" threshold="170" text="fiddling about with bills of cost." ubs="487" ubx="0" uby="2220">
      <word id="a01-102u-08-00" tag="VBG" text="fiddling">
        <cmp x="363" y="2203" width="47" height="72" />
        <cmp x="400" y="2211" width="12" height="13" />
        <cmp x="420" y="2217" width="56" height="35" />
        <cmp x="478" y="2212" width="64" height="39" />
        <cmp x="544" y="2196" width="121" height="45" />
        <cmp x="565" y="2202" width="8" height="9" />
        <cmp x="679" y="2218" width="54" height="57" />
      </word>
      <word id="a01-102u-08-01" tag="RP" text="about">
        <cmp x="854" y="2197" width="91" height="45" />
        <cmp x="952" y="2194" width="127" height="46" />
      </word>
      <word id="a01-102u-08-02" tag="IN" text="with">
        <cmp x="1176" y="2206" width="52" height="32" />
        <cmp x="1235" y="2178" width="10" height="14" />
        <cmp x="1237" y="2213" width="16" height="19" />
        <cmp x="1258" y="2176" width="71" height="55" />
      </word>
      <word id="a01-102u-08-03" tag="NNS" text="bills">
        <cmp x="1448" y="2188" width="44" height="48" />
        <cmp x="1496" y="2207" width="17" height="21" />
        <cmp x="1504" y="2179" width="10" height="17" />
        <cmp x="1527" y="2188" width="85" height="45" />
      </word>
      <word id="a01-102u-08-04" tag="INO" text="of">
        <cmp x="1656" y="2176" width="74" height="65" />
      </word>
      <word id="a01-102u-08-05" tag="NN" text="cost">
        <cmp x="1816" y="2201" width="43" height="34" />
        <cmp x="1859" y="2205" width="65" height="30" />
        <cmp x="1933" y="2184" width="29" height="42" />
      </word>
      <word id="a01-102u-08-06" tag="." text=".">
        <cmp x="1988" y="2228" width="9" height="10" />
      </word>
      <upper-contour>
        <point x="361" y="2080" />
        <point x="1998" y="2080" />
      </upper-contour>
    </line>
  </handwritten-part>
</form>

