<?xml version="1.0" encoding="ISO-8859-1"?>

<!DOCTYPE form SYSTEM 'http://www.iam.unibe.ch/~fki/iamdb/form-metadata.dtd'>

<form created="2002-01-15" height="3542" id="a01-122u" last-modified="2002-07-17" skew="255" status="final" version="3.0_beta" width="2479" writer-id="000">
  <machine-printed-part>
    <machine-print-line text="&amp;quot;Mr. Powell finds it easier to take it out of mothers, children and sick people than to" />
    <machine-print-line text="take on this vast industry,&amp;quot; Mr. Brown commented icily. &amp;quot;Let us have a full inquiry" />
    <machine-print-line text="into the cost of drugs and the pharmaceutical industry.&amp;quot; The health of children today" />
    <machine-print-line text="owed much to the welfare food scheme. It was maintained during the war. Now in" />
    <machine-print-line text="conditions of Tory affluence it seemed it could not be carried on." />
  </machine-printed-part>
  <handwritten-part>
    <line ass="625" asx="0" asy="789" character-width="999" dss="625" dsx="0" dsy="859" fd0="12349" fd1="2980" fd2="466" filter-width="5" id="a01-122u-00" lbs="566" lbx="0" lby="839" segmentation="ok" slant="95000" stroke-width="7163" threshold="167" text="&amp;quot;Mr. Powell finds it easier to take it out" ubs="744" ubx="0" uby="819">
      <word id="a01-122u-00-00" sentence-start="yes" tag="*&apos;" text="&quot;">
        <cmp x="362" y="827" width="18" height="27" />
      </word>
      <word id="a01-122u-00-01" tag="NPT" text="Mr.">
        <cmp x="437" y="786" width="93" height="54" />
        <cmp x="543" y="824" width="7" height="5" />
      </word>
      <word id="a01-122u-00-02" tag="NP" text="Powell">
        <cmp x="612" y="784" width="61" height="49" />
        <cmp x="671" y="808" width="35" height="26" />
        <cmp x="710" y="800" width="93" height="33" />
        <cmp x="798" y="795" width="65" height="35" />
      </word>
      <word id="a01-122u-00-03" tag="VBZ" text="finds">
        <cmp x="905" y="784" width="82" height="55" />
        <cmp x="991" y="799" width="90" height="32" />
      </word>
      <word id="a01-122u-00-04" tag="PP3" text="it">
        <cmp x="1162" y="793" width="11" height="7" />
        <cmp x="1165" y="811" width="19" height="24" />
        <cmp x="1181" y="783" width="32" height="45" />
      </word>
      <word id="a01-122u-00-05" tag="JJR" text="easier">
        <cmp x="1262" y="796" width="115" height="32" />
        <cmp x="1387" y="798" width="76" height="32" />
        <cmp x="1390" y="782" width="6" height="6" />
      </word>
      <word id="a01-122u-00-06" tag="TO" text="to">
        <cmp x="1537" y="789" width="28" height="41" />
        <cmp x="1569" y="802" width="37" height="30" />
      </word>
      <word id="a01-122u-00-07" tag="VB" text="take">
        <cmp x="1637" y="786" width="33" height="33" />
        <cmp x="1670" y="792" width="156" height="32" />
      </word>
      <word id="a01-122u-00-08" tag="PP3" text="it">
        <cmp x="1887" y="772" width="15" height="8" />
        <cmp x="1893" y="769" width="56" height="50" />
      </word>
      <word id="a01-122u-00-09" tag="RP" text="out">
        <cmp x="2004" y="780" width="123" height="42" />
      </word>
      <lower-contour>
        <point x="362" y="853" />
        <point x="2128" y="853" />
      </lower-contour>
    </line>
    <line ass="489" asx="0" asy="966" character-width="999" dss="489" dsx="0" dsy="1043" fd0="13155" fd1="2975" fd2="187" filter-width="4" id="a01-122u-01" lbs="510" lbx="0" lby="1016" segmentation="ok" slant="108000" stroke-width="6841" threshold="171" text="of mothers, children and sick people than" ubs="447" ubx="0" uby="991">
      <word id="a01-122u-01-00" tag="INO" text="of">
        <cmp x="364" y="988" width="35" height="33" />
        <cmp x="401" y="963" width="39" height="52" />
      </word>
      <word id="a01-122u-01-01" tag="NNS" text="mothers">
        <cmp x="516" y="986" width="93" height="28" />
        <cmp x="607" y="967" width="171" height="48" />
      </word>
      <word id="a01-122u-01-02" tag="," text=",">
        <cmp x="798" y="1002" width="12" height="35" />
      </word>
      <word id="a01-122u-01-03" tag="NNS" text="children">
        <cmp x="857" y="976" width="114" height="35" />
        <cmp x="942" y="959" width="12" height="12" />
        <cmp x="968" y="968" width="19" height="39" />
        <cmp x="994" y="973" width="168" height="35" />
      </word>
      <word id="a01-122u-01-04" tag="CC" text="and">
        <cmp x="1242" y="984" width="89" height="20" />
        <cmp x="1342" y="965" width="64" height="39" />
      </word>
      <word id="a01-122u-01-05" tag="JJ" text="sick">
        <cmp x="1456" y="978" width="57" height="21" />
        <cmp x="1532" y="973" width="68" height="35" />
      </word>
      <word id="a01-122u-01-06" tag="NNS" text="people">
        <cmp x="1654" y="975" width="114" height="40" />
        <cmp x="1780" y="977" width="30" height="33" />
        <cmp x="1820" y="970" width="91" height="36" />
      </word>
      <word id="a01-122u-01-07" tag="CS" text="than">
        <cmp x="1978" y="956" width="182" height="45" />
      </word>
      <upper-contour>
        <point x="362" y="853" />
        <point x="2128" y="853" />
      </upper-contour>
      <lower-contour>
        <point x="366" y="1036" />
        <point x="2117" y="1036" />
      </lower-contour>
    </line>
    <line ass="215" asx="0" asy="1135" character-width="999" dss="215" dsx="0" dsy="1230" fd0="12901" fd1="3196" fd2="976" filter-width="4" id="a01-122u-02" lbs="255" lbx="0" lby="1191" segmentation="ok" slant="101000" stroke-width="7041" threshold="169" text="to take on this vast industry,&amp;quot; Mr." ubs="134" ubx="0" uby="1166">
      <word id="a01-122u-02-00" tag="TO" text="to">
        <cmp x="368" y="1151" width="33" height="40" />
        <cmp x="404" y="1166" width="42" height="32" />
      </word>
      <word id="a01-122u-02-01" tag="VB" text="take">
        <cmp x="536" y="1154" width="38" height="34" />
        <cmp x="581" y="1157" width="174" height="37" />
      </word>
      <word id="a01-122u-02-02" tag="IN" text="on">
        <cmp x="851" y="1161" width="84" height="31" />
      </word>
      <word id="a01-122u-02-03" tag="DT" text="this">
        <cmp x="1028" y="1143" width="29" height="38" />
        <cmp x="1065" y="1154" width="107" height="31" />
        <cmp x="1116" y="1137" width="10" height="11" />
      </word>
      <word id="a01-122u-02-04" tag="JJ" text="vast">
        <cmp x="1257" y="1154" width="33" height="32" />
        <cmp x="1294" y="1156" width="76" height="28" />
        <cmp x="1371" y="1139" width="35" height="41" />
      </word>
      <word id="a01-122u-02-05" tag="NN" text="industry">
        <cmp x="1469" y="1137" width="11" height="9" />
        <cmp x="1479" y="1170" width="65" height="15" />
        <cmp x="1556" y="1147" width="51" height="36" />
        <cmp x="1633" y="1140" width="129" height="46" />
        <cmp x="1780" y="1165" width="53" height="49" />
      </word>
      <word id="a01-122u-02-06" tag="," text=",">
        <cmp x="1854" y="1181" width="25" height="43" />
      </word>
      <word id="a01-122u-02-07" tag="**&apos;" text="&quot;">
        <cmp x="1907" y="1129" width="24" height="22" />
      </word>
      <word id="a01-122u-02-08" tag="NPT" text="Mr.">
        <cmp x="1990" y="1134" width="104" height="51" />
        <cmp x="2109" y="1174" width="8" height="7" />
      </word>
      <upper-contour>
        <point x="366" y="1036" />
        <point x="2117" y="1036" />
      </upper-contour>
      <lower-contour>
        <point x="366" y="1226" />
        <point x="2107" y="1226" />
      </lower-contour>
    </line>
    <line ass="-15" asx="0" asy="1309" character-width="999" dss="-15" dsx="0" dsy="1385" fd0="13523" fd1="3310" fd2="278" filter-width="4" id="a01-122u-03" lbs="-16" lbx="0" lby="1364" segmentation="ok" slant="101000" stroke-width="7068" threshold="173" text="Brown commented icily. &amp;quot;Let us have a" ubs="-13" ubx="0" uby="1341">
      <word id="a01-122u-03-00" tag="NP" text="Brown">
        <cmp x="343" y="1311" width="74" height="58" />
        <cmp x="423" y="1339" width="22" height="26" />
        <cmp x="447" y="1339" width="102" height="32" />
        <cmp x="561" y="1344" width="35" height="20" />
      </word>
      <word id="a01-122u-03-01" tag="VBD" text="commented">
        <cmp x="646" y="1337" width="148" height="34" />
        <cmp x="801" y="1337" width="153" height="30" />
        <cmp x="960" y="1328" width="145" height="36" />
      </word>
      <word id="a01-122u-03-02" tag="RB" text="icily">
        <cmp x="1205" y="1312" width="16" height="14" />
        <cmp x="1215" y="1338" width="13" height="30" />
        <cmp x="1248" y="1336" width="54" height="27" />
        <cmp x="1276" y="1311" width="10" height="12" />
        <cmp x="1310" y="1326" width="78" height="61" />
      </word>
      <word id="a01-122u-03-03" tag="." text=".">
        <cmp x="1425" y="1358" width="10" height="10" />
      </word>
      <word id="a01-122u-03-04" sentence-start="yes" tag="*&apos;" text="&quot;">
        <cmp x="1496" y="1357" width="27" height="19" />
      </word>
      <word id="a01-122u-03-05" tag="VB" text="Let">
        <cmp x="1555" y="1326" width="63" height="39" />
        <cmp x="1618" y="1324" width="22" height="39" />
      </word>
      <word id="a01-122u-03-06" tag="PP1OS" text="us">
        <cmp x="1693" y="1332" width="21" height="26" />
        <cmp x="1715" y="1335" width="52" height="30" />
      </word>
      <word id="a01-122u-03-07" tag="HV" text="have">
        <cmp x="1829" y="1328" width="68" height="42" />
        <cmp x="1904" y="1328" width="95" height="41" />
      </word>
      <word id="a01-122u-03-08" tag="AT" text="a">
        <cmp x="2065" y="1342" width="41" height="26" />
      </word>
      <upper-contour>
        <point x="366" y="1226" />
        <point x="2107" y="1226" />
      </upper-contour>
      <lower-contour>
        <point x="354" y="1387" />
        <point x="2082" y="1387" />
      </lower-contour>
    </line>
    <line ass="568" asx="0" asy="1494" character-width="999" dss="568" dsx="0" dsy="1587" fd0="13307" fd1="3285" fd2="374" filter-width="5" id="a01-122u-04" lbs="519" lbx="0" lby="1556" segmentation="ok" slant="108000" stroke-width="7228" threshold="170" text="full inquiry into the cost of drugs and" ubs="665" ubx="0" uby="1533">
      <word id="a01-122u-04-00" tag="JJ" text="full">
        <cmp x="356" y="1502" width="74" height="68" />
        <cmp x="428" y="1514" width="47" height="38" />
      </word>
      <word id="a01-122u-04-01" tag="NN" text="inquiry">
        <cmp x="542" y="1500" width="15" height="9" />
        <cmp x="543" y="1527" width="68" height="18" />
        <cmp x="627" y="1524" width="50" height="34" />
        <cmp x="673" y="1526" width="66" height="27" />
        <cmp x="713" y="1500" width="9" height="9" />
        <cmp x="740" y="1524" width="41" height="26" />
        <cmp x="783" y="1523" width="60" height="58" />
      </word>
      <word id="a01-122u-04-02" tag="IN" text="into">
        <cmp x="902" y="1487" width="10" height="12" />
        <cmp x="914" y="1500" width="111" height="42" />
        <cmp x="1031" y="1516" width="33" height="28" />
      </word>
      <word id="a01-122u-04-03" tag="ATI" text="the">
        <cmp x="1166" y="1504" width="132" height="46" />
      </word>
      <word id="a01-122u-04-04" tag="NN" text="cost">
        <cmp x="1331" y="1515" width="28" height="33" />
        <cmp x="1362" y="1515" width="34" height="29" />
        <cmp x="1396" y="1515" width="31" height="27" />
        <cmp x="1436" y="1500" width="41" height="40" />
      </word>
      <word id="a01-122u-04-05" tag="INO" text="of">
        <cmp x="1527" y="1518" width="37" height="32" />
        <cmp x="1565" y="1488" width="33" height="65" />
      </word>
      <word id="a01-122u-04-06" tag="NNS" text="drugs">
        <cmp x="1649" y="1505" width="73" height="42" />
        <cmp x="1730" y="1518" width="42" height="25" />
        <cmp x="1784" y="1516" width="46" height="49" />
        <cmp x="1835" y="1515" width="32" height="28" />
      </word>
      <word id="a01-122u-04-07" tag="CC" text="and">
        <cmp x="1920" y="1512" width="95" height="23" />
        <cmp x="2021" y="1488" width="60" height="42" />
      </word>
      <upper-contour>
        <point x="354" y="1387" />
        <point x="2082" y="1387" />
      </upper-contour>
      <lower-contour>
        <point x="354" y="1580" />
        <point x="2082" y="1580" />
      </lower-contour>
    </line>
    <line ass="485" asx="0" asy="1678" character-width="999" dss="485" dsx="0" dsy="1759" fd0="13574" fd1="3306" fd2="185" filter-width="4" id="a01-122u-05" lbs="391" lbx="0" lby="1730" segmentation="ok" slant="116000" stroke-width="7089" threshold="173" text="the pharmaceutical industry.&amp;quot; The health" ubs="673" ubx="0" uby="1710">
      <word id="a01-122u-05-00" tag="ATI" text="the">
        <cmp x="344" y="1685" width="148" height="44" />
      </word>
      <word id="a01-122u-05-01" tag="JJ" text="pharmaceutical">
        <cmp x="562" y="1705" width="40" height="32" />
        <cmp x="617" y="1707" width="47" height="21" />
        <cmp x="667" y="1700" width="168" height="31" />
        <cmp x="842" y="1699" width="63" height="26" />
        <cmp x="913" y="1690" width="124" height="37" />
        <cmp x="1039" y="1684" width="45" height="38" />
        <cmp x="1071" y="1679" width="12" height="11" />
        <cmp x="1094" y="1695" width="23" height="26" />
        <cmp x="1118" y="1705" width="4" height="6" />
        <cmp x="1124" y="1694" width="54" height="26" />
        <cmp x="1176" y="1687" width="24" height="35" />
      </word>
      <word id="a01-122u-05-02" tag="NN" text="industry">
        <cmp x="1262" y="1669" width="14" height="9" />
        <cmp x="1266" y="1699" width="70" height="24" />
        <cmp x="1338" y="1682" width="106" height="37" />
        <cmp x="1446" y="1697" width="29" height="24" />
        <cmp x="1478" y="1679" width="42" height="39" />
        <cmp x="1526" y="1702" width="51" height="45" />
      </word>
      <word id="a01-122u-05-03" tag="." text=".">
        <cmp x="1585" y="1720" width="10" height="8" />
      </word>
      <word id="a01-122u-05-04" tag="**&apos;" text="&quot;">
        <cmp x="1627" y="1672" width="22" height="18" />
      </word>
      <word id="a01-122u-05-05" sentence-start="yes" tag="ATI" text="The">
        <cmp x="1702" y="1671" width="162" height="45" />
        <cmp x="1730" y="1690" width="9" height="22" />
      </word>
      <word id="a01-122u-05-06" tag="NN" text="health">
        <cmp x="1897" y="1677" width="73" height="42" />
        <cmp x="1971" y="1693" width="46" height="27" />
        <cmp x="2013" y="1678" width="101" height="44" />
      </word>
      <upper-contour>
        <point x="354" y="1580" />
        <point x="2082" y="1580" />
      </upper-contour>
      <lower-contour>
        <point x="342" y="1749" />
        <point x="2115" y="1749" />
      </lower-contour>
    </line>
    <line ass="197" asx="0" asy="1854" character-width="999" dss="197" dsx="0" dsy="1928" fd0="13005" fd1="2795" fd2="-150" filter-width="5" id="a01-122u-06" lbs="219" lbx="0" lby="1907" segmentation="ok" slant="107000" stroke-width="7198" threshold="172" text="of children today owed much to the welfare" ubs="154" ubx="0" uby="1879">
      <word id="a01-122u-06-00" tag="INO" text="of">
        <cmp x="343" y="1853" width="74" height="67" />
      </word>
      <word id="a01-122u-06-01" tag="NNS" text="children">
        <cmp x="496" y="1868" width="111" height="41" />
        <cmp x="583" y="1853" width="14" height="18" />
        <cmp x="609" y="1870" width="23" height="34" />
        <cmp x="634" y="1856" width="172" height="48" />
      </word>
      <word id="a01-122u-06-02" tag="NR" text="today">
        <cmp x="878" y="1859" width="70" height="46" />
        <cmp x="957" y="1869" width="59" height="33" />
        <cmp x="1023" y="1878" width="97" height="47" />
      </word>
      <word id="a01-122u-06-03" tag="VBD" text="owed">
        <cmp x="1195" y="1872" width="40" height="34" />
        <cmp x="1239" y="1868" width="57" height="32" />
        <cmp x="1298" y="1863" width="45" height="35" />
        <cmp x="1343" y="1854" width="57" height="41" />
      </word>
      <word id="a01-122u-06-04" tag="AP" text="much">
        <cmp x="1483" y="1883" width="110" height="24" />
        <cmp x="1603" y="1867" width="89" height="36" />
      </word>
      <word id="a01-122u-06-05" tag="IN" text="to">
        <cmp x="1752" y="1856" width="27" height="43" />
        <cmp x="1781" y="1871" width="28" height="29" />
      </word>
      <word id="a01-122u-06-06" tag="ATI" text="the">
        <cmp x="1872" y="1866" width="140" height="37" />
      </word>
      <word id="a01-122u-06-07" tag="NN" text="welfare">
        <cmp x="2056" y="1863" width="112" height="38" />
        <cmp x="2171" y="1853" width="35" height="51" />
        <cmp x="2210" y="1872" width="133" height="43" />
      </word>
      <upper-contour>
        <point x="342" y="1749" />
        <point x="2115" y="1749" />
      </upper-contour>
      <lower-contour>
        <point x="348" y="1925" />
        <point x="2240" y="1925" />
      </lower-contour>
    </line>
    <line ass="372" asx="0" asy="2034" character-width="999" dss="372" dsx="0" dsy="2128" fd0="12663" fd1="2986" fd2="389" filter-width="5" id="a01-122u-07" lbs="368" lbx="0" lby="2090" segmentation="ok" slant="103000" stroke-width="7217" threshold="174" text="food scheme. It was maintained during" ubs="379" ubx="0" uby="2066">
      <word id="a01-122u-07-00" tag="NN" text="food">
        <cmp x="350" y="2043" width="23" height="61" />
        <cmp x="378" y="2063" width="41" height="30" />
        <cmp x="424" y="2062" width="34" height="28" />
        <cmp x="470" y="2051" width="79" height="46" />
      </word>
      <word id="a01-122u-07-01" tag="NN" text="scheme">
        <cmp x="620" y="2060" width="25" height="19" />
        <cmp x="656" y="2047" width="150" height="39" />
        <cmp x="805" y="2055" width="138" height="37" />
      </word>
      <word id="a01-122u-07-02" tag="." text=".">
        <cmp x="979" y="2071" width="15" height="13" />
      </word>
      <word id="a01-122u-07-03" sentence-start="yes" tag="PP3" text="It">
        <cmp x="1093" y="2028" width="21" height="57" />
        <cmp x="1125" y="2035" width="34" height="42" />
      </word>
      <word id="a01-122u-07-04" tag="BEDZ" text="was">
        <cmp x="1210" y="2055" width="59" height="31" />
        <cmp x="1274" y="2057" width="89" height="31" />
      </word>
      <word id="a01-122u-07-05" tag="VBN" text="maintained">
        <cmp x="1446" y="2065" width="71" height="21" />
        <cmp x="1521" y="2054" width="85" height="30" />
        <cmp x="1574" y="2030" width="12" height="12" />
        <cmp x="1615" y="2037" width="71" height="43" />
        <cmp x="1700" y="2052" width="83" height="26" />
        <cmp x="1756" y="2034" width="10" height="11" />
        <cmp x="1792" y="2038" width="142" height="38" />
      </word>
      <word id="a01-122u-07-06" tag="IN" text="during">
        <cmp x="1992" y="2041" width="141" height="38" />
        <cmp x="2155" y="2059" width="37" height="22" />
        <cmp x="2193" y="2060" width="46" height="54" />
      </word>
      <upper-contour>
        <point x="348" y="1925" />
        <point x="2240" y="1925" />
      </upper-contour>
      <lower-contour>
        <point x="348" y="2103" />
        <point x="1999" y="2103" />
      </lower-contour>
    </line>
    <line ass="643" asx="0" asy="2219" character-width="999" dss="643" dsx="0" dsy="2301" fd0="13476" fd1="3352" fd2="308" filter-width="4" id="a01-122u-08" lbs="584" lbx="0" lby="2269" segmentation="ok" slant="103000" stroke-width="7079" threshold="171" text="the war. Now in conditions of Tory" ubs="760" ubx="0" uby="2249">
      <word id="a01-122u-08-00" tag="ATI" text="the">
        <cmp x="347" y="2229" width="140" height="40" />
      </word>
      <word id="a01-122u-08-01" tag="NN" text="war">
        <cmp x="515" y="2233" width="58" height="34" />
        <cmp x="576" y="2236" width="92" height="31" />
      </word>
      <word id="a01-122u-08-02" tag="." text=".">
        <cmp x="697" y="2260" width="13" height="9" />
      </word>
      <word id="a01-122u-08-03" sentence-start="yes" tag="RN" text="Now">
        <cmp x="793" y="2214" width="65" height="53" />
        <cmp x="864" y="2229" width="98" height="36" />
      </word>
      <word id="a01-122u-08-04" tag="IN" text="in">
        <cmp x="1047" y="2240" width="73" height="19" />
        <cmp x="1052" y="2209" width="14" height="13" />
      </word>
      <word id="a01-122u-08-05" tag="NNS" text="conditions">
        <cmp x="1205" y="2227" width="25" height="28" />
        <cmp x="1236" y="2227" width="72" height="30" />
        <cmp x="1325" y="2222" width="88" height="36" />
        <cmp x="1388" y="2205" width="9" height="10" />
        <cmp x="1421" y="2207" width="36" height="46" />
        <cmp x="1445" y="2207" width="10" height="13" />
        <cmp x="1464" y="2234" width="82" height="27" />
        <cmp x="1555" y="2233" width="36" height="25" />
      </word>
      <word id="a01-122u-08-06" tag="INO" text="of">
        <cmp x="1669" y="2205" width="78" height="54" />
      </word>
      <word id="a01-122u-08-07" tag="JJ" text="Tory">
        <cmp x="1808" y="2202" width="57" height="12" />
        <cmp x="1829" y="2212" width="15" height="39" />
        <cmp x="1863" y="2228" width="79" height="25" />
        <cmp x="1949" y="2233" width="49" height="47" />
      </word>
      <upper-contour>
        <point x="348" y="2103" />
        <point x="1999" y="2103" />
      </upper-contour>
      <lower-contour>
        <point x="352" y="2283" />
        <point x="1999" y="2283" />
      </lower-contour>
    </line>
    <line ass="326" asx="0" asy="2381" character-width="999" dss="326" dsx="0" dsy="2449" fd0="12005" fd1="2613" fd2="-263" filter-width="5" id="a01-122u-09" lbs="313" lbx="0" lby="2443" segmentation="ok" slant="105000" stroke-width="7504" threshold="171" text="affluence it seemed it could not be" ubs="354" ubx="0" uby="2415">
      <word id="a01-122u-09-00" tag="NN" text="affluence">
        <cmp x="354" y="2379" width="74" height="67" />
        <cmp x="428" y="2384" width="35" height="60" />
        <cmp x="472" y="2393" width="181" height="45" />
        <cmp x="666" y="2404" width="96" height="35" />
      </word>
      <word id="a01-122u-09-01" tag="PP3" text="it">
        <cmp x="821" y="2381" width="12" height="21" />
        <cmp x="821" y="2423" width="14" height="20" />
        <cmp x="838" y="2392" width="35" height="47" />
      </word>
      <word id="a01-122u-09-02" tag="VBD" text="seemed">
        <cmp x="925" y="2404" width="139" height="38" />
        <cmp x="1069" y="2412" width="116" height="30" />
        <cmp x="1182" y="2402" width="57" height="37" />
      </word>
      <word id="a01-122u-09-03" tag="PP3" text="it">
        <cmp x="1324" y="2421" width="29" height="21" />
        <cmp x="1330" y="2389" width="11" height="14" />
        <cmp x="1354" y="2394" width="43" height="41" />
      </word>
      <word id="a01-122u-09-04" tag="MD" text="could">
        <cmp x="1446" y="2402" width="37" height="31" />
        <cmp x="1484" y="2405" width="44" height="26" />
        <cmp x="1534" y="2384" width="73" height="51" />
        <cmp x="1608" y="2395" width="53" height="41" />
      </word>
      <word id="a01-122u-09-05" tag="XNOT" text="not">
        <cmp x="1745" y="2409" width="49" height="24" />
        <cmp x="1797" y="2382" width="70" height="53" />
      </word>
      <word id="a01-122u-09-06" tag="BE" text="be">
        <cmp x="1923" y="2381" width="56" height="53" />
        <cmp x="1996" y="2401" width="50" height="36" />
      </word>
      <upper-contour>
        <point x="352" y="2283" />
        <point x="1999" y="2283" />
      </upper-contour>
      <lower-contour>
        <point x="370" y="2443" />
        <point x="867" y="2443" />
      </lower-contour>
    </line>
    <line ass="-1449" asx="0" asy="2545" character-width="999" dss="-1449" dsx="0" dsy="2602" fd0="13431" fd1="3353" fd2="270" filter-width="4" id="a01-122u-10" lbs="-1155" lbx="0" lby="2599" segmentation="ok" slant="128000" stroke-width="7056" threshold="173" text="carried on." ubs="-2038" ubx="0" uby="2567">
      <word id="a01-122u-10-00" tag="VBN" text="carried">
        <cmp x="372" y="2582" width="28" height="32" />
        <cmp x="397" y="2586" width="111" height="29" />
        <cmp x="514" y="2587" width="40" height="25" />
        <cmp x="558" y="2562" width="11" height="13" />
        <cmp x="563" y="2570" width="133" height="44" />
      </word>
      <word id="a01-122u-10-01" tag="RP" text="on">
        <cmp x="750" y="2591" width="80" height="30" />
      </word>
      <word id="a01-122u-10-02" tag="." text=".">
        <cmp x="858" y="2614" width="8" height="9" />
      </word>
      <upper-contour>
        <point x="370" y="2443" />
        <point x="867" y="2443" />
      </upper-contour>
    </line>
  </handwritten-part>
</form>

