<?xml version="1.0" encoding="ISO-8859-1"?>

<!DOCTYPE form SYSTEM 'http://www.iam.unibe.ch/~fki/iamdb/form-metadata.dtd'>

<form created="2002-01-25" height="3542" id="m01-136" last-modified="2002-07-17" skew="127" status="final" version="3.0_beta" width="2479" writer-id="517">
  <machine-printed-part>
    <machine-print-line text="His whole attitude was a mixture of impatience pending an awaited communication" />
    <machine-print-line text="and of a vague perplexity respecting his surroundings and the purpose he was to" />
    <machine-print-line text="serve. Finally, being so obviously on their own, Heather and Steve tried to make" />
    <machine-print-line text="themselves at home. Steve switched on Dan&apos;s powerful, world-wide radio and sys-" />
    <machine-print-line text="tematically turned the tuning knob through all the tuning points of the world&apos;s great" />
    <machine-print-line text="radio stations." />
  </machine-printed-part>
  <handwritten-part>
    <line ass="-898" asx="0" asy="850" character-width="999" dss="-898" dsx="0" dsy="995" fd0="12899" fd1="2678" fd2="-1169" filter-width="3" id="m01-136-00" lbs="-845" lbx="0" lby="956" segmentation="ok" slant="92000" stroke-width="5568" threshold="176" text="His whole attitude was a mixture of" ubs="-1003" ubx="0" uby="927">
      <word id="m01-136-00-00" sentence-start="yes" tag="PP$" text="His">
        <cmp x="409" y="883" width="43" height="97" />
        <cmp x="454" y="929" width="65" height="43" />
        <cmp x="469" y="900" width="5" height="10" />
      </word>
      <word id="m01-136-00-01" tag="JJ" text="whole">
        <cmp x="574" y="932" width="79" height="36" />
        <cmp x="649" y="895" width="70" height="82" />
        <cmp x="724" y="897" width="14" height="75" />
        <cmp x="747" y="933" width="49" height="41" />
      </word>
      <word id="m01-136-00-02" tag="NN" text="attitude">
        <cmp x="859" y="933" width="50" height="52" />
        <cmp x="910" y="892" width="60" height="90" />
        <cmp x="975" y="934" width="13" height="47" />
        <cmp x="979" y="892" width="7" height="6" />
        <cmp x="1006" y="886" width="154" height="94" />
        <cmp x="1148" y="869" width="15" height="16" />
        <cmp x="1162" y="928" width="48" height="42" />
      </word>
      <word id="m01-136-00-03" tag="BEDZ" text="was">
        <cmp x="1284" y="940" width="126" height="39" />
        <cmp x="1286" y="933" width="8" height="10" />
        <cmp x="1410" y="942" width="53" height="47" />
      </word>
      <word id="m01-136-00-04" tag="AT" text="a">
        <cmp x="1523" y="947" width="57" height="40" />
      </word>
      <word id="m01-136-00-05" tag="NN" text="mixture">
        <cmp x="1621" y="942" width="71" height="36" />
        <cmp x="1704" y="909" width="10" height="9" />
        <cmp x="1704" y="947" width="10" height="39" />
        <cmp x="1736" y="933" width="45" height="57" />
        <cmp x="1792" y="905" width="32" height="82" />
        <cmp x="1835" y="950" width="51" height="30" />
        <cmp x="1892" y="950" width="26" height="38" />
        <cmp x="1933" y="952" width="57" height="43" />
      </word>
      <word id="m01-136-00-06" tag="INO" text="of">
        <cmp x="2046" y="948" width="60" height="46" />
        <cmp x="2114" y="911" width="54" height="119" />
      </word>
      <lower-contour>
        <point x="407" y="1032" />
        <point x="2169" y="1032" />
      </lower-contour>
    </line>
    <line ass="-376" asx="0" asy="1061" character-width="999" dss="-376" dsx="0" dsy="1281" fd0="13180" fd1="2717" fd2="-557" filter-width="3" id="m01-136-01" lbs="-222" lbx="0" lby="1157" segmentation="ok" slant="100000" stroke-width="5523" threshold="178" text="impatience pending an awaited" ubs="-683" ubx="0" uby="1115">
      <word id="m01-136-01-00" tag="NN" text="impatience">
        <cmp x="404" y="1119" width="12" height="43" />
        <cmp x="407" y="1090" width="8" height="11" />
        <cmp x="429" y="1114" width="93" height="47" />
        <cmp x="543" y="1119" width="109" height="84" />
        <cmp x="658" y="1081" width="54" height="76" />
        <cmp x="708" y="1067" width="12" height="7" />
        <cmp x="732" y="1108" width="111" height="49" />
        <cmp x="851" y="1117" width="138" height="43" />
      </word>
      <word id="m01-136-01-01" tag="IN" text="pending">
        <cmp x="1096" y="1090" width="254" height="117" />
        <cmp x="1355" y="1127" width="10" height="38" />
        <cmp x="1361" y="1085" width="9" height="10" />
        <cmp x="1377" y="1126" width="113" height="166" />
      </word>
      <word id="m01-136-01-02" tag="AT" text="an">
        <cmp x="1566" y="1127" width="61" height="49" />
        <cmp x="1632" y="1131" width="54" height="36" />
      </word>
      <word id="m01-136-01-03" tag="JJ" text="awaited">
        <cmp x="1778" y="1130" width="68" height="48" />
        <cmp x="1844" y="1130" width="115" height="45" />
        <cmp x="1960" y="1173" width="3" height="3" />
        <cmp x="1978" y="1134" width="7" height="36" />
        <cmp x="1987" y="1101" width="10" height="12" />
        <cmp x="2008" y="1096" width="22" height="79" />
        <cmp x="2037" y="1141" width="59" height="33" />
        <cmp x="2097" y="1079" width="80" height="98" />
      </word>
      <upper-contour>
        <point x="407" y="1032" />
        <point x="2169" y="1032" />
      </upper-contour>
      <lower-contour>
        <point x="402" y="1255" />
        <point x="1427" y="1292" />
        <point x="1546" y="1179" />
        <point x="2043" y="1179" />
      </lower-contour>
    </line>
    <line ass="67" asx="0" asy="1260" character-width="999" dss="67" dsx="0" dsy="1457" fd0="13388" fd1="3284" fd2="-50" filter-width="3" id="m01-136-02" lbs="193" lbx="0" lby="1348" segmentation="ok" slant="95000" stroke-width="5615" threshold="177" text="communication and of a vague" ubs="-182" ubx="0" uby="1308">
      <word id="m01-136-02-00" tag="NN" text="communication">
        <cmp x="376" y="1282" width="135" height="72" />
        <cmp x="512" y="1300" width="69" height="49" />
        <cmp x="585" y="1303" width="63" height="46" />
        <cmp x="666" y="1306" width="47" height="38" />
        <cmp x="718" y="1314" width="42" height="32" />
        <cmp x="775" y="1313" width="13" height="30" />
        <cmp x="788" y="1268" width="8" height="8" />
        <cmp x="816" y="1308" width="107" height="45" />
        <cmp x="946" y="1274" width="69" height="76" />
        <cmp x="1008" y="1269" width="12" height="14" />
        <cmp x="1030" y="1305" width="49" height="47" />
        <cmp x="1089" y="1314" width="62" height="37" />
      </word>
      <word id="m01-136-02-01" tag="CC" text="and">
        <cmp x="1213" y="1310" width="64" height="43" />
        <cmp x="1275" y="1259" width="120" height="94" />
      </word>
      <word id="m01-136-02-02" tag="INO" text="of">
        <cmp x="1452" y="1299" width="62" height="55" />
        <cmp x="1524" y="1265" width="43" height="145" />
      </word>
      <word id="m01-136-02-03" tag="AT" text="a">
        <cmp x="1642" y="1311" width="67" height="39" />
      </word>
      <word id="m01-136-02-04" tag="JJ" text="vague">
        <cmp x="1776" y="1299" width="41" height="43" />
        <cmp x="1820" y="1308" width="49" height="39" />
        <cmp x="1865" y="1313" width="46" height="142" />
        <cmp x="1911" y="1308" width="44" height="36" />
        <cmp x="1964" y="1314" width="72" height="37" />
        <cmp x="2037" y="1344" width="6" height="3" />
      </word>
      <upper-contour>
        <point x="402" y="1255" />
        <point x="1427" y="1292" />
        <point x="1546" y="1179" />
        <point x="2043" y="1179" />
      </upper-contour>
      <lower-contour>
        <point x="392" y="1438" />
        <point x="1875" y="1456" />
        <point x="2043" y="1456" />
      </lower-contour>
    </line>
    <line ass="-456" asx="0" asy="1434" character-width="999" dss="-456" dsx="0" dsy="1626" fd0="13080" fd1="2657" fd2="-1211" filter-width="3" id="m01-136-03" lbs="-500" lbx="0" lby="1511" segmentation="ok" slant="99000" stroke-width="5382" threshold="174" text="perplexity respecting his surroundings" ubs="-369" ubx="0" uby="1490">
      <word id="m01-136-03-00" tag="NN" text="perplexity">
        <cmp x="394" y="1477" width="147" height="84" />
        <cmp x="396" y="1482" width="6" height="4" />
        <cmp x="555" y="1483" width="52" height="93" />
        <cmp x="616" y="1450" width="20" height="72" />
        <cmp x="640" y="1480" width="72" height="45" />
        <cmp x="717" y="1487" width="53" height="43" />
        <cmp x="776" y="1487" width="12" height="34" />
        <cmp x="777" y="1448" width="5" height="8" />
        <cmp x="798" y="1489" width="92" height="144" />
        <cmp x="804" y="1442" width="34" height="86" />
      </word>
      <word id="m01-136-03-01" tag="IN" text="respecting">
        <cmp x="978" y="1482" width="29" height="44" />
        <cmp x="1020" y="1483" width="125" height="42" />
        <cmp x="1125" y="1487" width="12" height="6" />
        <cmp x="1159" y="1488" width="104" height="90" />
        <cmp x="1268" y="1495" width="70" height="43" />
        <cmp x="1341" y="1467" width="67" height="67" />
        <cmp x="1346" y="1460" width="6" height="6" />
        <cmp x="1399" y="1455" width="10" height="11" />
        <cmp x="1408" y="1484" width="55" height="41" />
        <cmp x="1434" y="1498" width="65" height="119" />
      </word>
      <word id="m01-136-03-02" tag="PP$" text="his">
        <cmp x="1592" y="1463" width="61" height="67" />
        <cmp x="1658" y="1461" width="8" height="11" />
        <cmp x="1658" y="1492" width="15" height="34" />
        <cmp x="1686" y="1486" width="50" height="48" />
      </word>
      <word id="m01-136-03-03" tag="NNS" text="surroundings">
        <cmp x="1816" y="1490" width="65" height="40" />
        <cmp x="1888" y="1490" width="38" height="38" />
        <cmp x="1936" y="1493" width="22" height="34" />
        <cmp x="1969" y="1487" width="23" height="45" />
        <cmp x="1996" y="1494" width="47" height="44" />
        <cmp x="2044" y="1501" width="44" height="31" />
        <cmp x="2078" y="1499" width="7" height="6" />
        <cmp x="2092" y="1465" width="95" height="79" />
        <cmp x="2200" y="1492" width="13" height="53" />
        <cmp x="2211" y="1464" width="9" height="20" />
        <cmp x="2227" y="1505" width="115" height="124" />
      </word>
      <upper-contour>
        <point x="392" y="1438" />
        <point x="1875" y="1456" />
        <point x="2043" y="1456" />
      </upper-contour>
      <lower-contour>
        <point x="392" y="1575" />
        <point x="798" y="1633" />
        <point x="2163" y="1633" />
      </lower-contour>
    </line>
    <line ass="-322" asx="0" asy="1606" character-width="999" dss="-322" dsx="0" dsy="1744" fd0="12864" fd1="2855" fd2="-537" filter-width="3" id="m01-136-04" lbs="-162" lbx="0" lby="1696" segmentation="ok" slant="100000" stroke-width="5484" threshold="172" text="and the purpose he was to serve." ubs="-642" ubx="0" uby="1656">
      <word id="m01-136-04-00" tag="CC" text="and">
        <cmp x="356" y="1648" width="61" height="48" />
        <cmp x="429" y="1650" width="47" height="45" />
        <cmp x="480" y="1609" width="72" height="92" />
      </word>
      <word id="m01-136-04-01" tag="ATI" text="the">
        <cmp x="610" y="1613" width="37" height="94" />
        <cmp x="651" y="1618" width="129" height="79" />
      </word>
      <word id="m01-136-04-02" tag="NN" text="purpose">
        <cmp x="838" y="1659" width="64" height="83" />
        <cmp x="907" y="1655" width="42" height="28" />
        <cmp x="961" y="1653" width="28" height="41" />
        <cmp x="989" y="1662" width="107" height="89" />
        <cmp x="1098" y="1665" width="118" height="52" />
        <cmp x="1217" y="1705" width="5" height="3" />
      </word>
      <word id="m01-136-04-03" tag="PP3A" text="he">
        <cmp x="1256" y="1642" width="149" height="73" />
      </word>
      <word id="m01-136-04-04" tag="BEDZ" text="was">
        <cmp x="1467" y="1664" width="111" height="45" />
        <cmp x="1588" y="1673" width="47" height="42" />
      </word>
      <word id="m01-136-04-05" tag="TO" text="to">
        <cmp x="1695" y="1640" width="47" height="69" />
        <cmp x="1748" y="1663" width="43" height="41" />
      </word>
      <word id="m01-136-04-06" tag="VB" text="serve">
        <cmp x="1863" y="1662" width="57" height="45" />
        <cmp x="1927" y="1666" width="80" height="41" />
        <cmp x="2023" y="1658" width="29" height="44" />
        <cmp x="2056" y="1663" width="64" height="42" />
      </word>
      <word id="m01-136-04-07" tag="." text=".">
        <cmp x="2158" y="1697" width="5" height="6" />
      </word>
      <upper-contour>
        <point x="392" y="1575" />
        <point x="798" y="1633" />
        <point x="2163" y="1633" />
      </upper-contour>
      <lower-contour>
        <point x="370" y="1751" />
        <point x="2098" y="1751" />
      </lower-contour>
    </line>
    <line ass="-1000" asx="0" asy="1776" character-width="999" dss="-1000" dsx="0" dsy="1959" fd0="13874" fd1="3405" fd2="-324" filter-width="3" id="m01-136-05" lbs="-1077" lbx="0" lby="1855" segmentation="err" slant="97000" stroke-width="5570" threshold="175" text="Finally, being so obviously on their own," ubs="-844" ubx="0" uby="1826">
      <word id="m01-136-05-00" sentence-start="yes" tag="RB" text="Finally">
        <cmp x="372" y="1804" width="80" height="66" />
        <cmp x="459" y="1832" width="12" height="44" />
        <cmp x="464" y="1803" width="9" height="13" />
        <cmp x="478" y="1834" width="50" height="41" />
        <cmp x="532" y="1838" width="50" height="43" />
        <cmp x="588" y="1802" width="14" height="78" />
        <cmp x="598" y="1845" width="68" height="101" />
        <cmp x="609" y="1807" width="14" height="63" />
        <cmp x="668" y="1869" width="32" height="66" />
      </word>
      <word id="m01-136-05-01" tag="," text=",">
        <cmp x="749" y="1819" width="52" height="65" />
      </word>
      <word id="m01-136-05-02" tag="BEG" text="being">
        <cmp x="811" y="1835" width="63" height="43" />
        <cmp x="863" y="1803" width="10" height="20" />
        <cmp x="875" y="1845" width="89" height="126" />
      </word>
      <word id="m01-136-05-03" tag="QL" text="so">
        <cmp x="1033" y="1842" width="94" height="41" />
      </word>
      <word id="m01-136-05-04" tag="RB" text="obviously">
        <cmp x="1168" y="1847" width="31" height="32" />
        <cmp x="1208" y="1813" width="40" height="71" />
        <cmp x="1254" y="1849" width="20" height="37" />
        <cmp x="1282" y="1854" width="11" height="27" />
        <cmp x="1288" y="1811" width="6" height="8" />
        <cmp x="1298" y="1852" width="77" height="36" />
        <cmp x="1383" y="1851" width="39" height="39" />
        <cmp x="1412" y="1854" width="97" height="131" />
        <cmp x="1437" y="1823" width="16" height="66" />
        <cmp x="1462" y="1862" width="20" height="25" />
      </word>
      <word id="m01-136-05-05" tag="IN" text="on">
        <cmp x="1531" y="1857" width="39" height="43" />
        <cmp x="1576" y="1856" width="53" height="32" />
      </word>
      <word id="m01-136-05-06" tag="PP$" text="their">
        <cmp x="1654" y="1821" width="34" height="64" />
        <cmp x="1697" y="1827" width="62" height="57" />
        <cmp x="1751" y="1847" width="63" height="31" />
        <cmp x="1801" y="1808" width="6" height="8" />
        <cmp x="1825" y="1840" width="23" height="44" />
      </word>
      <word id="m01-136-05-07" tag="AP" text="own">
        <cmp x="1925" y="1845" width="42" height="41" />
        <cmp x="1970" y="1843" width="52" height="39" />
        <cmp x="2024" y="1844" width="38" height="42" />
      </word>
      <word id="m01-136-05-08" tag="," text=",">
        <cmp x="2060" y="1867" width="37" height="65" />
      </word>
      <upper-contour>
        <point x="370" y="1751" />
        <point x="2098" y="1751" />
      </upper-contour>
      <lower-contour>
        <point x="391" y="1971" />
        <point x="1412" y="1986" />
        <point x="1946" y="1933" />
        <point x="2098" y="1933" />
      </lower-contour>
    </line>
    <line ass="-121" asx="0" asy="1979" character-width="999" dss="-121" dsx="0" dsy="2074" fd0="13156" fd1="2805" fd2="-1410" filter-width="3" id="m01-136-06" lbs="-69" lbx="0" lby="2056" segmentation="ok" slant="99000" stroke-width="5446" threshold="174" text="Heather and Steve tried to make themselves" ubs="-224" ubx="0" uby="2024">
      <word id="m01-136-06-00" tag="NP" text="Heather">
        <cmp x="393" y="1990" width="32" height="81" />
        <cmp x="426" y="2000" width="94" height="68" />
        <cmp x="520" y="1993" width="25" height="64" />
        <cmp x="549" y="1998" width="52" height="68" />
        <cmp x="599" y="2022" width="65" height="43" />
      </word>
      <word id="m01-136-06-01" tag="CC" text="and">
        <cmp x="716" y="2021" width="57" height="46" />
        <cmp x="770" y="2027" width="38" height="35" />
        <cmp x="821" y="1987" width="62" height="77" />
      </word>
      <word id="m01-136-06-02" tag="NP" text="Steve">
        <cmp x="921" y="1997" width="66" height="65" />
        <cmp x="988" y="1995" width="15" height="67" />
        <cmp x="1016" y="2021" width="52" height="41" />
        <cmp x="1065" y="2020" width="39" height="38" />
        <cmp x="1105" y="2016" width="66" height="42" />
      </word>
      <word id="m01-136-06-03" tag="VBD" text="tried">
        <cmp x="1229" y="1987" width="29" height="60" />
        <cmp x="1261" y="2013" width="41" height="37" />
        <cmp x="1295" y="1986" width="8" height="9" />
        <cmp x="1300" y="1986" width="94" height="80" />
        <cmp x="1320" y="2023" width="15" height="12" />
      </word>
      <word id="m01-136-06-04" tag="TO" text="to">
        <cmp x="1482" y="2006" width="86" height="63" />
      </word>
      <word id="m01-136-06-05" tag="VB" text="make">
        <cmp x="1647" y="2031" width="51" height="31" />
        <cmp x="1700" y="2031" width="40" height="36" />
        <cmp x="1752" y="2004" width="36" height="64" />
        <cmp x="1816" y="2037" width="47" height="40" />
      </word>
      <word id="m01-136-06-06" tag="PPLS" text="themselves">
        <cmp x="1939" y="1985" width="21" height="72" />
        <cmp x="1961" y="1991" width="166" height="74" />
        <cmp x="2130" y="1990" width="120" height="82" />
        <cmp x="2251" y="2026" width="118" height="54" />
      </word>
      <upper-contour>
        <point x="391" y="1971" />
        <point x="1412" y="1986" />
        <point x="1946" y="1933" />
        <point x="2098" y="1933" />
      </upper-contour>
      <lower-contour>
        <point x="400" y="2078" />
        <point x="2016" y="2078" />
      </lower-contour>
    </line>
    <line ass="-400" asx="0" asy="2145" character-width="999" dss="-400" dsx="0" dsy="2260" fd0="13312" fd1="2844" fd2="-611" filter-width="3" id="m01-136-07" lbs="-395" lbx="0" lby="2235" segmentation="ok" slant="105000" stroke-width="5232" threshold="175" text="at home. Steve switched on Dan&apos;s" ubs="-410" ubx="0" uby="2208">
      <word id="m01-136-07-00" tag="IN" text="at">
        <cmp x="402" y="2197" width="60" height="47" />
        <cmp x="469" y="2162" width="27" height="77" />
        <cmp x="494" y="2207" width="4" height="3" />
      </word>
      <word id="m01-136-07-01" tag="NR" text="home">
        <cmp x="545" y="2164" width="84" height="72" />
        <cmp x="629" y="2198" width="57" height="36" />
        <cmp x="707" y="2194" width="64" height="44" />
      </word>
      <word id="m01-136-07-02" tag="." text=".">
        <cmp x="802" y="2227" width="10" height="15" />
      </word>
      <word id="m01-136-07-03" sentence-start="yes" tag="NP" text="Steve">
        <cmp x="858" y="2182" width="81" height="79" />
        <cmp x="945" y="2182" width="29" height="82" />
        <cmp x="972" y="2213" width="54" height="44" />
        <cmp x="1021" y="2220" width="5" height="3" />
        <cmp x="1022" y="2215" width="52" height="32" />
        <cmp x="1074" y="2210" width="60" height="45" />
      </word>
      <word id="m01-136-07-04" tag="VBD" text="switched">
        <cmp x="1174" y="2261" width="9" height="5" />
        <cmp x="1176" y="2223" width="136" height="47" />
        <cmp x="1210" y="2219" width="12" height="10" />
        <cmp x="1326" y="2177" width="8" height="14" />
        <cmp x="1331" y="2220" width="14" height="40" />
        <cmp x="1359" y="2174" width="30" height="86" />
        <cmp x="1387" y="2212" width="43" height="43" />
        <cmp x="1424" y="2177" width="4" height="3" />
        <cmp x="1424" y="2181" width="64" height="61" />
        <cmp x="1488" y="2215" width="43" height="36" />
        <cmp x="1534" y="2157" width="73" height="98" />
      </word>
      <word id="m01-136-07-05" tag="RP" text="on">
        <cmp x="1644" y="2193" width="49" height="56" />
        <cmp x="1699" y="2204" width="42" height="36" />
      </word>
      <word id="m01-136-07-06" tag="NP$" text="Dan&apos;s">
        <cmp x="1764" y="2181" width="112" height="78" />
        <cmp x="1881" y="2216" width="48" height="41" />
        <cmp x="1950" y="2162" width="17" height="51" />
        <cmp x="1962" y="2208" width="53" height="47" />
      </word>
      <upper-contour>
        <point x="400" y="2078" />
        <point x="2016" y="2078" />
      </upper-contour>
      <lower-contour>
        <point x="400" y="2270" />
        <point x="2016" y="2270" />
      </lower-contour>
    </line>
    <line ass="-539" asx="0" asy="2328" character-width="999" dss="-539" dsx="0" dsy="2484" fd0="13280" fd1="2512" fd2="-1095" filter-width="3" id="m01-136-08" lbs="-490" lbx="0" lby="2413" segmentation="ok" slant="92000" stroke-width="5510" threshold="175" text="powerful, world-wide radio and systematically" ubs="-639" ubx="0" uby="2372">
      <word id="m01-136-08-00" tag="JJ" text="powerful">
        <cmp x="387" y="2372" width="108" height="77" />
        <cmp x="500" y="2379" width="76" height="43" />
        <cmp x="579" y="2372" width="65" height="41" />
        <cmp x="675" y="2339" width="29" height="123" />
        <cmp x="707" y="2374" width="54" height="31" />
        <cmp x="770" y="2340" width="17" height="65" />
      </word>
      <word id="m01-136-08-01" tag="," text=",">
        <cmp x="793" y="2395" width="23" height="62" />
      </word>
      <word id="m01-136-08-02" tag="JJ" text="world-wide">
        <cmp x="850" y="2381" width="110" height="38" />
        <cmp x="957" y="2378" width="25" height="40" />
        <cmp x="994" y="2347" width="82" height="77" />
        <cmp x="1079" y="2394" width="42" height="8" />
        <cmp x="1134" y="2381" width="68" height="43" />
        <cmp x="1203" y="2353" width="7" height="9" />
        <cmp x="1212" y="2392" width="14" height="28" />
        <cmp x="1225" y="2339" width="71" height="81" />
        <cmp x="1296" y="2370" width="50" height="47" />
      </word>
      <word id="m01-136-08-03" tag="NN" text="radio">
        <cmp x="1410" y="2382" width="39" height="43" />
        <cmp x="1448" y="2361" width="112" height="72" />
        <cmp x="1565" y="2388" width="14" height="39" />
        <cmp x="1568" y="2357" width="10" height="11" />
        <cmp x="1578" y="2383" width="53" height="41" />
      </word>
      <word id="m01-136-08-04" tag="CC" text="and">
        <cmp x="1683" y="2391" width="48" height="45" />
        <cmp x="1740" y="2354" width="110" height="83" />
      </word>
      <word id="m01-136-08-05" tag="RB" text="systematically">
        <cmp x="1897" y="2386" width="89" height="100" />
        <cmp x="1981" y="2386" width="44" height="45" />
        <cmp x="2040" y="2361" width="33" height="72" />
        <cmp x="2082" y="2389" width="62" height="42" />
        <cmp x="2146" y="2391" width="88" height="43" />
        <cmp x="2244" y="2371" width="26" height="70" />
        <cmp x="2278" y="2403" width="7" height="41" />
        <cmp x="2288" y="2400" width="76" height="40" />
        <cmp x="2292" y="2363" width="8" height="10" />
        <cmp x="2360" y="2410" width="86" height="98" />
        <cmp x="2371" y="2362" width="9" height="74" />
        <cmp x="2388" y="2364" width="10" height="71" />
      </word>
      <upper-contour>
        <point x="400" y="2270" />
        <point x="2016" y="2270" />
      </upper-contour>
      <lower-contour>
        <point x="389" y="2488" />
        <point x="2220" y="2488" />
      </lower-contour>
    </line>
    <line ass="-272" asx="0" asy="2499" character-width="999" dss="-272" dsx="0" dsy="2684" fd0="12676" fd1="3096" fd2="-211" filter-width="3" id="m01-136-09" lbs="-359" lbx="0" lby="2593" segmentation="ok" slant="99000" stroke-width="5530" threshold="172" text="turned the tuning knob through all the" ubs="-100" ubx="0" uby="2562">
      <word id="m01-136-09-00" tag="VBD" text="turned">
        <cmp x="391" y="2520" width="88" height="80" />
        <cmp x="480" y="2563" width="15" height="34" />
        <cmp x="507" y="2554" width="40" height="45" />
        <cmp x="554" y="2502" width="102" height="100" />
      </word>
      <word id="m01-136-09-01" tag="ATI" text="the">
        <cmp x="700" y="2509" width="38" height="85" />
        <cmp x="737" y="2527" width="109" height="76" />
      </word>
      <word id="m01-136-09-02" tag="NN" text="tuning">
        <cmp x="899" y="2509" width="136" height="99" />
        <cmp x="1034" y="2571" width="15" height="34" />
        <cmp x="1036" y="2528" width="8" height="21" />
        <cmp x="1053" y="2572" width="46" height="27" />
        <cmp x="1089" y="2567" width="67" height="123" />
      </word>
      <word id="m01-136-09-03" tag="NN" text="knob">
        <cmp x="1238" y="2521" width="51" height="76" />
        <cmp x="1294" y="2558" width="95" height="53" />
        <cmp x="1388" y="2523" width="49" height="91" />
      </word>
      <word id="m01-136-09-04" tag="IN" text="through">
        <cmp x="1490" y="2529" width="43" height="79" />
        <cmp x="1534" y="2530" width="50" height="73" />
        <cmp x="1592" y="2567" width="23" height="48" />
        <cmp x="1615" y="2562" width="84" height="45" />
        <cmp x="1705" y="2562" width="46" height="130" />
        <cmp x="1774" y="2530" width="60" height="72" />
      </word>
      <word id="m01-136-09-05" tag="ABN" text="all">
        <cmp x="1885" y="2564" width="56" height="45" />
        <cmp x="1951" y="2537" width="12" height="72" />
        <cmp x="1977" y="2540" width="14" height="73" />
      </word>
      <word id="m01-136-09-06" tag="ATI" text="the">
        <cmp x="2045" y="2569" width="3" height="3" />
        <cmp x="2049" y="2539" width="38" height="70" />
        <cmp x="2091" y="2532" width="128" height="80" />
      </word>
      <upper-contour>
        <point x="389" y="2488" />
        <point x="2220" y="2488" />
      </upper-contour>
      <lower-contour>
        <point x="389" y="2690" />
        <point x="1653" y="2689" />
        <point x="1722" y="2693" />
        <point x="2220" y="2693" />
      </lower-contour>
    </line>
    <line ass="94" asx="0" asy="2693" character-width="999" dss="94" dsx="0" dsy="2799" fd0="13083" fd1="2634" fd2="-1606" filter-width="3" id="m01-136-10" lbs="196" lbx="0" lby="2780" segmentation="err" slant="98000" stroke-width="5085" threshold="171" text="tuning points of the world&apos;s great radio" ubs="-109" ubx="0" uby="2738">
      <word id="m01-136-10-00" tag="NN" text="tuning">
        <cmp x="382" y="2699" width="83" height="84" />
        <cmp x="468" y="2744" width="39" height="39" />
        <cmp x="514" y="2746" width="10" height="37" />
        <cmp x="515" y="2711" width="5" height="6" />
      </word>
      <word id="m01-136-10-01" tag="NNS" text="points">
        <cmp x="421" y="2699" width="1739" height="100" />
      </word>
      <word id="m01-136-10-02" tag="INO" text="of">
        <cmp x="421" y="2699" width="1739" height="100" />
      </word>
      <word id="m01-136-10-03" tag="ATI" text="the">
        <cmp x="421" y="2699" width="1739" height="100" />
      </word>
      <word id="m01-136-10-04" tag="NN$" text="world&apos;s">
        <cmp x="421" y="2699" width="1739" height="100" />
        <cmp x="807" y="2710" width="4" height="4" />
        <cmp x="810" y="2713" width="6" height="9" />
        <cmp x="813" y="2738" width="12" height="37" />
        <cmp x="828" y="2738" width="40" height="33" />
        <cmp x="872" y="2703" width="29" height="79" />
        <cmp x="925" y="2730" width="53" height="54" />
        <cmp x="421" y="2699" width="1739" height="100" />
        <cmp x="421" y="2699" width="1739" height="100" />
        <cmp x="1041" y="2734" width="48" height="38" />
        <cmp x="1196" y="2699" width="33" height="73" />
        <cmp x="1230" y="2694" width="61" height="70" />
        <cmp x="1306" y="2731" width="50" height="38" />
        <cmp x="1397" y="2736" width="122" height="41" />
        <cmp x="1403" y="2734" width="10" height="9" />
        <cmp x="1523" y="2744" width="22" height="38" />
        <cmp x="1553" y="2704" width="20" height="77" />
        <cmp x="1576" y="2704" width="61" height="76" />
        <cmp x="1650" y="2692" width="18" height="61" />
        <cmp x="1662" y="2735" width="62" height="50" />
        <cmp x="1846" y="2737" width="27" height="45" />
        <cmp x="1876" y="2738" width="64" height="40" />
        <cmp x="1933" y="2741" width="47" height="38" />
        <cmp x="2102" y="2734" width="84" height="51" />
      </word>
      <word id="m01-136-10-05" tag="JJ" text="great">
        <cmp x="2186" y="2705" width="73" height="74" />
        <cmp x="2270" y="2729" width="12" height="48" />
      </word>
      <word id="m01-136-10-06" tag="NN" text="radio">
        <cmp x="2277" y="2704" width="11" height="18" />
        <cmp x="2291" y="2733" width="58" height="49" />
      </word>
      <upper-contour>
        <point x="389" y="2690" />
        <point x="1653" y="2689" />
        <point x="1722" y="2693" />
        <point x="2220" y="2693" />
      </upper-contour>
    </line>
  </handwritten-part>
</form>

