<?xml version="1.0" encoding="ISO-8859-1"?>

<!DOCTYPE form SYSTEM 'http://www.iam.unibe.ch/~fki/iamdb/form-metadata.dtd'>

<form created="2002-01-24" height="3542" id="m01-000" last-modified="2002-07-17" skew="127" status="final" version="3.0_beta" width="2479" writer-id="499">
  <machine-printed-part>
    <machine-print-line text="A shudder, more mental than physical, ran through him, and his mind seemed to melt" />
    <machine-print-line text="away into emptiness. His bulging eyes caught the reclining form of Heather, who was" />
    <machine-print-line text="still repeating in sing-song: &amp;quot;. . . I will not give in. . .&amp;quot; He stared at her blankly," />
    <machine-print-line text="mouthing an incoherent gabble of half words." />
  </machine-printed-part>
  <handwritten-part>
    <line ass="-208" asx="0" asy="726" character-width="999" dss="-208" dsx="0" dsy="834" fd0="13047" fd1="2763" fd2="-1469" filter-width="5" id="m01-000-00" lbs="-193" lbx="0" lby="809" segmentation="err" slant="76000" stroke-width="7298" threshold="187" text="A shudder, more mental than physical, ran" ubs="-238" ubx="0" uby="759">
      <word id="m01-000-00-00" sentence-start="yes" tag="AT" text="A">
        <cmp x="346" y="745" width="55" height="74" />
      </word>
      <word id="m01-000-00-01" tag="NN" text="shudder">
        <cmp x="460" y="765" width="40" height="49" />
        <cmp x="503" y="743" width="42" height="67" />
        <cmp x="554" y="765" width="39" height="47" />
        <cmp x="595" y="738" width="97" height="72" />
        <cmp x="685" y="760" width="73" height="48" />
        <cmp x="759" y="793" width="28" height="42" />
      </word>
      <word id="m01-000-00-02" tag="," text=",">
        <cmp x="841" y="763" width="62" height="52" />
      </word>
      <word id="m01-000-00-03" tag="QL" text="more">
        <cmp x="902" y="769" width="38" height="43" />
        <cmp x="939" y="763" width="51" height="49" />
      </word>
      <word id="m01-000-00-04" tag="JJ" text="mental">
        <cmp x="1070" y="764" width="97" height="52" />
        <cmp x="1171" y="764" width="53" height="49" />
        <cmp x="1210" y="743" width="31" height="59" />
        <cmp x="1243" y="761" width="42" height="48" />
        <cmp x="1296" y="735" width="19" height="74" />
      </word>
      <word id="m01-000-00-05" tag="CS" text="than">
        <cmp x="1375" y="752" width="39" height="62" />
        <cmp x="1409" y="742" width="42" height="75" />
        <cmp x="1447" y="764" width="42" height="56" />
        <cmp x="1493" y="766" width="33" height="50" />
      </word>
      <word id="m01-000-00-06" tag="JJ" text="physical">
        <cmp x="1618" y="754" width="44" height="82" />
        <cmp x="1660" y="748" width="34" height="67" />
        <cmp x="1688" y="760" width="53" height="82" />
        <cmp x="1740" y="757" width="39" height="53" />
        <cmp x="1781" y="756" width="22" height="55" />
        <cmp x="1801" y="754" width="40" height="55" />
        <cmp x="1804" y="741" width="7" height="7" />
        <cmp x="1837" y="759" width="45" height="48" />
        <cmp x="1889" y="734" width="28" height="75" />
      </word>
      <word id="m01-000-00-07" tag="," text=",">
        <cmp x="1944" y="797" width="23" height="39" />
      </word>
      <word id="m01-000-00-08" tag="VBD" text="ran">
        <cmp x="2001" y="758" width="25" height="55" />
        <cmp x="2020" y="761" width="43" height="52" />
        <cmp x="2069" y="761" width="61" height="60" />
      </word>
      <lower-contour>
        <point x="344" y="843" />
        <point x="2012" y="843" />
      </lower-contour>
    </line>
    <line ass="-49" asx="0" asy="915" character-width="999" dss="-49" dsx="0" dsy="1030" fd0="12864" fd1="3081" fd2="-1387" filter-width="5" id="m01-000-01" lbs="11" lbx="0" lby="992" segmentation="ok" slant="76000" stroke-width="7405" threshold="190" text="through him, and his mind seemed to" ubs="-172" ubx="0" uby="938">
      <word id="m01-000-01-00" tag="IN" text="through">
        <cmp x="342" y="922" width="38" height="69" />
        <cmp x="381" y="923" width="39" height="65" />
        <cmp x="425" y="936" width="12" height="48" />
        <cmp x="446" y="939" width="36" height="52" />
        <cmp x="485" y="941" width="36" height="51" />
        <cmp x="503" y="938" width="60" height="94" />
        <cmp x="562" y="922" width="38" height="77" />
      </word>
      <word id="m01-000-01-01" tag="PP3O" text="him">
        <cmp x="684" y="923" width="40" height="69" />
        <cmp x="725" y="944" width="17" height="48" />
        <cmp x="741" y="925" width="8" height="8" />
        <cmp x="746" y="938" width="62" height="51" />
      </word>
      <word id="m01-000-01-02" tag="," text=",">
        <cmp x="815" y="981" width="18" height="32" />
      </word>
      <word id="m01-000-01-03" tag="CC" text="and">
        <cmp x="903" y="945" width="49" height="56" />
        <cmp x="954" y="945" width="34" height="51" />
        <cmp x="990" y="925" width="50" height="75" />
      </word>
      <word id="m01-000-01-04" tag="PP$" text="his">
        <cmp x="1144" y="916" width="109" height="70" />
        <cmp x="1203" y="921" width="8" height="8" />
      </word>
      <word id="m01-000-01-05" tag="NN" text="mind">
        <cmp x="1324" y="939" width="87" height="54" />
        <cmp x="1408" y="928" width="7" height="8" />
        <cmp x="1417" y="920" width="110" height="75" />
      </word>
      <word id="m01-000-01-06" tag="VBD" text="seemed">
        <cmp x="1595" y="939" width="43" height="50" />
        <cmp x="1632" y="939" width="40" height="54" />
        <cmp x="1671" y="941" width="36" height="53" />
        <cmp x="1704" y="944" width="71" height="45" />
        <cmp x="1781" y="943" width="39" height="53" />
        <cmp x="1813" y="920" width="57" height="78" />
      </word>
      <word id="m01-000-01-07" tag="TO" text="to">
        <cmp x="1938" y="933" width="37" height="62" />
        <cmp x="1970" y="943" width="41" height="49" />
      </word>
      <upper-contour>
        <point x="344" y="843" />
        <point x="2012" y="843" />
      </upper-contour>
      <lower-contour>
        <point x="340" y="1031" />
        <point x="2012" y="1031" />
      </lower-contour>
    </line>
    <line ass="-117" asx="0" asy="1097" character-width="999" dss="-117" dsx="0" dsy="1206" fd0="13735" fd1="2707" fd2="-1795" filter-width="5" id="m01-000-02" lbs="-234" lbx="0" lby="1172" segmentation="ok" slant="70000" stroke-width="7223" threshold="192" text="melt away into emptiness. His bulging" ubs="118" ubx="0" uby="1130">
      <word id="m01-000-02-00" tag="VB" text="melt">
        <cmp x="340" y="1120" width="69" height="52" />
        <cmp x="408" y="1121" width="42" height="51" />
        <cmp x="451" y="1103" width="29" height="72" />
        <cmp x="471" y="1105" width="36" height="62" />
      </word>
      <word id="m01-000-02-01" tag="RP" text="away">
        <cmp x="567" y="1132" width="55" height="51" />
        <cmp x="624" y="1127" width="107" height="53" />
        <cmp x="720" y="1132" width="52" height="78" />
      </word>
      <word id="m01-000-02-02" tag="IN" text="into">
        <cmp x="844" y="1136" width="17" height="41" />
        <cmp x="863" y="1120" width="6" height="9" />
        <cmp x="864" y="1117" width="81" height="61" />
        <cmp x="944" y="1129" width="41" height="46" />
      </word>
      <word id="m01-000-02-03" tag="NN" text="emptiness">
        <cmp x="1050" y="1125" width="50" height="51" />
        <cmp x="1102" y="1127" width="64" height="45" />
        <cmp x="1155" y="1130" width="55" height="67" />
        <cmp x="1211" y="1113" width="45" height="61" />
        <cmp x="1259" y="1113" width="7" height="6" />
        <cmp x="1272" y="1128" width="87" height="52" />
        <cmp x="1362" y="1126" width="48" height="45" />
        <cmp x="1401" y="1126" width="37" height="46" />
      </word>
      <word id="m01-000-02-04" tag="." text=".">
        <cmp x="1436" y="1166" width="8" height="7" />
      </word>
      <word id="m01-000-02-05" sentence-start="yes" tag="PP$" text="His">
        <cmp x="1544" y="1108" width="51" height="65" />
        <cmp x="1598" y="1119" width="24" height="47" />
        <cmp x="1621" y="1106" width="8" height="6" />
        <cmp x="1633" y="1128" width="41" height="41" />
      </word>
      <word id="m01-000-02-06" tag="JJ" text="bulging">
        <cmp x="1740" y="1102" width="45" height="71" />
        <cmp x="1789" y="1123" width="56" height="52" />
        <cmp x="1847" y="1104" width="28" height="67" />
        <cmp x="1862" y="1125" width="64" height="79" />
        <cmp x="1929" y="1127" width="23" height="46" />
        <cmp x="1950" y="1112" width="7" height="6" />
        <cmp x="1965" y="1127" width="39" height="47" />
        <cmp x="1991" y="1126" width="74" height="85" />
      </word>
      <upper-contour>
        <point x="340" y="1031" />
        <point x="2012" y="1031" />
      </upper-contour>
      <lower-contour>
        <point x="338" y="1212" />
        <point x="2066" y="1212" />
      </lower-contour>
    </line>
    <line ass="46" asx="0" asy="1272" character-width="999" dss="46" dsx="0" dsy="1396" fd0="13424" fd1="3035" fd2="-1752" filter-width="4" id="m01-000-03" lbs="-49" lbx="0" lby="1351" segmentation="ok" slant="70000" stroke-width="7018" threshold="193" text="eyes caught the reclining form of Heather," ubs="237" ubx="0" uby="1309">
      <word id="m01-000-03-00" tag="NNS" text="eyes">
        <cmp x="330" y="1286" width="60" height="67" />
        <cmp x="383" y="1298" width="45" height="79" />
        <cmp x="428" y="1295" width="37" height="56" />
        <cmp x="459" y="1299" width="47" height="51" />
      </word>
      <word id="m01-000-03-01" tag="VBD" text="caught">
        <cmp x="585" y="1297" width="131" height="55" />
        <cmp x="713" y="1300" width="56" height="85" />
        <cmp x="766" y="1283" width="90" height="71" />
      </word>
      <word id="m01-000-03-02" tag="ATI" text="the">
        <cmp x="906" y="1287" width="28" height="61" />
        <cmp x="928" y="1283" width="72" height="68" />
      </word>
      <word id="m01-000-03-03" tag="JJ" text="reclining">
        <cmp x="1058" y="1301" width="65" height="54" />
        <cmp x="1120" y="1286" width="58" height="69" />
        <cmp x="1173" y="1308" width="21" height="52" />
        <cmp x="1191" y="1304" width="79" height="51" />
        <cmp x="1196" y="1292" width="7" height="7" />
        <cmp x="1276" y="1290" width="6" height="9" />
        <cmp x="1276" y="1301" width="89" height="95" />
      </word>
      <word id="m01-000-03-04" tag="NN" text="form">
        <cmp x="1456" y="1271" width="55" height="116" />
        <cmp x="1495" y="1294" width="41" height="56" />
        <cmp x="1535" y="1299" width="40" height="49" />
        <cmp x="1570" y="1302" width="69" height="54" />
      </word>
      <word id="m01-000-03-05" tag="INO" text="of">
        <cmp x="1716" y="1273" width="72" height="122" />
      </word>
      <word id="m01-000-03-06" tag="NP" text="Heather">
        <cmp x="1837" y="1285" width="51" height="79" />
        <cmp x="1886" y="1298" width="78" height="55" />
        <cmp x="1971" y="1272" width="29" height="80" />
        <cmp x="1989" y="1276" width="112" height="75" />
      </word>
      <word id="m01-000-03-07" tag="," text=",">
        <cmp x="2085" y="1345" width="21" height="32" />
      </word>
      <upper-contour>
        <point x="338" y="1212" />
        <point x="2066" y="1212" />
      </upper-contour>
      <lower-contour>
        <point x="336" y="1396" />
        <point x="1996" y="1396" />
      </lower-contour>
    </line>
    <line ass="-29" asx="0" asy="1467" character-width="999" dss="-29" dsx="0" dsy="1582" fd0="13416" fd1="2604" fd2="-1833" filter-width="4" id="m01-000-04" lbs="-52" lbx="0" lby="1535" segmentation="ok" slant="71000" stroke-width="7077" threshold="190" text="who was still repeating in sing-song:" ubs="17" ubx="0" uby="1492">
      <word id="m01-000-04-00" tag="WP" text="who">
        <cmp x="338" y="1483" width="54" height="53" />
        <cmp x="393" y="1469" width="36" height="71" />
        <cmp x="431" y="1488" width="46" height="49" />
      </word>
      <word id="m01-000-04-01" tag="BEDZ" text="was">
        <cmp x="560" y="1488" width="145" height="57" />
      </word>
      <word id="m01-000-04-02" tag="RB" text="still">
        <cmp x="805" y="1480" width="97" height="62" />
        <cmp x="901" y="1483" width="8" height="6" />
        <cmp x="917" y="1473" width="19" height="66" />
        <cmp x="939" y="1470" width="18" height="68" />
      </word>
      <word id="m01-000-04-03" tag="VBG" text="repeating">
        <cmp x="1039" y="1484" width="93" height="74" />
        <cmp x="1138" y="1475" width="141" height="61" />
        <cmp x="1273" y="1476" width="8" height="7" />
        <cmp x="1287" y="1491" width="42" height="43" />
        <cmp x="1318" y="1484" width="67" height="86" />
      </word>
      <word id="m01-000-04-04" tag="IN" text="in">
        <cmp x="1440" y="1489" width="18" height="47" />
        <cmp x="1462" y="1486" width="46" height="47" />
        <cmp x="1463" y="1474" width="8" height="7" />
      </word>
      <word id="m01-000-04-05" tag="NN" text="sing-song">
        <cmp x="1572" y="1482" width="42" height="52" />
        <cmp x="1610" y="1483" width="23" height="49" />
        <cmp x="1636" y="1472" width="8" height="8" />
        <cmp x="1637" y="1490" width="44" height="44" />
        <cmp x="1668" y="1486" width="69" height="82" />
        <cmp x="1744" y="1501" width="26" height="9" />
        <cmp x="1775" y="1478" width="53" height="61" />
        <cmp x="1818" y="1483" width="42" height="49" />
        <cmp x="1862" y="1486" width="45" height="48" />
        <cmp x="1895" y="1484" width="72" height="100" />
      </word>
      <word id="m01-000-04-06" tag=":" text=":">
        <cmp x="1988" y="1514" width="6" height="7" />
        <cmp x="1989" y="1492" width="6" height="9" />
      </word>
      <upper-contour>
        <point x="336" y="1396" />
        <point x="1996" y="1396" />
      </upper-contour>
      <lower-contour>
        <point x="349" y="1585" />
        <point x="1996" y="1585" />
      </lower-contour>
    </line>
    <line ass="-81" asx="0" asy="1622" character-width="999" dss="-81" dsx="0" dsy="1748" fd0="13228" fd1="3378" fd2="-148" filter-width="4" id="m01-000-05" lbs="-288" lbx="0" lby="1706" segmentation="ok" slant="77000" stroke-width="7086" threshold="193" text="&amp;quot;. . . I will not give in. . .&amp;quot; He stared at her" ubs="330" ubx="0" uby="1676">
      <word id="m01-000-05-00" sentence-start="yes" tag="*&apos;" text="&quot;">
        <cmp x="351" y="1625" width="23" height="37" />
      </word>
      <word id="m01-000-05-01" tag="..." text="...">
        <cmp x="392" y="1698" width="7" height="7" />
        <cmp x="447" y="1696" width="6" height="7" />
        <cmp x="485" y="1696" width="8" height="8" />
      </word>
      <word id="m01-000-05-02" tag="PP1A" text="I">
        <cmp x="548" y="1642" width="20" height="72" />
      </word>
      <word id="m01-000-05-03" tag="MD" text="will">
        <cmp x="629" y="1668" width="88" height="51" />
        <cmp x="720" y="1652" width="8" height="9" />
        <cmp x="725" y="1648" width="24" height="64" />
        <cmp x="743" y="1651" width="20" height="60" />
      </word>
      <word id="m01-000-05-04" tag="XNOT" text="not">
        <cmp x="829" y="1663" width="85" height="50" />
        <cmp x="920" y="1647" width="34" height="67" />
      </word>
      <word id="m01-000-05-05" tag="VB" text="give">
        <cmp x="1011" y="1670" width="59" height="82" />
        <cmp x="1069" y="1666" width="23" height="47" />
        <cmp x="1096" y="1649" width="8" height="8" />
        <cmp x="1099" y="1660" width="83" height="56" />
      </word>
      <word id="m01-000-05-06" tag="RP" text="in">
        <cmp x="1237" y="1665" width="21" height="51" />
        <cmp x="1261" y="1650" width="8" height="8" />
        <cmp x="1270" y="1663" width="44" height="52" />
      </word>
      <word id="m01-000-05-07" tag="..." text="...">
        <cmp x="1350" y="1699" width="8" height="7" />
        <cmp x="1384" y="1696" width="8" height="6" />
        <cmp x="1430" y="1697" width="8" height="7" />
      </word>
      <word id="m01-000-05-08" tag="**&apos;" text="&quot;">
        <cmp x="1487" y="1625" width="24" height="32" />
      </word>
      <word id="m01-000-05-09" sentence-start="yes" tag="PP3A" text="He">
        <cmp x="1554" y="1636" width="85" height="77" />
      </word>
      <word id="m01-000-05-10" tag="VBD" text="stared">
        <cmp x="1699" y="1660" width="43" height="60" />
        <cmp x="1738" y="1649" width="108" height="69" />
        <cmp x="1849" y="1662" width="41" height="53" />
        <cmp x="1879" y="1643" width="7" height="6" />
        <cmp x="1886" y="1646" width="59" height="70" />
      </word>
      <word id="m01-000-05-11" tag="IN" text="at">
        <cmp x="1993" y="1660" width="70" height="58" />
        <cmp x="2055" y="1639" width="37" height="77" />
      </word>
      <word id="m01-000-05-12" tag="PP3O" text="her">
        <cmp x="2145" y="1652" width="80" height="66" />
        <cmp x="2231" y="1664" width="23" height="48" />
      </word>
      <upper-contour>
        <point x="349" y="1585" />
        <point x="1996" y="1585" />
      </upper-contour>
      <lower-contour>
        <point x="349" y="1752" />
        <point x="2097" y="1752" />
      </lower-contour>
    </line>
    <line ass="-292" asx="0" asy="1811" character-width="999" dss="-292" dsx="0" dsy="1923" fd0="13229" fd1="2598" fd2="-1967" filter-width="4" id="m01-000-06" lbs="-261" lbx="0" lby="1883" segmentation="err" slant="72000" stroke-width="7089" threshold="190" text="blankly, mouthing an incoherent gabble" ubs="-356" ubx="0" uby="1836">
      <word id="m01-000-06-00" tag="RB" text="blankly">
        <cmp x="336" y="1814" width="37" height="68" />
        <cmp x="376" y="1820" width="19" height="67" />
        <cmp x="400" y="1841" width="100" height="51" />
        <cmp x="504" y="1822" width="46" height="63" />
        <cmp x="558" y="1819" width="20" height="67" />
        <cmp x="579" y="1846" width="42" height="80" />
      </word>
      <word id="m01-000-06-01" tag="," text=",">
        <cmp x="711" y="1836" width="65" height="50" />
      </word>
      <word id="m01-000-06-02" tag="VBG" text="mouthing">
        <cmp x="793" y="1837" width="40" height="54" />
        <cmp x="837" y="1838" width="41" height="51" />
        <cmp x="883" y="1822" width="46" height="59" />
        <cmp x="923" y="1821" width="65" height="68" />
        <cmp x="986" y="1823" width="8" height="7" />
        <cmp x="996" y="1843" width="35" height="44" />
        <cmp x="1030" y="1833" width="58" height="86" />
      </word>
      <word id="m01-000-06-03" tag="AT" text="an">
        <cmp x="1183" y="1834" width="48" height="54" />
        <cmp x="1227" y="1842" width="46" height="49" />
      </word>
      <word id="m01-000-06-04" tag="JJ" text="incoherent">
        <cmp x="1357" y="1848" width="20" height="45" />
        <cmp x="1376" y="1832" width="7" height="7" />
        <cmp x="1377" y="1843" width="47" height="47" />
        <cmp x="1431" y="1841" width="73" height="54" />
        <cmp x="1515" y="1829" width="82" height="63" />
        <cmp x="1598" y="1844" width="71" height="52" />
        <cmp x="1667" y="1845" width="47" height="49" />
        <cmp x="1713" y="1834" width="28" height="58" />
      </word>
      <word id="m01-000-06-05" tag="NN" text="gabble">
        <cmp x="1815" y="1840" width="101" height="90" />
        <cmp x="1915" y="1825" width="44" height="71" />
        <cmp x="1960" y="1825" width="49" height="78" />
        <cmp x="2013" y="1832" width="28" height="65" />
        <cmp x="2034" y="1846" width="62" height="49" />
      </word>
      <upper-contour>
        <point x="349" y="1752" />
        <point x="2097" y="1752" />
      </upper-contour>
      <lower-contour>
        <point x="337" y="1925" />
        <point x="1060" y="1925" />
      </lower-contour>
    </line>
    <line ass="177" asx="0" asy="1998" character-width="999" dss="177" dsx="0" dsy="2104" fd0="13041" fd1="2361" fd2="-1245" filter-width="4" id="m01-000-07" lbs="300" lbx="0" lby="2070" segmentation="ok" slant="72000" stroke-width="7044" threshold="196" text="of half words." ubs="-67" ubx="0" uby="2014">
      <word id="m01-000-07-00" tag="INO" text="of">
        <cmp x="339" y="1998" width="75" height="107" />
      </word>
      <word id="m01-000-07-01" tag="ABN" text="half">
        <cmp x="529" y="2001" width="37" height="69" />
        <cmp x="570" y="1999" width="80" height="71" />
        <cmp x="648" y="1997" width="44" height="104" />
      </word>
      <word id="m01-000-07-02" tag="NNS" text="words">
        <cmp x="827" y="2012" width="122" height="55" />
        <cmp x="947" y="2003" width="99" height="66" />
      </word>
      <word id="m01-000-07-03" tag="." text=".">
        <cmp x="1052" y="2056" width="7" height="12" />
      </word>
      <upper-contour>
        <point x="337" y="1925" />
        <point x="1060" y="1925" />
      </upper-contour>
    </line>
  </handwritten-part>
</form>

