<?xml version="1.0" encoding="ISO-8859-1"?>

<!DOCTYPE form SYSTEM 'http://www.iam.unibe.ch/~fki/iamdb/form-metadata.dtd'>

<form created="2002-01-25" height="3542" id="m01-121" last-modified="2002-07-17" skew="95" status="final" version="3.0_beta" width="2479" writer-id="513">
  <machine-printed-part>
    <machine-print-line text="There is just a hope that we may uncover some weakness, and find a way of fighting" />
    <machine-print-line text="back at them.&amp;quot; Heather agreed, and suggested that they use Dan as a specimen" />
    <machine-print-line text="demonstrating how the Thetan machinations had been working out. It occurred to" />
    <machine-print-line text="Steve that this may not have been entirely an objective suggestion on her part; but" />
    <machine-print-line text="he thought it a good idea nevertheless." />
  </machine-printed-part>
  <handwritten-part>
    <line ass="333" asx="0" asy="748" character-width="999" dss="333" dsx="0" dsy="922" fd0="13179" fd1="2231" fd2="-1683" filter-width="3" id="m01-121-00" lbs="354" lbx="0" lby="835" segmentation="ok" slant="79000" stroke-width="5571" threshold="196" text="There is just a hope that we may uncover" ubs="290" ubx="0" uby="790">
      <word id="m01-121-00-00" sentence-start="yes" tag="EX" text="There">
        <cmp x="397" y="749" width="164" height="91" />
      </word>
      <word id="m01-121-00-01" tag="BEZ" text="is">
        <cmp x="598" y="791" width="84" height="69" />
        <cmp x="644" y="770" width="17" height="10" />
      </word>
      <word id="m01-121-00-02" tag="RB" text="just">
        <cmp x="715" y="788" width="26" height="104" />
        <cmp x="742" y="758" width="5" height="11" />
        <cmp x="754" y="792" width="79" height="48" />
        <cmp x="845" y="747" width="29" height="81" />
      </word>
      <word id="m01-121-00-03" tag="AT" text="a">
        <cmp x="911" y="782" width="52" height="57" />
      </word>
      <word id="m01-121-00-04" tag="NN" text="hope">
        <cmp x="1001" y="743" width="91" height="95" />
        <cmp x="1092" y="781" width="83" height="120" />
        <cmp x="1168" y="821" width="4" height="4" />
      </word>
      <word id="m01-121-00-05" tag="CS" text="that">
        <cmp x="1211" y="743" width="157" height="100" />
      </word>
      <word id="m01-121-00-06" tag="PP1AS" text="we">
        <cmp x="1396" y="785" width="119" height="58" />
      </word>
      <word id="m01-121-00-07" tag="MD" text="may">
        <cmp x="1546" y="777" width="173" height="137" />
      </word>
      <word id="m01-121-00-08" tag="VB" text="uncover">
        <cmp x="1751" y="769" width="320" height="70" />
        <cmp x="2052" y="802" width="20" height="35" />
      </word>
      <lower-contour>
        <point x="395" y="914" />
        <point x="2072" y="914" />
      </lower-contour>
    </line>
    <line ass="-420" asx="0" asy="901" character-width="999" dss="-420" dsx="0" dsy="1067" fd0="13071" fd1="1893" fd2="-1921" filter-width="3" id="m01-121-01" lbs="-331" lbx="0" lby="1018" segmentation="ok" slant="74000" stroke-width="5451" threshold="196" text="some weakness, and find a way of fighting" ubs="-597" ubx="0" uby="963">
      <word id="m01-121-01-00" tag="DTI" text="some">
        <cmp x="374" y="1030" width="3" height="4" />
        <cmp x="374" y="1032" width="9" height="8" />
        <cmp x="383" y="972" width="53" height="61" />
        <cmp x="443" y="961" width="158" height="60" />
      </word>
      <word id="m01-121-01-01" tag="NN" text="weakness">
        <cmp x="636" y="933" width="381" height="114" />
      </word>
      <word id="m01-121-01-02" tag="," text=",">
        <cmp x="1025" y="1015" width="15" height="53" />
      </word>
      <word id="m01-121-01-03" tag="CC" text="and">
        <cmp x="1096" y="948" width="144" height="69" />
        <cmp x="1240" y="937" width="4" height="5" />
      </word>
      <word id="m01-121-01-04" tag="VB" text="find">
        <cmp x="1274" y="922" width="58" height="150" />
        <cmp x="1331" y="947" width="11" height="18" />
        <cmp x="1340" y="937" width="109" height="79" />
      </word>
      <word id="m01-121-01-05" tag="AT" text="a">
        <cmp x="1488" y="957" width="48" height="53" />
      </word>
      <word id="m01-121-01-06" tag="NN" text="way">
        <cmp x="1582" y="953" width="160" height="122" />
      </word>
      <word id="m01-121-01-07" tag="INO" text="of">
        <cmp x="1781" y="923" width="85" height="129" />
      </word>
      <word id="m01-121-01-08" tag="VBG" text="fighting">
        <cmp x="1887" y="916" width="62" height="140" />
        <cmp x="1954" y="931" width="8" height="20" />
        <cmp x="1956" y="923" width="107" height="136" />
        <cmp x="1960" y="952" width="3" height="8" />
        <cmp x="2053" y="960" width="88" height="124" />
      </word>
      <upper-contour>
        <point x="395" y="914" />
        <point x="2072" y="914" />
      </upper-contour>
      <lower-contour>
        <point x="392" y="1085" />
        <point x="2142" y="1085" />
      </lower-contour>
    </line>
    <line ass="-135" asx="0" asy="1098" character-width="999" dss="-135" dsx="0" dsy="1265" fd0="13310" fd1="1960" fd2="-2188" filter-width="3" id="m01-121-02" lbs="-249" lbx="0" lby="1188" segmentation="ok" slant="76000" stroke-width="5372" threshold="197" text="back at them.&amp;quot; Heather agreed, and suggested" ubs="92" ubx="0" uby="1155">
      <word id="m01-121-02-00" tag="RP" text="back">
        <cmp x="394" y="1118" width="91" height="85" />
        <cmp x="485" y="1154" width="27" height="46" />
        <cmp x="510" y="1117" width="55" height="90" />
      </word>
      <word id="m01-121-02-01" tag="IN" text="at">
        <cmp x="602" y="1120" width="96" height="87" />
      </word>
      <word id="m01-121-02-02" tag="PP3OS" text="them">
        <cmp x="735" y="1107" width="182" height="94" />
      </word>
      <word id="m01-121-02-03" tag="." text=".">
        <cmp x="936" y="1184" width="8" height="7" />
      </word>
      <word id="m01-121-02-04" tag="**&apos;" text="&quot;">
        <cmp x="965" y="1117" width="23" height="27" />
        <cmp x="972" y="1112" width="4" height="5" />
      </word>
      <word id="m01-121-02-05" sentence-start="yes" tag="NP" text="Heather">
        <cmp x="1028" y="1117" width="118" height="152" />
        <cmp x="1145" y="1115" width="129" height="79" />
        <cmp x="1260" y="1175" width="21" height="25" />
        <cmp x="1284" y="1196" width="9" height="3" />
      </word>
      <word id="m01-121-02-06" tag="VBD" text="agreed">
        <cmp x="1340" y="1105" width="247" height="158" />
      </word>
      <word id="m01-121-02-07" tag="," text=",">
        <cmp x="1576" y="1199" width="17" height="41" />
      </word>
      <word id="m01-121-02-08" tag="CC" text="and">
        <cmp x="1625" y="1116" width="160" height="85" />
      </word>
      <word id="m01-121-02-09" tag="VBD" text="suggested">
        <cmp x="1810" y="1141" width="255" height="129" />
        <cmp x="2061" y="1117" width="124" height="73" />
        <cmp x="2183" y="1105" width="27" height="85" />
      </word>
      <upper-contour>
        <point x="392" y="1085" />
        <point x="2142" y="1085" />
      </upper-contour>
      <lower-contour>
        <point x="395" y="1271" />
        <point x="2211" y="1271" />
      </lower-contour>
    </line>
    <line ass="-179" asx="0" asy="1279" character-width="999" dss="-179" dsx="0" dsy="1451" fd0="13231" fd1="1993" fd2="-1953" filter-width="3" id="m01-121-03" lbs="-173" lbx="0" lby="1360" segmentation="ok" slant="75000" stroke-width="5486" threshold="197" text="that they use Dan as a specimen demonstra-" ubs="-192" ubx="0" uby="1322">
      <word id="m01-121-03-00" tag="CS" text="that">
        <cmp x="397" y="1281" width="164" height="86" />
      </word>
      <word id="m01-121-03-01" tag="PP3AS" text="they">
        <cmp x="593" y="1293" width="64" height="88" />
        <cmp x="653" y="1329" width="97" height="126" />
      </word>
      <word id="m01-121-03-02" tag="VB" text="use">
        <cmp x="784" y="1322" width="131" height="55" />
      </word>
      <word id="m01-121-03-03" tag="NP" text="Dan">
        <cmp x="968" y="1291" width="160" height="85" />
      </word>
      <word id="m01-121-03-04" tag="IN" text="as">
        <cmp x="1163" y="1314" width="83" height="54" />
      </word>
      <word id="m01-121-03-05" tag="AT" text="a">
        <cmp x="1289" y="1329" width="59" height="43" />
      </word>
      <word id="m01-121-03-06" tag="NN" text="specimen">
        <cmp x="1385" y="1322" width="46" height="63" />
        <cmp x="1424" y="1323" width="169" height="112" />
        <cmp x="1539" y="1355" width="4" height="3" />
        <cmp x="1566" y="1299" width="14" height="6" />
        <cmp x="1588" y="1325" width="147" height="48" />
      </word>
      <word id="m01-121-03-07" tag="VBG-" text="demonstra-">
        <cmp x="1793" y="1286" width="51" height="79" />
        <cmp x="1833" y="1321" width="253" height="53" />
        <cmp x="2099" y="1296" width="30" height="73" />
        <cmp x="2122" y="1317" width="68" height="54" />
        <cmp x="2210" y="1347" width="24" height="9" />
      </word>
      <upper-contour>
        <point x="395" y="1271" />
        <point x="2211" y="1271" />
      </upper-contour>
      <lower-contour>
        <point x="395" y="1455" />
        <point x="2235" y="1455" />
      </lower-contour>
    </line>
    <line ass="580" asx="0" asy="1473" character-width="999" dss="580" dsx="0" dsy="1648" fd0="13453" fd1="2144" fd2="-1781" filter-width="3" id="m01-121-04" lbs="570" lbx="0" lby="1560" segmentation="ok" slant="74000" stroke-width="5456" threshold="196" text="ting how the Thetan machinations had been" ubs="598" ubx="0" uby="1524">
      <word id="m01-121-04-00" tag="-VBG" text="ting">
        <cmp x="397" y="1474" width="37" height="99" />
        <cmp x="438" y="1499" width="7" height="9" />
        <cmp x="447" y="1518" width="85" height="127" />
      </word>
      <word id="m01-121-04-01" tag="WRB" text="how">
        <cmp x="582" y="1475" width="170" height="89" />
      </word>
      <word id="m01-121-04-02" tag="ATI" text="the">
        <cmp x="796" y="1473" width="111" height="83" />
      </word>
      <word id="m01-121-04-03" tag="JNP" text="Thetan">
        <cmp x="957" y="1463" width="165" height="99" />
        <cmp x="1123" y="1507" width="43" height="45" />
        <cmp x="1171" y="1510" width="47" height="50" />
      </word>
      <word id="m01-121-04-04" tag="NNS" text="machinations">
        <cmp x="1270" y="1560" width="11" height="12" />
        <cmp x="1281" y="1510" width="150" height="52" />
        <cmp x="1435" y="1463" width="97" height="81" />
        <cmp x="1523" y="1509" width="115" height="55" />
        <cmp x="1535" y="1485" width="7" height="5" />
        <cmp x="1628" y="1546" width="9" height="7" />
        <cmp x="1657" y="1477" width="40" height="76" />
        <cmp x="1681" y="1473" width="4" height="4" />
        <cmp x="1709" y="1475" width="13" height="18" />
        <cmp x="1719" y="1498" width="135" height="52" />
        <cmp x="1727" y="1532" width="8" height="4" />
      </word>
      <word id="m01-121-04-05" tag="HVD" text="had">
        <cmp x="1908" y="1463" width="162" height="83" />
        <cmp x="2068" y="1465" width="5" height="4" />
      </word>
      <word id="m01-121-04-06" tag="BEN" text="been">
        <cmp x="2083" y="1465" width="170" height="84" />
      </word>
      <upper-contour>
        <point x="395" y="1455" />
        <point x="2235" y="1455" />
      </upper-contour>
      <lower-contour>
        <point x="395" y="1644" />
        <point x="1411" y="1563" />
        <point x="2249" y="1563" />
      </lower-contour>
    </line>
    <line ass="295" asx="0" asy="1652" character-width="999" dss="295" dsx="0" dsy="1836" fd0="13520" fd1="2494" fd2="-1230" filter-width="3" id="m01-121-05" lbs="243" lbx="0" lby="1731" segmentation="ok" slant="68999" stroke-width="5502" threshold="194" text="working out. It occurred to Steve that this may" ubs="398" ubx="0" uby="1698">
      <word id="m01-121-05-00" tag="VBG" text="working">
        <cmp x="371" y="1661" width="322" height="171" />
        <cmp x="593" y="1675" width="13" height="10" />
      </word>
      <word id="m01-121-05-01" tag="RP" text="out">
        <cmp x="736" y="1657" width="134" height="81" />
      </word>
      <word id="m01-121-05-02" tag="." text=".">
        <cmp x="888" y="1731" width="7" height="6" />
      </word>
      <word id="m01-121-05-03" sentence-start="yes" tag="PP3" text="It">
        <cmp x="955" y="1651" width="57" height="80" />
      </word>
      <word id="m01-121-05-04" tag="VBD" text="occurred">
        <cmp x="1028" y="1688" width="37" height="48" />
        <cmp x="1065" y="1659" width="263" height="82" />
        <cmp x="1326" y="1654" width="5" height="4" />
      </word>
      <word id="m01-121-05-05" tag="IN" text="to">
        <cmp x="1361" y="1645" width="54" height="96" />
        <cmp x="1401" y="1690" width="40" height="44" />
      </word>
      <word id="m01-121-05-06" tag="NP" text="Steve">
        <cmp x="1486" y="1651" width="45" height="81" />
        <cmp x="1526" y="1649" width="128" height="81" />
      </word>
      <word id="m01-121-05-07" tag="CS" text="that">
        <cmp x="1691" y="1652" width="104" height="78" />
        <cmp x="1795" y="1649" width="49" height="78" />
      </word>
      <word id="m01-121-05-08" tag="DT" text="this">
        <cmp x="1873" y="1649" width="104" height="79" />
        <cmp x="1964" y="1654" width="52" height="66" />
      </word>
      <word id="m01-121-05-09" tag="MD" text="may">
        <cmp x="2047" y="1671" width="201" height="130" />
        <cmp x="2204" y="1753" width="4" height="3" />
      </word>
      <upper-contour>
        <point x="395" y="1644" />
        <point x="1411" y="1563" />
        <point x="2249" y="1563" />
      </upper-contour>
      <lower-contour>
        <point x="375" y="1831" />
        <point x="662" y="1832" />
        <point x="859" y="1802" />
        <point x="2249" y="1802" />
      </lower-contour>
    </line>
    <line ass="471" asx="0" asy="1827" character-width="999" dss="471" dsx="0" dsy="1991" fd0="13517" fd1="2301" fd2="-2295" filter-width="3" id="m01-121-06" lbs="435" lbx="0" lby="1918" segmentation="ok" slant="75000" stroke-width="5328" threshold="198" text="not have been entirely an objective suggestion" ubs="542" ubx="0" uby="1882">
      <word id="m01-121-06-00" tag="XNOT" text="not">
        <cmp x="377" y="1928" width="9" height="12" />
        <cmp x="384" y="1873" width="116" height="58" />
        <cmp x="503" y="1835" width="36" height="86" />
      </word>
      <word id="m01-121-06-01" tag="HV" text="have">
        <cmp x="572" y="1833" width="112" height="86" />
        <cmp x="686" y="1860" width="83" height="52" />
        <cmp x="701" y="1880" width="4" height="4" />
      </word>
      <word id="m01-121-06-02" tag="BEN" text="been">
        <cmp x="816" y="1822" width="151" height="104" />
        <cmp x="957" y="1879" width="3" height="5" />
        <cmp x="970" y="1875" width="28" height="37" />
      </word>
      <word id="m01-121-06-03" tag="RB" text="entirely">
        <cmp x="1084" y="1841" width="89" height="60" />
        <cmp x="1174" y="1820" width="36" height="77" />
        <cmp x="1210" y="1817" width="145" height="158" />
      </word>
      <word id="m01-121-06-04" tag="AT" text="an">
        <cmp x="1407" y="1856" width="96" height="54" />
      </word>
      <word id="m01-121-06-05" tag="JJ" text="objective">
        <cmp x="1569" y="1825" width="109" height="142" />
        <cmp x="1680" y="1829" width="41" height="84" />
        <cmp x="1719" y="1864" width="44" height="41" />
        <cmp x="1764" y="1824" width="40" height="82" />
        <cmp x="1806" y="1831" width="14" height="9" />
        <cmp x="1810" y="1845" width="80" height="55" />
      </word>
      <word id="m01-121-06-06" tag="NN" text="suggestion">
        <cmp x="1945" y="1850" width="241" height="125" />
        <cmp x="2191" y="1836" width="32" height="73" />
        <cmp x="2227" y="1843" width="10" height="23" />
        <cmp x="2231" y="1861" width="33" height="49" />
        <cmp x="2243" y="1897" width="4" height="4" />
        <cmp x="2268" y="1863" width="60" height="62" />
      </word>
      <upper-contour>
        <point x="375" y="1831" />
        <point x="662" y="1832" />
        <point x="859" y="1802" />
        <point x="2249" y="1802" />
      </upper-contour>
      <lower-contour>
        <point x="390" y="1976" />
        <point x="2213" y="1976" />
      </lower-contour>
    </line>
    <line ass="699" asx="0" asy="2006" character-width="999" dss="699" dsx="0" dsy="2192" fd0="13223" fd1="2146" fd2="-1471" filter-width="3" id="m01-121-07" lbs="579" lbx="0" lby="2096" segmentation="ok" slant="72000" stroke-width="5440" threshold="196" text="on her part; but he thought it a good idea" ubs="938" ubx="0" uby="2066">
      <word id="m01-121-07-00" tag="IN" text="on">
        <cmp x="392" y="2049" width="102" height="56" />
      </word>
      <word id="m01-121-07-01" tag="PP$" text="her">
        <cmp x="540" y="2003" width="123" height="94" />
      </word>
      <word id="m01-121-07-02" tag="NN" text="part">
        <cmp x="687" y="2046" width="137" height="116" />
        <cmp x="802" y="2014" width="58" height="81" />
      </word>
      <word id="m01-121-07-03" tag=";" text=";">
        <cmp x="867" y="2090" width="15" height="49" />
        <cmp x="882" y="2050" width="10" height="9" />
      </word>
      <word id="m01-121-07-04" tag="CC" text="but">
        <cmp x="923" y="2002" width="154" height="101" />
      </word>
      <word id="m01-121-07-05" tag="PP3A" text="he">
        <cmp x="1103" y="1993" width="102" height="94" />
      </word>
      <word id="m01-121-07-06" tag="VBD" text="thought">
        <cmp x="1250" y="2003" width="326" height="174" />
      </word>
      <word id="m01-121-07-07" tag="PP3" text="it">
        <cmp x="1594" y="2002" width="90" height="78" />
        <cmp x="1640" y="2000" width="5" height="5" />
      </word>
      <word id="m01-121-07-08" tag="AT" text="a">
        <cmp x="1727" y="2028" width="60" height="56" />
      </word>
      <word id="m01-121-07-09" tag="JJ" text="good">
        <cmp x="1805" y="2030" width="48" height="140" />
        <cmp x="1859" y="2036" width="119" height="49" />
        <cmp x="1981" y="1996" width="23" height="77" />
      </word>
      <word id="m01-121-07-10" tag="NN" text="idea">
        <cmp x="2021" y="2044" width="50" height="52" />
        <cmp x="2078" y="2005" width="135" height="99" />
        <cmp x="2079" y="2010" width="13" height="16" />
      </word>
      <upper-contour>
        <point x="390" y="1976" />
        <point x="2213" y="1976" />
      </upper-contour>
      <lower-contour>
        <point x="390" y="2162" />
        <point x="840" y="2162" />
      </lower-contour>
    </line>
    <line ass="1830" asx="0" asy="2202" character-width="999" dss="1830" dsx="0" dsy="2298" fd0="12977" fd1="1684" fd2="-2817" filter-width="3" id="m01-121-08" lbs="1788" lbx="0" lby="2290" segmentation="err" slant="74000" stroke-width="5366" threshold="194" text="nevertheless." ubs="1916" ubx="0" uby="2245">
      <word id="m01-121-08-00" tag="RB" text="nevertheless">
        <cmp x="381" y="2224" width="223" height="64" />
        <cmp x="613" y="2188" width="55" height="81" />
        <cmp x="661" y="2180" width="88" height="92" />
      </word>
      <word id="m01-121-08-01" tag="." text=".">
        <cmp x="747" y="2209" width="92" height="63" />
      </word>
      <upper-contour>
        <point x="390" y="2162" />
        <point x="840" y="2162" />
      </upper-contour>
    </line>
  </handwritten-part>
</form>

