<?xml version="1.0" encoding="ISO-8859-1"?>

<!DOCTYPE form SYSTEM 'http://www.iam.unibe.ch/~fki/iamdb/form-metadata.dtd'>

<form created="2002-01-24" height="3542" id="m01-079" last-modified="2002-07-17" skew="0" status="final" version="3.0_beta" width="2479" writer-id="509">
  <machine-printed-part>
    <machine-print-line text="A superfluous precaution for there was no other car abroad; and no pedestrian to" />
    <machine-print-line text="cross his path nor to wait at an intersection for the light to change. At his apartment" />
    <machine-print-line text="he garaged his car and then stood listening in the night. Listening in vain. For the" />
    <machine-print-line text="earth had lost its life-tempo, as the heart loses its beat in death." />
  </machine-printed-part>
  <handwritten-part>
    <line ass="-229" asx="0" asy="655" character-width="999" dss="-229" dsx="0" dsy="819" fd0="13275" fd1="2722" fd2="-1189" filter-width="4" id="m01-079-00" lbs="-189" lbx="0" lby="769" segmentation="ok" slant="79000" stroke-width="5784" threshold="203" text="A superfluous precaution for there was no other car" ubs="-310" ubx="0" uby="723">
      <word id="m01-079-00-00" sentence-start="yes" tag="AT" text="A">
        <cmp x="336" y="688" width="41" height="82" />
        <cmp x="348" y="703" width="41" height="63" />
      </word>
      <word id="m01-079-00-01" tag="JJ" text="superfluous">
        <cmp x="434" y="719" width="28" height="53" />
        <cmp x="472" y="728" width="36" height="43" />
        <cmp x="512" y="729" width="33" height="85" />
        <cmp x="545" y="732" width="29" height="41" />
        <cmp x="581" y="731" width="27" height="38" />
        <cmp x="606" y="668" width="117" height="152" />
        <cmp x="730" y="724" width="75" height="51" />
      </word>
      <word id="m01-079-00-02" tag="NN" text="precaution">
        <cmp x="831" y="724" width="37" height="100" />
        <cmp x="877" y="717" width="92" height="58" />
        <cmp x="969" y="727" width="45" height="50" />
        <cmp x="1017" y="738" width="38" height="39" />
        <cmp x="1062" y="679" width="31" height="95" />
        <cmp x="1096" y="722" width="5" height="14" />
        <cmp x="1105" y="737" width="31" height="34" />
        <cmp x="1137" y="734" width="38" height="40" />
      </word>
      <word id="m01-079-00-03" tag="CS" text="for">
        <cmp x="1208" y="661" width="42" height="144" />
        <cmp x="1232" y="730" width="34" height="43" />
        <cmp x="1274" y="723" width="51" height="49" />
      </word>
      <word id="m01-079-00-04" tag="EX" text="there">
        <cmp x="1354" y="675" width="30" height="95" />
        <cmp x="1390" y="676" width="72" height="101" />
        <cmp x="1479" y="724" width="39" height="49" />
      </word>
      <word id="m01-079-00-05" tag="BEDZ" text="was">
        <cmp x="1564" y="713" width="106" height="65" />
      </word>
      <word id="m01-079-00-06" tag="ATI" text="no">
        <cmp x="1722" y="722" width="26" height="57" />
        <cmp x="1755" y="737" width="35" height="44" />
      </word>
      <word id="m01-079-00-07" tag="AP" text="other">
        <cmp x="1829" y="725" width="44" height="52" />
        <cmp x="1875" y="663" width="133" height="113" />
      </word>
      <word id="m01-079-00-08" tag="NN" text="car">
        <cmp x="2037" y="723" width="80" height="64" />
        <cmp x="2130" y="734" width="37" height="52" />
      </word>
      <lower-contour>
        <point x="334" y="823" />
        <point x="2167" y="823" />
      </lower-contour>
    </line>
    <line ass="234" asx="0" asy="852" character-width="999" dss="234" dsx="0" dsy="1032" fd0="13646" fd1="2697" fd2="-902" filter-width="4" id="m01-079-01" lbs="402" lbx="0" lby="962" segmentation="ok" slant="70000" stroke-width="5941" threshold="203" text="abroad; and no pedestrian to cross his path nor to wait" ubs="-100" ubx="0" uby="911">
      <word id="m01-079-01-00" tag="RB" text="abroad">
        <cmp x="316" y="851" width="89" height="108" />
        <cmp x="406" y="908" width="63" height="54" />
        <cmp x="474" y="913" width="37" height="46" />
        <cmp x="515" y="871" width="63" height="88" />
      </word>
      <word id="m01-079-01-01" tag=";" text=";">
        <cmp x="551" y="935" width="43" height="96" />
        <cmp x="601" y="896" width="12" height="11" />
      </word>
      <word id="m01-079-01-02" tag="CC" text="and">
        <cmp x="625" y="861" width="138" height="96" />
      </word>
      <word id="m01-079-01-03" tag="ATI" text="no">
        <cmp x="784" y="917" width="33" height="42" />
        <cmp x="822" y="916" width="29" height="45" />
      </word>
      <word id="m01-079-01-04" tag="NN" text="pedestrian">
        <cmp x="877" y="904" width="73" height="96" />
        <cmp x="952" y="868" width="75" height="94" />
        <cmp x="1039" y="908" width="29" height="50" />
        <cmp x="1075" y="870" width="25" height="84" />
        <cmp x="1096" y="917" width="47" height="44" />
        <cmp x="1151" y="915" width="82" height="49" />
        <cmp x="1155" y="893" width="5" height="11" />
      </word>
      <word id="m01-079-01-05" tag="TO" text="to">
        <cmp x="1270" y="865" width="36" height="100" />
        <cmp x="1300" y="914" width="33" height="50" />
      </word>
      <word id="m01-079-01-06" tag="VB" text="cross">
        <cmp x="1358" y="907" width="44" height="58" />
        <cmp x="1402" y="916" width="99" height="54" />
      </word>
      <word id="m01-079-01-07" tag="PP$" text="his">
        <cmp x="1551" y="853" width="60" height="104" />
        <cmp x="1598" y="933" width="10" height="24" />
        <cmp x="1618" y="903" width="5" height="11" />
        <cmp x="1621" y="909" width="30" height="48" />
      </word>
      <word id="m01-079-01-08" tag="NN" text="path">
        <cmp x="1661" y="894" width="83" height="110" />
        <cmp x="1744" y="865" width="40" height="86" />
        <cmp x="1768" y="868" width="33" height="87" />
      </word>
      <word id="m01-079-01-09" tag="CC" text="nor">
        <cmp x="1825" y="912" width="59" height="50" />
        <cmp x="1892" y="919" width="26" height="39" />
      </word>
      <word id="m01-079-01-10" tag="TO" text="to">
        <cmp x="1947" y="870" width="60" height="93" />
      </word>
      <word id="m01-079-01-11" tag="VB" text="wait">
        <cmp x="2032" y="903" width="77" height="55" />
        <cmp x="2113" y="922" width="16" height="41" />
        <cmp x="2135" y="900" width="9" height="7" />
        <cmp x="2137" y="857" width="52" height="115" />
      </word>
      <upper-contour>
        <point x="334" y="823" />
        <point x="2167" y="823" />
      </upper-contour>
      <lower-contour>
        <point x="314" y="961" />
        <point x="551" y="1030" />
        <point x="633" y="1004" />
        <point x="2042" y="1004" />
      </lower-contour>
    </line>
    <line ass="19" asx="0" asy="1016" character-width="999" dss="19" dsx="0" dsy="1230" fd0="13867" fd1="2743" fd2="-750" filter-width="4" id="m01-079-02" lbs="-16" lbx="0" lby="1123" segmentation="ok" slant="71000" stroke-width="6033" threshold="203" text="at an intersection for the light to change. At his" ubs="92" ubx="0" uby="1088">
      <word id="m01-079-02-00" tag="IN" text="at">
        <cmp x="316" y="1027" width="83" height="101" />
      </word>
      <word id="m01-079-02-01" tag="AT" text="an">
        <cmp x="418" y="1075" width="81" height="58" />
      </word>
      <word id="m01-079-02-02" tag="NN" text="intersection">
        <cmp x="538" y="1093" width="10" height="36" />
        <cmp x="552" y="1071" width="4" height="11" />
        <cmp x="558" y="1091" width="29" height="38" />
        <cmp x="595" y="1029" width="52" height="99" />
        <cmp x="648" y="1080" width="38" height="49" />
        <cmp x="685" y="1077" width="60" height="59" />
        <cmp x="748" y="1043" width="66" height="95" />
        <cmp x="817" y="1089" width="7" height="8" />
        <cmp x="819" y="1095" width="50" height="40" />
      </word>
      <word id="m01-079-02-03" tag="IN" text="for">
        <cmp x="908" y="1028" width="67" height="147" />
        <cmp x="980" y="1091" width="44" height="33" />
      </word>
      <word id="m01-079-02-04" tag="ATI" text="the">
        <cmp x="1055" y="1042" width="35" height="82" />
        <cmp x="1083" y="1050" width="49" height="75" />
      </word>
      <word id="m01-079-02-05" tag="NN" text="light">
        <cmp x="1157" y="1032" width="69" height="96" />
        <cmp x="1182" y="1016" width="132" height="192" />
        <cmp x="1233" y="1072" width="5" height="7" />
        <cmp x="1315" y="1025" width="57" height="108" />
      </word>
      <word id="m01-079-02-06" tag="TO" text="to">
        <cmp x="1394" y="1025" width="43" height="93" />
        <cmp x="1428" y="1076" width="37" height="47" />
      </word>
      <word id="m01-079-02-07" tag="VB" text="change">
        <cmp x="1512" y="1020" width="89" height="111" />
        <cmp x="1582" y="1083" width="77" height="46" />
        <cmp x="1600" y="1089" width="115" height="142" />
      </word>
      <word id="m01-079-02-08" tag="." text=".">
        <cmp x="1731" y="1127" width="7" height="11" />
      </word>
      <word id="m01-079-02-09" sentence-start="yes" tag="IN" text="At">
        <cmp x="1775" y="1027" width="110" height="108" />
      </word>
      <word id="m01-079-02-10" tag="PP$" text="his">
        <cmp x="1911" y="1028" width="71" height="106" />
        <cmp x="1974" y="1099" width="12" height="28" />
        <cmp x="1995" y="1074" width="47" height="56" />
        <cmp x="2000" y="1073" width="9" height="14" />
      </word>
      <upper-contour>
        <point x="314" y="961" />
        <point x="551" y="1030" />
        <point x="633" y="1004" />
        <point x="2042" y="1004" />
      </upper-contour>
      <lower-contour>
        <point x="314" y="1202" />
        <point x="1185" y="1231" />
        <point x="1657" y="1185" />
        <point x="1912" y="1185" />
      </lower-contour>
    </line>
    <line ass="-203" asx="0" asy="1201" character-width="999" dss="-203" dsx="0" dsy="1395" fd0="13738" fd1="2726" fd2="-1049" filter-width="4" id="m01-079-03" lbs="-178" lbx="0" lby="1302" segmentation="ok" slant="68999" stroke-width="5924" threshold="191" text="apartment he garaged his car and then stood" ubs="-253" ubx="0" uby="1261">
      <word id="m01-079-03-00" tag="NN" text="apartment">
        <cmp x="286" y="1246" width="44" height="65" />
        <cmp x="318" y="1260" width="134" height="108" />
        <cmp x="452" y="1218" width="35" height="87" />
        <cmp x="489" y="1246" width="121" height="70" />
        <cmp x="625" y="1205" width="43" height="100" />
      </word>
      <word id="m01-079-03-01" tag="PP3A" text="he">
        <cmp x="697" y="1205" width="68" height="105" />
      </word>
      <word id="m01-079-03-02" tag="VBD" text="garaged">
        <cmp x="766" y="1251" width="79" height="145" />
        <cmp x="834" y="1270" width="47" height="48" />
        <cmp x="891" y="1267" width="54" height="48" />
        <cmp x="897" y="1218" width="179" height="182" />
      </word>
      <word id="m01-079-03-03" tag="PP$" text="his">
        <cmp x="1101" y="1213" width="57" height="103" />
        <cmp x="1157" y="1287" width="8" height="19" />
        <cmp x="1174" y="1260" width="10" height="8" />
        <cmp x="1174" y="1263" width="41" height="53" />
      </word>
      <word id="m01-079-03-04" tag="NN" text="car">
        <cmp x="1238" y="1266" width="82" height="66" />
        <cmp x="1332" y="1273" width="47" height="45" />
      </word>
      <word id="m01-079-03-05" tag="CC" text="and">
        <cmp x="1394" y="1259" width="85" height="63" />
        <cmp x="1487" y="1239" width="60" height="81" />
      </word>
      <word id="m01-079-03-06" tag="RN" text="then">
        <cmp x="1582" y="1236" width="52" height="89" />
        <cmp x="1623" y="1228" width="89" height="97" />
      </word>
      <word id="m01-079-03-07" tag="VBD" text="stood">
        <cmp x="1747" y="1209" width="69" height="98" />
        <cmp x="1800" y="1259" width="31" height="48" />
        <cmp x="1828" y="1268" width="31" height="41" />
        <cmp x="1858" y="1222" width="53" height="86" />
      </word>
      <upper-contour>
        <point x="314" y="1202" />
        <point x="1185" y="1231" />
        <point x="1657" y="1185" />
        <point x="1912" y="1185" />
      </upper-contour>
      <lower-contour>
        <point x="284" y="1368" />
        <point x="766" y="1397" />
        <point x="902" y="1400" />
        <point x="993" y="1332" />
        <point x="1912" y="1332" />
      </lower-contour>
    </line>
    <line ass="-235" asx="0" asy="1373" character-width="999" dss="-235" dsx="0" dsy="1587" fd0="14017" fd1="3180" fd2="-453" filter-width="4" id="m01-079-04" lbs="-229" lbx="0" lby="1479" segmentation="err" slant="68999" stroke-width="5871" threshold="191" text="listening in the night. Listening in vain. For the" ubs="-248" ubx="0" uby="1445">
      <word id="m01-079-04-00" tag="VBG" text="listening">
        <cmp x="280" y="1375" width="56" height="112" />
        <cmp x="319" y="1451" width="12" height="32" />
        <cmp x="338" y="1421" width="6" height="13" />
        <cmp x="345" y="1431" width="28" height="59" />
        <cmp x="376" y="1393" width="35" height="100" />
        <cmp x="400" y="1435" width="38" height="59" />
        <cmp x="433" y="1480" width="6" height="7" />
        <cmp x="443" y="1441" width="30" height="54" />
        <cmp x="484" y="1459" width="11" height="31" />
        <cmp x="500" y="1436" width="6" height="6" />
        <cmp x="506" y="1447" width="31" height="47" />
        <cmp x="549" y="1445" width="29" height="62" />
      </word>
      <word id="m01-079-04-01" tag="IN" text="in">
        <cmp x="617" y="1444" width="20" height="51" />
        <cmp x="636" y="1418" width="5" height="6" />
        <cmp x="639" y="1451" width="33" height="46" />
      </word>
      <word id="m01-079-04-02" tag="ATI" text="the">
        <cmp x="708" y="1403" width="45" height="96" />
        <cmp x="749" y="1398" width="62" height="97" />
      </word>
      <word id="m01-079-04-03" tag="NN" text="night">
        <cmp x="850" y="1443" width="56" height="58" />
        <cmp x="876" y="1380" width="135" height="212" />
        <cmp x="918" y="1444" width="5" height="9" />
        <cmp x="1003" y="1388" width="40" height="110" />
      </word>
      <word id="m01-079-04-04" tag="." text=".">
        <cmp x="1044" y="1484" width="9" height="15" />
      </word>
      <word id="m01-079-04-05" sentence-start="yes" tag="VBG" text="Listening">
        <cmp x="1129" y="1397" width="45" height="103" />
        <cmp x="1173" y="1465" width="14" height="28" />
        <cmp x="1188" y="1438" width="10" height="11" />
        <cmp x="1200" y="1434" width="39" height="66" />
        <cmp x="1237" y="1392" width="90" height="111" />
        <cmp x="1337" y="1470" width="14" height="31" />
        <cmp x="1351" y="1454" width="89" height="132" />
        <cmp x="1360" y="1440" width="5" height="17" />
        <cmp x="1365" y="1455" width="27" height="43" />
      </word>
      <word id="m01-079-04-06" tag="RB21" text="in">
        <cmp x="1494" y="1461" width="22" height="40" />
        <cmp x="1516" y="1441" width="7" height="7" />
        <cmp x="1520" y="1453" width="33" height="44" />
      </word>
      <word id="m01-079-04-07" tag="RB22" text="vain">
        <cmp x="1606" y="1432" width="58" height="66" />
        <cmp x="1633" y="1446" width="54" height="54" />
        <cmp x="1699" y="1464" width="13" height="32" />
        <cmp x="1720" y="1437" width="5" height="10" />
        <cmp x="1721" y="1447" width="32" height="55" />
      </word>
      <word id="m01-079-04-08" tag="." text=".">
        <cmp x="1761" y="1489" width="9" height="15" />
      </word>
      <word id="m01-079-04-09" sentence-start="yes" tag="CS" text="For">
        <cmp x="1811" y="1402" width="75" height="104" />
        <cmp x="1851" y="1445" width="51" height="49" />
        <cmp x="1904" y="1442" width="56" height="48" />
      </word>
      <word id="m01-079-04-10" tag="ATI" text="the">
        <cmp x="1974" y="1387" width="104" height="117" />
      </word>
      <upper-contour>
        <point x="284" y="1368" />
        <point x="766" y="1397" />
        <point x="902" y="1400" />
        <point x="993" y="1332" />
        <point x="1912" y="1332" />
      </upper-contour>
      <lower-contour>
        <point x="278" y="1506" />
        <point x="876" y="1592" />
        <point x="980" y="1503" />
        <point x="1351" y="1586" />
        <point x="1655" y="1506" />
        <point x="1991" y="1506" />
      </lower-contour>
    </line>
    <line ass="-364" asx="0" asy="1506" character-width="999" dss="-364" dsx="0" dsy="1734" fd0="14069" fd1="2593" fd2="-1073" filter-width="4" id="m01-079-05" lbs="-380" lbx="0" lby="1665" segmentation="err" slant="70000" stroke-width="6080" threshold="191" text="earth had lost its life-tempo, as the heart" ubs="-333" ubx="0" uby="1624">
      <word id="m01-079-05-00" tag="NN" text="earth">
        <cmp x="272" y="1597" width="59" height="85" />
        <cmp x="318" y="1623" width="53" height="51" />
        <cmp x="371" y="1602" width="62" height="79" />
        <cmp x="415" y="1509" width="141" height="167" />
      </word>
      <word id="m01-079-05-01" tag="HVD" text="had">
        <cmp x="533" y="1564" width="65" height="104" />
        <cmp x="584" y="1630" width="27" height="33" />
        <cmp x="614" y="1576" width="70" height="91" />
      </word>
      <word id="m01-079-05-02" tag="VBN" text="lost">
        <cmp x="720" y="1568" width="67" height="109" />
        <cmp x="758" y="1628" width="63" height="50" />
      </word>
      <word id="m01-079-05-03" tag="PP$" text="its">
        <cmp x="830" y="1576" width="41" height="95" />
      </word>
      <word id="m01-079-05-04" tag="NN" text="life-tempo">
        <cmp x="918" y="1635" width="14" height="36" />
        <cmp x="936" y="1610" width="14" height="5" />
        <cmp x="947" y="1573" width="59" height="111" />
        <cmp x="1036" y="1572" width="74" height="100" />
        <cmp x="1116" y="1615" width="5" height="12" />
        <cmp x="1091" y="1551" width="96" height="191" />
        <cmp x="1193" y="1640" width="27" height="8" />
        <cmp x="1231" y="1568" width="66" height="116" />
        <cmp x="1292" y="1650" width="6" height="5" />
        <cmp x="1298" y="1618" width="46" height="50" />
        <cmp x="1337" y="1635" width="52" height="80" />
        <cmp x="1393" y="1634" width="33" height="46" />
      </word>
      <word id="m01-079-05-05" tag="," text=",">
        <cmp x="1440" y="1654" width="23" height="48" />
      </word>
      <word id="m01-079-05-06" tag="CS" text="as">
        <cmp x="1493" y="1627" width="75" height="54" />
      </word>
      <word id="m01-079-05-07" tag="ATI" text="the">
        <cmp x="1600" y="1575" width="98" height="120" />
      </word>
      <word id="m01-079-05-08" tag="NN" text="heart">
        <cmp x="1737" y="1569" width="106" height="118" />
        <cmp x="1838" y="1639" width="43" height="39" />
        <cmp x="1889" y="1552" width="101" height="126" />
      </word>
      <upper-contour>
        <point x="278" y="1506" />
        <point x="876" y="1592" />
        <point x="980" y="1503" />
        <point x="1351" y="1586" />
        <point x="1655" y="1506" />
        <point x="1991" y="1506" />
      </upper-contour>
      <lower-contour>
        <point x="275" y="1684" />
        <point x="1091" y="1742" />
        <point x="1240" y="1676" />
        <point x="1251" y="1676" />
      </lower-contour>
    </line>
    <line ass="-610" asx="0" asy="1728" character-width="999" dss="-610" dsx="0" dsy="1858" fd0="13639" fd1="2331" fd2="-1140" filter-width="4" id="m01-079-06" lbs="-645" lbx="0" lby="1843" segmentation="ok" slant="72000" stroke-width="5968" threshold="191" text="loses its beat in death." ubs="-541" ubx="0" uby="1798">
      <word id="m01-079-06-00" tag="VBZ" text="loses">
        <cmp x="277" y="1733" width="163" height="114" />
      </word>
      <word id="m01-079-06-01" tag="PP$" text="its">
        <cmp x="509" y="1809" width="18" height="42" />
        <cmp x="527" y="1788" width="13" height="6" />
        <cmp x="544" y="1740" width="63" height="115" />
      </word>
      <word id="m01-079-06-02" tag="NN" text="beat">
        <cmp x="654" y="1756" width="109" height="110" />
        <cmp x="754" y="1812" width="47" height="45" />
        <cmp x="813" y="1751" width="45" height="98" />
      </word>
      <word id="m01-079-06-03" tag="IN" text="in">
        <cmp x="901" y="1810" width="20" height="45" />
        <cmp x="923" y="1798" width="5" height="4" />
        <cmp x="930" y="1808" width="24" height="44" />
      </word>
      <word id="m01-079-06-04" tag="NN" text="death">
        <cmp x="1009" y="1764" width="90" height="93" />
        <cmp x="1102" y="1802" width="44" height="51" />
        <cmp x="1151" y="1740" width="99" height="113" />
      </word>
      <word id="m01-079-06-05" tag="." text=".">
        <cmp x="1233" y="1845" width="9" height="18" />
      </word>
      <upper-contour>
        <point x="275" y="1684" />
        <point x="1091" y="1742" />
        <point x="1240" y="1676" />
        <point x="1251" y="1676" />
      </upper-contour>
    </line>
  </handwritten-part>
</form>

