<?xml version="1.0" encoding="ISO-8859-1"?>

<!DOCTYPE form SYSTEM 'http://www.iam.unibe.ch/~fki/iamdb/form-metadata.dtd'>

<form created="2002-01-25" height="3542" id="m01-149" last-modified="2002-07-17" skew="95" status="final" version="3.0_beta" width="2479" writer-id="518">
  <machine-printed-part>
    <machine-print-line text="They followed him to a city bus stop on Carling Avenue, where he waited. The bus" />
    <machine-print-line text="stop was a deserted island on an empty street. But not for long, for soon pedestrians" />
    <machine-print-line text="and cars flocked upon the Avenue from its many tributary streets. It might have" />
    <machine-print-line text="been a normal business-day bustle, except for two anomalies. First, it was Sunday" />
    <machine-print-line text="morning; and, second, everyone walked, or drove, or waited as a person possessed of" />
    <machine-print-line text="a single all-exclusive purpose." />
  </machine-printed-part>
  <handwritten-part>
    <line ass="-338" asx="0" asy="735" character-width="999" dss="-338" dsx="0" dsy="882" fd0="13304" fd1="2980" fd2="-668" filter-width="3" id="m01-149-00" lbs="-341" lbx="0" lby="800" segmentation="ok" slant="92000" stroke-width="5565" threshold="190" text="They followed him to a city bus stop on Carling Avenue, where" ubs="-332" ubx="0" uby="771">
      <word id="m01-149-00-00" sentence-start="yes" tag="PP3AS" text="They">
        <cmp x="339" y="753" width="93" height="54" />
        <cmp x="357" y="762" width="7" height="46" />
        <cmp x="438" y="774" width="43" height="111" />
      </word>
      <word id="m01-149-00-01" tag="VBD" text="followed">
        <cmp x="497" y="742" width="42" height="138" />
        <cmp x="544" y="778" width="20" height="30" />
        <cmp x="569" y="752" width="16" height="59" />
        <cmp x="581" y="752" width="18" height="57" />
        <cmp x="601" y="774" width="23" height="30" />
        <cmp x="637" y="747" width="119" height="62" />
      </word>
      <word id="m01-149-00-02" tag="PP3O" text="him">
        <cmp x="792" y="755" width="59" height="54" />
        <cmp x="839" y="757" width="6" height="13" />
        <cmp x="857" y="776" width="61" height="32" />
      </word>
      <word id="m01-149-00-03" tag="IN" text="to">
        <cmp x="938" y="741" width="60" height="67" />
      </word>
      <word id="m01-149-00-04" tag="AT" text="a">
        <cmp x="1033" y="778" width="36" height="36" />
      </word>
      <word id="m01-149-00-05" tag="NN" text="city">
        <cmp x="1109" y="779" width="46" height="37" />
        <cmp x="1135" y="761" width="13" height="10" />
        <cmp x="1163" y="752" width="53" height="99" />
      </word>
      <word id="m01-149-00-06" tag="NN" text="bus">
        <cmp x="1247" y="760" width="41" height="56" />
        <cmp x="1291" y="782" width="34" height="31" />
        <cmp x="1327" y="788" width="19" height="26" />
      </word>
      <word id="m01-149-00-07" tag="NN" text="stop">
        <cmp x="1375" y="783" width="27" height="31" />
        <cmp x="1403" y="747" width="22" height="64" />
        <cmp x="1425" y="784" width="24" height="29" />
        <cmp x="1459" y="778" width="37" height="65" />
      </word>
      <word id="m01-149-00-08" tag="IN" text="on">
        <cmp x="1532" y="781" width="30" height="37" />
        <cmp x="1563" y="784" width="33" height="26" />
      </word>
      <word id="m01-149-00-09" tag="NP" text="Carling">
        <cmp x="1645" y="752" width="74" height="61" />
        <cmp x="1729" y="755" width="48" height="59" />
        <cmp x="1769" y="759" width="6" height="11" />
        <cmp x="1778" y="780" width="71" height="90" />
      </word>
      <word id="m01-149-00-10" tag="NPL" text="Avenue">
        <cmp x="1865" y="755" width="46" height="60" />
        <cmp x="1913" y="771" width="51" height="39" />
        <cmp x="1970" y="768" width="124" height="45" />
      </word>
      <word id="m01-149-00-11" tag="," text=",">
        <cmp x="2104" y="812" width="8" height="31" />
      </word>
      <word id="m01-149-00-12" tag="WRB" text="where">
        <cmp x="2129" y="785" width="46" height="35" />
        <cmp x="2177" y="761" width="114" height="55" />
      </word>
      <lower-contour>
        <point x="346" y="884" />
        <point x="2292" y="884" />
      </lower-contour>
    </line>
    <line ass="-251" asx="0" asy="909" character-width="999" dss="-251" dsx="0" dsy="1038" fd0="13215" fd1="2706" fd2="-806" filter-width="4" id="m01-149-01" lbs="-188" lbx="0" lby="986" segmentation="ok" slant="91000" stroke-width="5784" threshold="189" text="he waited. The bus stop was a deserted island on an empty street." ubs="-378" ubx="0" uby="951">
      <word id="m01-149-01-00" tag="PP3A" text="he">
        <cmp x="348" y="924" width="60" height="65" />
      </word>
      <word id="m01-149-01-01" tag="VBD" text="waited">
        <cmp x="435" y="954" width="100" height="39" />
        <cmp x="519" y="939" width="8" height="12" />
        <cmp x="542" y="923" width="99" height="68" />
      </word>
      <word id="m01-149-01-02" tag="." text=".">
        <cmp x="648" y="981" width="6" height="6" />
      </word>
      <word id="m01-149-01-03" sentence-start="yes" tag="ATI" text="The">
        <cmp x="673" y="940" width="47" height="54" />
        <cmp x="721" y="939" width="57" height="56" />
      </word>
      <word id="m01-149-01-04" tag="NN" text="bus">
        <cmp x="812" y="926" width="114" height="62" />
        <cmp x="905" y="972" width="16" height="12" />
      </word>
      <word id="m01-149-01-05" tag="NN" text="stop">
        <cmp x="954" y="919" width="50" height="71" />
        <cmp x="1005" y="958" width="24" height="27" />
        <cmp x="1034" y="956" width="37" height="61" />
      </word>
      <word id="m01-149-01-06" tag="BEDZ" text="was">
        <cmp x="1100" y="962" width="47" height="34" />
        <cmp x="1146" y="961" width="66" height="34" />
      </word>
      <word id="m01-149-01-07" tag="AT" text="a">
        <cmp x="1241" y="959" width="42" height="33" />
      </word>
      <word id="m01-149-01-08" tag="JJ" text="deserted">
        <cmp x="1318" y="941" width="63" height="55" />
        <cmp x="1384" y="960" width="27" height="31" />
        <cmp x="1418" y="956" width="47" height="37" />
        <cmp x="1464" y="927" width="41" height="61" />
        <cmp x="1509" y="929" width="58" height="56" />
      </word>
      <word id="m01-149-01-09" tag="NN" text="island">
        <cmp x="1575" y="939" width="16" height="15" />
        <cmp x="1600" y="963" width="11" height="31" />
        <cmp x="1614" y="960" width="28" height="32" />
        <cmp x="1640" y="924" width="12" height="65" />
        <cmp x="1657" y="927" width="113" height="62" />
      </word>
      <word id="m01-149-01-10" tag="IN" text="on">
        <cmp x="1800" y="960" width="29" height="34" />
        <cmp x="1836" y="964" width="35" height="27" />
      </word>
      <word id="m01-149-01-11" tag="AT" text="an">
        <cmp x="1892" y="965" width="36" height="30" />
      </word>
      <word id="m01-149-01-12" tag="JJ" text="empty">
        <cmp x="1956" y="959" width="113" height="61" />
        <cmp x="2065" y="936" width="23" height="57" />
        <cmp x="2087" y="964" width="40" height="85" />
      </word>
      <word id="m01-149-01-13" tag="NN" text="street">
        <cmp x="2162" y="967" width="26" height="30" />
        <cmp x="2194" y="919" width="119" height="75" />
      </word>
      <word id="m01-149-01-14" tag="." text=".">
        <cmp x="2331" y="985" width="6" height="7" />
      </word>
      <upper-contour>
        <point x="346" y="884" />
        <point x="2292" y="884" />
      </upper-contour>
      <lower-contour>
        <point x="346" y="1049" />
        <point x="2307" y="1049" />
      </lower-contour>
    </line>
    <line ass="-484" asx="0" asy="1082" character-width="999" dss="-484" dsx="0" dsy="1232" fd0="13330" fd1="3037" fd2="-867" filter-width="3" id="m01-149-02" lbs="-508" lbx="0" lby="1158" segmentation="ok" slant="92999" stroke-width="5645" threshold="189" text="But not for long, for soon pedestrians and cars flocked upon" ubs="-437" ubx="0" uby="1129">
      <word id="m01-149-02-00" sentence-start="yes" tag="CC" text="But">
        <cmp x="331" y="1101" width="45" height="64" />
        <cmp x="384" y="1133" width="36" height="34" />
        <cmp x="420" y="1096" width="31" height="65" />
      </word>
      <word id="m01-149-02-01" tag="XNOT" text="not">
        <cmp x="489" y="1139" width="32" height="32" />
        <cmp x="527" y="1139" width="22" height="25" />
        <cmp x="553" y="1096" width="8" height="69" />
      </word>
      <word id="m01-149-02-02" tag="IN" text="for">
        <cmp x="602" y="1096" width="35" height="117" />
        <cmp x="641" y="1137" width="26" height="31" />
        <cmp x="670" y="1140" width="16" height="26" />
      </word>
      <word id="m01-149-02-03" tag="RB" text="long">
        <cmp x="736" y="1098" width="57" height="70" />
        <cmp x="803" y="1134" width="41" height="31" />
        <cmp x="843" y="1132" width="39" height="108" />
      </word>
      <word id="m01-149-02-04" tag="," text=",">
        <cmp x="898" y="1165" width="5" height="26" />
      </word>
      <word id="m01-149-02-05" tag="CS" text="for">
        <cmp x="927" y="1097" width="38" height="107" />
        <cmp x="964" y="1132" width="28" height="30" />
        <cmp x="997" y="1129" width="17" height="30" />
      </word>
      <word id="m01-149-02-06" tag="RB" text="soon">
        <cmp x="1071" y="1133" width="32" height="35" />
        <cmp x="1110" y="1134" width="24" height="28" />
        <cmp x="1136" y="1133" width="24" height="30" />
        <cmp x="1170" y="1137" width="54" height="24" />
      </word>
      <word id="m01-149-02-07" tag="NNS" text="pedestrians">
        <cmp x="1227" y="1139" width="41" height="70" />
        <cmp x="1272" y="1135" width="24" height="34" />
        <cmp x="1298" y="1117" width="88" height="53" />
        <cmp x="1366" y="1141" width="22" height="17" />
        <cmp x="1398" y="1108" width="58" height="64" />
        <cmp x="1438" y="1116" width="13" height="11" />
        <cmp x="1464" y="1138" width="75" height="30" />
        <cmp x="1541" y="1137" width="20" height="16" />
        <cmp x="1542" y="1155" width="23" height="13" />
      </word>
      <word id="m01-149-02-08" tag="CC" text="and">
        <cmp x="1596" y="1108" width="124" height="64" />
      </word>
      <word id="m01-149-02-09" tag="NNS" text="cars">
        <cmp x="1768" y="1140" width="23" height="32" />
        <cmp x="1793" y="1137" width="46" height="35" />
        <cmp x="1848" y="1141" width="23" height="35" />
      </word>
      <word id="m01-149-02-10" tag="VBD" text="flocked">
        <cmp x="1900" y="1099" width="36" height="111" />
        <cmp x="1943" y="1109" width="16" height="70" />
        <cmp x="1965" y="1139" width="27" height="33" />
        <cmp x="2002" y="1143" width="27" height="33" />
        <cmp x="2026" y="1109" width="100" height="62" />
      </word>
      <word id="m01-149-02-11" tag="IN" text="upon">
        <cmp x="2153" y="1149" width="33" height="32" />
        <cmp x="2194" y="1147" width="27" height="65" />
        <cmp x="2226" y="1149" width="22" height="27" />
        <cmp x="2255" y="1151" width="52" height="32" />
      </word>
      <upper-contour>
        <point x="346" y="1049" />
        <point x="2307" y="1049" />
      </upper-contour>
      <lower-contour>
        <point x="341" y="1240" />
        <point x="2276" y="1240" />
      </lower-contour>
    </line>
    <line ass="-13" asx="0" asy="1273" character-width="999" dss="-13" dsx="0" dsy="1431" fd0="13046" fd1="3044" fd2="-552" filter-width="3" id="m01-149-03" lbs="78" lbx="0" lby="1346" segmentation="ok" slant="94000" stroke-width="5684" threshold="193" text="the Avenue from its many tributary streets. It might have" ubs="-198" ubx="0" uby="1313">
      <word id="m01-149-03-00" tag="ATI" text="the">
        <cmp x="343" y="1289" width="33" height="58" />
        <cmp x="378" y="1288" width="66" height="53" />
      </word>
      <word id="m01-149-03-01" tag="NPL" text="Avenue">
        <cmp x="486" y="1286" width="45" height="60" />
        <cmp x="536" y="1307" width="65" height="36" />
        <cmp x="601" y="1304" width="104" height="38" />
      </word>
      <word id="m01-149-03-02" tag="IN" text="from">
        <cmp x="747" y="1275" width="56" height="104" />
        <cmp x="807" y="1317" width="24" height="24" />
        <cmp x="839" y="1318" width="75" height="29" />
      </word>
      <word id="m01-149-03-03" tag="PP$" text="its">
        <cmp x="930" y="1297" width="17" height="8" />
        <cmp x="953" y="1320" width="8" height="28" />
        <cmp x="962" y="1282" width="17" height="61" />
        <cmp x="981" y="1317" width="22" height="37" />
      </word>
      <word id="m01-149-03-04" tag="AP" text="many">
        <cmp x="1039" y="1316" width="66" height="33" />
        <cmp x="1108" y="1312" width="116" height="92" />
      </word>
      <word id="m01-149-03-05" tag="JJ" text="tributary">
        <cmp x="1265" y="1285" width="27" height="68" />
        <cmp x="1294" y="1316" width="30" height="28" />
        <cmp x="1303" y="1302" width="9" height="9" />
        <cmp x="1338" y="1276" width="196" height="72" />
        <cmp x="1543" y="1317" width="41" height="91" />
      </word>
      <word id="m01-149-03-06" tag="NNS" text="streets">
        <cmp x="1609" y="1313" width="27" height="38" />
        <cmp x="1641" y="1274" width="120" height="74" />
        <cmp x="1761" y="1318" width="23" height="34" />
      </word>
      <word id="m01-149-03-07" tag="." text=".">
        <cmp x="1791" y="1350" width="7" height="6" />
      </word>
      <word id="m01-149-03-08" sentence-start="yes" tag="PP3" text="It">
        <cmp x="1834" y="1290" width="6" height="69" />
        <cmp x="1846" y="1294" width="25" height="53" />
      </word>
      <word id="m01-149-03-09" tag="MD" text="might">
        <cmp x="1902" y="1323" width="83" height="30" />
        <cmp x="1965" y="1303" width="9" height="12" />
        <cmp x="1984" y="1321" width="35" height="111" />
        <cmp x="2019" y="1295" width="40" height="53" />
        <cmp x="2057" y="1279" width="20" height="66" />
      </word>
      <word id="m01-149-03-10" tag="HV" text="have">
        <cmp x="2121" y="1292" width="79" height="54" />
        <cmp x="2198" y="1308" width="78" height="38" />
      </word>
      <upper-contour>
        <point x="341" y="1240" />
        <point x="2276" y="1240" />
      </upper-contour>
      <lower-contour>
        <point x="342" y="1433" />
        <point x="2276" y="1433" />
      </lower-contour>
    </line>
    <line ass="-181" asx="0" asy="1450" character-width="999" dss="-181" dsx="0" dsy="1580" fd0="13479" fd1="2895" fd2="-851" filter-width="4" id="m01-149-04" lbs="-145" lbx="0" lby="1522" segmentation="ok" slant="92000" stroke-width="5793" threshold="191" text="been a normal business-day bustle, except for two anomalies." ubs="-254" ubx="0" uby="1491">
      <word id="m01-149-04-00" tag="BEN" text="been">
        <cmp x="344" y="1453" width="109" height="72" />
        <cmp x="454" y="1489" width="46" height="37" />
      </word>
      <word id="m01-149-04-01" tag="AT" text="a">
        <cmp x="531" y="1495" width="46" height="37" />
      </word>
      <word id="m01-149-04-02" tag="JJ" text="normal">
        <cmp x="636" y="1501" width="40" height="29" />
        <cmp x="677" y="1497" width="30" height="32" />
        <cmp x="713" y="1499" width="15" height="27" />
        <cmp x="740" y="1495" width="97" height="32" />
        <cmp x="838" y="1469" width="15" height="61" />
      </word>
      <word id="m01-149-04-03" tag="JJB" text="business-day">
        <cmp x="907" y="1460" width="52" height="73" />
        <cmp x="971" y="1494" width="91" height="32" />
        <cmp x="1043" y="1476" width="7" height="12" />
        <cmp x="1069" y="1490" width="84" height="38" />
        <cmp x="1156" y="1497" width="24" height="27" />
        <cmp x="1198" y="1505" width="20" height="8" />
        <cmp x="1242" y="1473" width="127" height="113" />
      </word>
      <word id="m01-149-04-04" tag="NN" text="bustle">
        <cmp x="1416" y="1462" width="94" height="66" />
        <cmp x="1511" y="1490" width="25" height="34" />
        <cmp x="1539" y="1454" width="75" height="72" />
      </word>
      <word id="m01-149-04-05" tag="," text=",">
        <cmp x="1625" y="1519" width="9" height="26" />
      </word>
      <word id="m01-149-04-06" tag="IN21" text="except">
        <cmp x="1668" y="1485" width="28" height="43" />
        <cmp x="1706" y="1499" width="30" height="31" />
        <cmp x="1740" y="1495" width="49" height="38" />
        <cmp x="1792" y="1491" width="25" height="67" />
        <cmp x="1821" y="1462" width="14" height="66" />
      </word>
      <word id="m01-149-04-07" tag="IN22" text="for">
        <cmp x="1864" y="1464" width="57" height="115" />
        <cmp x="1930" y="1501" width="16" height="24" />
      </word>
      <word id="m01-149-04-08" tag="CD" text="two">
        <cmp x="1999" y="1468" width="74" height="64" />
        <cmp x="2082" y="1496" width="24" height="29" />
      </word>
      <word id="m01-149-04-09" tag="NNS" text="anomalies">
        <cmp x="2135" y="1499" width="83" height="29" />
        <cmp x="2219" y="1498" width="19" height="21" />
        <cmp x="2243" y="1496" width="52" height="31" />
        <cmp x="2298" y="1471" width="59" height="58" />
        <cmp x="2351" y="1472" width="8" height="9" />
        <cmp x="2358" y="1501" width="15" height="25" />
        <cmp x="2368" y="1493" width="27" height="33" />
        <cmp x="2406" y="1498" width="26" height="40" />
      </word>
      <word id="m01-149-04-10" tag="." text=".">
        <cmp x="2451" y="1525" width="5" height="8" />
      </word>
      <upper-contour>
        <point x="342" y="1433" />
        <point x="2276" y="1433" />
      </upper-contour>
      <lower-contour>
        <point x="342" y="1586" />
        <point x="2198" y="1586" />
      </lower-contour>
    </line>
    <line ass="-527" asx="0" asy="1617" character-width="999" dss="-527" dsx="0" dsy="1770" fd0="13561" fd1="3365" fd2="-374" filter-width="3" id="m01-149-05" lbs="-538" lbx="0" lby="1692" segmentation="err" slant="108000" stroke-width="5701" threshold="192" text="First, it was Sunday morning; and, second, everyone" ubs="-506" ubx="0" uby="1666">
      <word id="m01-149-05-00" sentence-start="yes" tag="OD" text="First">
        <cmp x="342" y="1634" width="69" height="21" />
        <cmp x="350" y="1646" width="58" height="60" />
        <cmp x="423" y="1671" width="11" height="29" />
        <cmp x="442" y="1668" width="28" height="36" />
        <cmp x="472" y="1623" width="33" height="72" />
        <cmp x="511" y="1700" width="8" height="29" />
      </word>
      <word id="m01-149-05-01" tag="," text=",">
        <cmp x="537" y="1650" width="16" height="11" />
      </word>
      <word id="m01-149-05-02" tag="PP3" text="it">
        <cmp x="549" y="1676" width="15" height="33" />
        <cmp x="565" y="1635" width="16" height="68" />
      </word>
      <word id="m01-149-05-03" tag="BEDZ" text="was">
        <cmp x="631" y="1673" width="47" height="32" />
        <cmp x="682" y="1669" width="33" height="32" />
        <cmp x="719" y="1674" width="22" height="31" />
      </word>
      <word id="m01-149-05-04" tag="NR" text="Sunday">
        <cmp x="789" y="1645" width="32" height="60" />
        <cmp x="830" y="1672" width="76" height="30" />
        <cmp x="908" y="1645" width="131" height="124" />
      </word>
      <word id="m01-149-05-05" tag="NN" text="morning">
        <cmp x="1067" y="1681" width="64" height="32" />
        <cmp x="1128" y="1675" width="26" height="28" />
        <cmp x="1162" y="1679" width="13" height="24" />
        <cmp x="1189" y="1681" width="70" height="26" />
        <cmp x="1244" y="1654" width="7" height="10" />
        <cmp x="1261" y="1681" width="44" height="25" />
        <cmp x="1306" y="1679" width="39" height="105" />
      </word>
      <word id="m01-149-05-06" tag=";" text=";">
        <cmp x="1351" y="1701" width="8" height="32" />
        <cmp x="1352" y="1683" width="8" height="7" />
      </word>
      <word id="m01-149-05-07" tag="CC" text="and">
        <cmp x="1405" y="1676" width="86" height="31" />
        <cmp x="1493" y="1637" width="36" height="67" />
      </word>
      <word id="m01-149-05-08" tag="," text=",">
        <cmp x="1558" y="1695" width="10" height="27" />
      </word>
      <word id="m01-149-05-09" tag="RB" text="second">
        <cmp x="1615" y="1676" width="34" height="38" />
        <cmp x="1653" y="1677" width="25" height="36" />
        <cmp x="1685" y="1678" width="22" height="33" />
        <cmp x="1720" y="1679" width="37" height="31" />
        <cmp x="1766" y="1678" width="44" height="34" />
        <cmp x="1806" y="1640" width="38" height="68" />
        <cmp x="1856" y="1707" width="11" height="25" />
      </word>
      <word id="m01-149-05-10" tag="," text=",">
        <cmp x="1904" y="1672" width="30" height="43" />
      </word>
      <word id="m01-149-05-11" tag="PN" text="everyone">
        <cmp x="1942" y="1670" width="87" height="41" />
        <cmp x="2019" y="1678" width="51" height="97" />
        <cmp x="2066" y="1681" width="30" height="31" />
        <cmp x="2107" y="1672" width="90" height="42" />
      </word>
      <upper-contour>
        <point x="342" y="1586" />
        <point x="2198" y="1586" />
      </upper-contour>
      <lower-contour>
        <point x="354" y="1784" />
        <point x="2198" y="1784" />
      </lower-contour>
    </line>
    <line ass="-403" asx="0" asy="1791" character-width="999" dss="-403" dsx="0" dsy="1920" fd0="13459" fd1="2855" fd2="-690" filter-width="4" id="m01-149-06" lbs="-297" lbx="0" lby="1881" segmentation="ok" slant="95000" stroke-width="5791" threshold="192" text="walked, or drove, or waited as a person possessed of" ubs="-617" ubx="0" uby="1842">
      <word id="m01-149-06-00" tag="VBD" text="walked">
        <cmp x="356" y="1851" width="46" height="35" />
        <cmp x="406" y="1820" width="49" height="59" />
        <cmp x="456" y="1818" width="105" height="64" />
      </word>
      <word id="m01-149-06-01" tag="," text=",">
        <cmp x="577" y="1877" width="8" height="31" />
      </word>
      <word id="m01-149-06-02" tag="CC" text="or">
        <cmp x="641" y="1853" width="32" height="35" />
        <cmp x="679" y="1857" width="20" height="27" />
      </word>
      <word id="m01-149-06-03" tag="VBD" text="drove">
        <cmp x="749" y="1827" width="66" height="62" />
        <cmp x="818" y="1855" width="29" height="31" />
        <cmp x="851" y="1847" width="67" height="39" />
      </word>
      <word id="m01-149-06-04" tag="," text=",">
        <cmp x="944" y="1881" width="8" height="23" />
      </word>
      <word id="m01-149-06-05" tag="CC" text="or">
        <cmp x="983" y="1853" width="32" height="32" />
        <cmp x="1025" y="1855" width="24" height="29" />
      </word>
      <word id="m01-149-06-06" tag="VBD" text="waited">
        <cmp x="1110" y="1856" width="50" height="33" />
        <cmp x="1167" y="1856" width="77" height="30" />
        <cmp x="1217" y="1832" width="8" height="8" />
        <cmp x="1244" y="1825" width="44" height="58" />
        <cmp x="1291" y="1819" width="39" height="62" />
      </word>
      <word id="m01-149-06-07" tag="IN" text="as">
        <cmp x="1381" y="1851" width="73" height="36" />
      </word>
      <word id="m01-149-06-08" tag="AT" text="a">
        <cmp x="1510" y="1857" width="42" height="29" />
      </word>
      <word id="m01-149-06-09" tag="NN" text="person">
        <cmp x="1598" y="1852" width="100" height="81" />
        <cmp x="1706" y="1857" width="25" height="31" />
        <cmp x="1739" y="1858" width="39" height="30" />
        <cmp x="1781" y="1862" width="48" height="28" />
      </word>
      <word id="m01-149-06-10" tag="VBN" text="possessed">
        <cmp x="1871" y="1859" width="50" height="33" />
        <cmp x="1878" y="1870" width="17" height="62" />
        <cmp x="1923" y="1862" width="34" height="34" />
        <cmp x="1961" y="1863" width="30" height="33" />
        <cmp x="1989" y="1862" width="20" height="31" />
        <cmp x="2014" y="1856" width="55" height="35" />
        <cmp x="2066" y="1854" width="25" height="34" />
        <cmp x="2100" y="1850" width="29" height="41" />
        <cmp x="2129" y="1821" width="67" height="65" />
      </word>
      <word id="m01-149-06-11" tag="INO" text="of">
        <cmp x="2219" y="1807" width="77" height="119" />
      </word>
      <upper-contour>
        <point x="354" y="1784" />
        <point x="2198" y="1784" />
      </upper-contour>
      <lower-contour>
        <point x="356" y="1907" />
        <point x="1428" y="1907" />
      </lower-contour>
    </line>
    <line ass="-467" asx="0" asy="1988" character-width="999" dss="-467" dsx="0" dsy="2118" fd0="13721" fd1="3327" fd2="-531" filter-width="3" id="m01-149-07" lbs="-227" lbx="0" lby="2058" segmentation="ok" slant="94000" stroke-width="5514" threshold="198" text="a single all-exclusive purpose." ubs="-947" ubx="0" uby="2017">
      <word id="m01-149-07-00" tag="AT" text="a">
        <cmp x="358" y="2033" width="36" height="34" />
      </word>
      <word id="m01-149-07-01" tag="JJ" text="single">
        <cmp x="448" y="2026" width="43" height="37" />
        <cmp x="486" y="1999" width="9" height="16" />
        <cmp x="496" y="2038" width="10" height="19" />
        <cmp x="517" y="2030" width="72" height="95" />
        <cmp x="588" y="2004" width="58" height="74" />
      </word>
      <word id="m01-149-07-02" tag="JJ" text="all-exclusive">
        <cmp x="683" y="2032" width="43" height="32" />
        <cmp x="720" y="2003" width="23" height="58" />
        <cmp x="735" y="2002" width="26" height="59" />
        <cmp x="771" y="2034" width="23" height="7" />
        <cmp x="830" y="2028" width="29" height="35" />
        <cmp x="863" y="2030" width="34" height="33" />
        <cmp x="902" y="2027" width="29" height="36" />
        <cmp x="936" y="2002" width="15" height="59" />
        <cmp x="956" y="2030" width="47" height="28" />
        <cmp x="1004" y="2031" width="26" height="26" />
        <cmp x="1025" y="1998" width="9" height="9" />
        <cmp x="1036" y="2033" width="14" height="29" />
        <cmp x="1062" y="2020" width="67" height="42" />
      </word>
      <word id="m01-149-07-03" tag="NN" text="purpose">
        <cmp x="1159" y="2032" width="44" height="30" />
        <cmp x="1167" y="2043" width="18" height="64" />
        <cmp x="1209" y="2031" width="49" height="37" />
        <cmp x="1266" y="2037" width="29" height="57" />
        <cmp x="1301" y="2030" width="27" height="35" />
        <cmp x="1339" y="2022" width="64" height="42" />
      </word>
      <word id="m01-149-07-04" tag="." text=".">
        <cmp x="1422" y="2064" width="6" height="7" />
      </word>
      <upper-contour>
        <point x="356" y="1907" />
        <point x="1428" y="1907" />
      </upper-contour>
    </line>
  </handwritten-part>
</form>

