<?xml version="1.0" encoding="ISO-8859-1"?>

<!DOCTYPE form SYSTEM 'http://www.iam.unibe.ch/~fki/iamdb/form-metadata.dtd'>

<form created="2002-01-24" height="3542" id="m01-038" last-modified="2002-07-17" skew="159" status="final" version="3.0_beta" width="2479" writer-id="505">
  <machine-printed-part>
    <machine-print-line text="And these had been his great qualities, so attractive to her." />
    <machine-print-line text="The Base Station had gone before, discharging its narrow plane of 4ementalating" />
    <machine-print-line text="energy along the length of the Earth&apos;s imaginary longitudes, moving eastward like a" />
    <machine-print-line text="knife-edged twilight in reversed progression. It had brought the First Stage in the" />
    <machine-print-line text="Thetan pattern of conquest, the empty-minded receptiveness that prepared the way" />
    <machine-print-line text="for the Second Stage." />
  </machine-printed-part>
  <handwritten-part>
    <line ass="-114" asx="0" asy="795" character-width="999" dss="-114" dsx="0" dsy="951" fd0="13051" fd1="2800" fd2="-7" filter-width="4" id="m01-038-00" lbs="-65" lbx="0" lby="869" segmentation="ok" slant="81000" stroke-width="6164" threshold="159" text="And these had been his great qualities," ubs="-211" ubx="0" uby="834">
      <word id="m01-038-00-00" sentence-start="yes" tag="CC" text="And">
        <cmp x="390" y="803" width="112" height="72" />
      </word>
      <word id="m01-038-00-01" tag="DTS" text="these">
        <cmp x="554" y="805" width="94" height="66" />
        <cmp x="647" y="837" width="54" height="42" />
      </word>
      <word id="m01-038-00-02" tag="HVD" text="had">
        <cmp x="782" y="801" width="120" height="75" />
      </word>
      <word id="m01-038-00-03" tag="BEN" text="been">
        <cmp x="979" y="812" width="21" height="58" />
        <cmp x="1017" y="838" width="109" height="45" />
      </word>
      <word id="m01-038-00-04" tag="PP$" text="his">
        <cmp x="1226" y="798" width="73" height="75" />
        <cmp x="1296" y="842" width="8" height="8" />
        <cmp x="1307" y="843" width="18" height="34" />
      </word>
      <word id="m01-038-00-05" tag="JJ" text="great">
        <cmp x="1408" y="820" width="128" height="83" />
        <cmp x="1551" y="823" width="25" height="49" />
      </word>
      <word id="m01-038-00-06" tag="NNS" text="qualities">
        <cmp x="1653" y="824" width="45" height="131" />
        <cmp x="1709" y="813" width="149" height="68" />
        <cmp x="1865" y="839" width="8" height="6" />
        <cmp x="1873" y="826" width="34" height="52" />
        <cmp x="1907" y="845" width="5" height="7" />
        <cmp x="1922" y="847" width="42" height="34" />
      </word>
      <word id="m01-038-00-07" tag="," text=",">
        <cmp x="1984" y="875" width="13" height="32" />
      </word>
      <lower-contour>
        <point x="394" y="956" />
        <point x="1975" y="956" />
      </lower-contour>
    </line>
    <line ass="168" asx="0" asy="968" character-width="999" dss="168" dsx="0" dsy="1063" fd0="13007" fd1="3004" fd2="204" filter-width="4" id="m01-038-01" lbs="204" lbx="0" lby="1052" segmentation="ok" slant="87999" stroke-width="6178" threshold="156" text="so attractive to her. The Base Station had" ubs="96" ubx="0" uby="1017">
      <word id="m01-038-01-00" tag="QL" text="so">
        <cmp x="396" y="996" width="67" height="53" />
      </word>
      <word id="m01-038-01-01" tag="JJ" text="attractive">
        <cmp x="515" y="1011" width="42" height="35" />
        <cmp x="583" y="969" width="87" height="94" />
        <cmp x="673" y="1023" width="33" height="28" />
        <cmp x="716" y="992" width="28" height="57" />
        <cmp x="747" y="1009" width="6" height="5" />
        <cmp x="756" y="1017" width="27" height="25" />
        <cmp x="783" y="1018" width="33" height="33" />
      </word>
      <word id="m01-038-01-02" tag="IN" text="to">
        <cmp x="887" y="1006" width="60" height="45" />
        <cmp x="893" y="999" width="7" height="6" />
      </word>
      <word id="m01-038-01-03" tag="PP3O" text="her">
        <cmp x="1019" y="994" width="97" height="51" />
      </word>
      <word id="m01-038-01-04" tag="." text=".">
        <cmp x="1125" y="1048" width="6" height="8" />
      </word>
      <word id="m01-038-01-05" sentence-start="yes" tag="ATI" text="The">
        <cmp x="1198" y="974" width="56" height="13" />
        <cmp x="1211" y="982" width="11" height="63" />
        <cmp x="1244" y="986" width="83" height="63" />
      </word>
      <word id="m01-038-01-06" tag="NN" text="Base">
        <cmp x="1372" y="964" width="67" height="93" />
        <cmp x="1449" y="1011" width="65" height="39" />
      </word>
      <word id="m01-038-01-07" tag="NN" text="Station">
        <cmp x="1564" y="978" width="40" height="64" />
        <cmp x="1606" y="985" width="60" height="63" />
        <cmp x="1679" y="994" width="30" height="54" />
        <cmp x="1715" y="1004" width="69" height="51" />
      </word>
      <word id="m01-038-01-08" tag="HVD" text="had">
        <cmp x="1845" y="965" width="73" height="79" />
        <cmp x="1922" y="989" width="52" height="60" />
      </word>
      <upper-contour>
        <point x="394" y="956" />
        <point x="1975" y="956" />
      </upper-contour>
      <lower-contour>
        <point x="394" y="1062" />
        <point x="1975" y="1062" />
      </lower-contour>
    </line>
    <line ass="725" asx="0" asy="1164" character-width="999" dss="725" dsx="0" dsy="1312" fd0="13196" fd1="2904" fd2="-468" filter-width="4" id="m01-038-02" lbs="911" lbx="0" lby="1242" segmentation="ok" slant="82000" stroke-width="6389" threshold="156" text="gone before, discharging its narrow plane of" ubs="353" ubx="0" uby="1201">
      <word id="m01-038-02-00" tag="VBN" text="gone">
        <cmp x="370" y="1167" width="125" height="115" />
        <cmp x="505" y="1192" width="36" height="33" />
      </word>
      <word id="m01-038-02-01" tag="RI" text="before">
        <cmp x="621" y="1156" width="73" height="73" />
        <cmp x="701" y="1169" width="82" height="107" />
        <cmp x="711" y="1162" width="6" height="6" />
        <cmp x="785" y="1195" width="44" height="32" />
      </word>
      <word id="m01-038-02-02" tag="," text=",">
        <cmp x="849" y="1230" width="14" height="33" />
      </word>
      <word id="m01-038-02-03" tag="VBG" text="discharging">
        <cmp x="933" y="1158" width="73" height="66" />
        <cmp x="1008" y="1184" width="9" height="7" />
        <cmp x="1010" y="1186" width="17" height="32" />
        <cmp x="1038" y="1161" width="68" height="60" />
        <cmp x="1098" y="1191" width="97" height="93" />
        <cmp x="1191" y="1192" width="6" height="5" />
        <cmp x="1201" y="1197" width="38" height="28" />
        <cmp x="1234" y="1194" width="32" height="90" />
      </word>
      <word id="m01-038-02-04" tag="PP$" text="its">
        <cmp x="1330" y="1192" width="10" height="40" />
        <cmp x="1338" y="1169" width="7" height="11" />
        <cmp x="1354" y="1163" width="30" height="68" />
      </word>
      <word id="m01-038-02-05" tag="JJ" text="narrow">
        <cmp x="1464" y="1184" width="133" height="44" />
        <cmp x="1596" y="1189" width="89" height="41" />
      </word>
      <word id="m01-038-02-06" tag="NN" text="plane">
        <cmp x="1736" y="1159" width="205" height="127" />
      </word>
      <word id="m01-038-02-07" tag="INO" text="of">
        <cmp x="2006" y="1188" width="31" height="26" />
        <cmp x="2045" y="1148" width="59" height="140" />
      </word>
      <upper-contour>
        <point x="394" y="1062" />
        <point x="1975" y="1062" />
      </upper-contour>
      <lower-contour>
        <point x="368" y="1290" />
        <point x="2105" y="1290" />
      </lower-contour>
    </line>
    <line ass="802" asx="0" asy="1353" character-width="999" dss="802" dsx="0" dsy="1506" fd0="13000" fd1="2558" fd2="-627" filter-width="4" id="m01-038-03" lbs="744" lbx="0" lby="1431" segmentation="ok" slant="82000" stroke-width="6455" threshold="156" text="4ementalating energy along the length of" ubs="919" ubx="0" uby="1396">
      <word id="m01-038-03-00" tag="JJ" text="4ementalating">
        <cmp x="366" y="1352" width="38" height="80" />
        <cmp x="415" y="1366" width="130" height="52" />
        <cmp x="550" y="1378" width="76" height="42" />
        <cmp x="622" y="1360" width="65" height="67" />
        <cmp x="692" y="1363" width="81" height="65" />
        <cmp x="784" y="1366" width="40" height="63" />
        <cmp x="819" y="1387" width="6" height="10" />
        <cmp x="832" y="1391" width="35" height="36" />
        <cmp x="863" y="1389" width="36" height="106" />
      </word>
      <word id="m01-038-03-01" tag="NN" text="energy">
        <cmp x="973" y="1365" width="153" height="47" />
        <cmp x="1125" y="1374" width="104" height="104" />
      </word>
      <word id="m01-038-03-02" tag="IN" text="along">
        <cmp x="1306" y="1341" width="202" height="123" />
      </word>
      <word id="m01-038-03-03" tag="ATI" text="the">
        <cmp x="1568" y="1336" width="106" height="77" />
      </word>
      <word id="m01-038-03-04" tag="NN" text="length">
        <cmp x="1730" y="1339" width="134" height="67" />
        <cmp x="1847" y="1346" width="139" height="134" />
      </word>
      <word id="m01-038-03-05" tag="INO" text="of">
        <cmp x="2040" y="1366" width="32" height="31" />
        <cmp x="2087" y="1324" width="56" height="136" />
      </word>
      <upper-contour>
        <point x="368" y="1290" />
        <point x="2105" y="1290" />
      </upper-contour>
      <lower-contour>
        <point x="364" y="1495" />
        <point x="1901" y="1495" />
      </lower-contour>
    </line>
    <line ass="-105" asx="0" asy="1518" character-width="999" dss="-105" dsx="0" dsy="1652" fd0="13283" fd1="3030" fd2="-344" filter-width="4" id="m01-038-04" lbs="-88" lbx="0" lby="1582" segmentation="ok" slant="85000" stroke-width="6293" threshold="154" text="the Earth&apos;s imaginary longitudes, moving" ubs="-140" ubx="0" uby="1555">
      <word id="m01-038-04-00" tag="ATI" text="the">
        <cmp x="345" y="1521" width="100" height="72" />
      </word>
      <word id="m01-038-04-01" tag="NN$" text="Earth&apos;s">
        <cmp x="509" y="1520" width="172" height="77" />
        <cmp x="704" y="1531" width="8" height="24" />
        <cmp x="720" y="1554" width="29" height="35" />
      </word>
      <word id="m01-038-04-02" tag="JJ" text="imaginary">
        <cmp x="842" y="1556" width="8" height="32" />
        <cmp x="844" y="1544" width="7" height="10" />
        <cmp x="859" y="1560" width="78" height="31" />
        <cmp x="925" y="1555" width="65" height="85" />
        <cmp x="991" y="1555" width="6" height="9" />
        <cmp x="1000" y="1568" width="34" height="30" />
        <cmp x="1043" y="1565" width="101" height="91" />
      </word>
      <word id="m01-038-04-03" tag="NNS" text="longitudes">
        <cmp x="1190" y="1524" width="201" height="124" />
        <cmp x="1385" y="1541" width="9" height="10" />
        <cmp x="1408" y="1531" width="69" height="65" />
        <cmp x="1475" y="1527" width="80" height="61" />
        <cmp x="1554" y="1547" width="26" height="37" />
      </word>
      <word id="m01-038-04-04" tag="," text=",">
        <cmp x="1587" y="1584" width="21" height="42" />
      </word>
      <word id="m01-038-04-05" tag="VBG" text="moving">
        <cmp x="1669" y="1557" width="137" height="32" />
        <cmp x="1819" y="1561" width="11" height="24" />
        <cmp x="1820" y="1552" width="9" height="7" />
        <cmp x="1838" y="1559" width="34" height="25" />
        <cmp x="1855" y="1553" width="45" height="99" />
      </word>
      <upper-contour>
        <point x="364" y="1495" />
        <point x="1901" y="1495" />
      </upper-contour>
      <lower-contour>
        <point x="343" y="1656" />
        <point x="1901" y="1656" />
      </lower-contour>
    </line>
    <line ass="263" asx="0" asy="1688" character-width="999" dss="263" dsx="0" dsy="1834" fd0="13467" fd1="2939" fd2="53" filter-width="4" id="m01-038-05" lbs="293" lbx="0" lby="1769" segmentation="err" slant="82000" stroke-width="6478" threshold="155" text="eastward like a knife-edged twilight in" ubs="204" ubx="0" uby="1738">
      <word id="m01-038-05-00" tag="RB" text="eastward">
        <cmp x="320" y="1723" width="130" height="57" />
        <cmp x="466" y="1710" width="67" height="54" />
        <cmp x="539" y="1705" width="112" height="73" />
      </word>
      <word id="m01-038-05-01" tag="IN" text="like">
        <cmp x="732" y="1685" width="95" height="86" />
        <cmp x="824" y="1725" width="5" height="6" />
        <cmp x="840" y="1717" width="52" height="55" />
      </word>
      <word id="m01-038-05-02" tag="AT" text="a">
        <cmp x="969" y="1741" width="32" height="29" />
      </word>
      <word id="m01-038-05-03" tag="JJ" text="knife-edged">
        <cmp x="1082" y="1687" width="57" height="85" />
        <cmp x="1154" y="1747" width="7" height="18" />
        <cmp x="1159" y="1732" width="7" height="4" />
        <cmp x="1176" y="1703" width="50" height="104" />
        <cmp x="1254" y="1747" width="29" height="8" />
        <cmp x="1321" y="1714" width="152" height="115" />
        <cmp x="1495" y="1712" width="41" height="70" />
      </word>
      <word id="m01-038-05-04" tag="NN" text="twilight">
        <cmp x="1654" y="1698" width="104" height="67" />
        <cmp x="1761" y="1699" width="63" height="65" />
        <cmp x="1819" y="1704" width="95" height="104" />
        <cmp x="1826" y="1727" width="8" height="11" />
        <cmp x="1939" y="1716" width="35" height="52" />
      </word>
      <word id="m01-038-05-05" tag="IN" text="in">
        <cmp x="2065" y="1721" width="12" height="24" />
        <cmp x="2083" y="1727" width="32" height="35" />
      </word>
      <upper-contour>
        <point x="343" y="1656" />
        <point x="1901" y="1656" />
      </upper-contour>
      <lower-contour>
        <point x="375" y="1830" />
        <point x="2017" y="1830" />
      </lower-contour>
    </line>
    <line ass="796" asx="0" asy="1884" character-width="999" dss="796" dsx="0" dsy="2019" fd0="12755" fd1="3056" fd2="8" filter-width="4" id="m01-038-06" lbs="838" lbx="0" lby="1962" segmentation="ok" slant="83000" stroke-width="6367" threshold="156" text="reversed progression. It had brought the" ubs="711" ubx="0" uby="1924">
      <word id="m01-038-06-00" tag="JJ" text="reversed">
        <cmp x="377" y="1893" width="264" height="63" />
      </word>
      <word id="m01-038-06-01" tag="NN" text="progression">
        <cmp x="710" y="1906" width="205" height="103" />
        <cmp x="923" y="1914" width="18" height="31" />
        <cmp x="943" y="1921" width="42" height="27" />
        <cmp x="988" y="1916" width="85" height="52" />
      </word>
      <word id="m01-038-06-02" tag="." text=".">
        <cmp x="1130" y="1940" width="13" height="14" />
      </word>
      <word id="m01-038-06-03" sentence-start="yes" tag="PP3" text="It">
        <cmp x="1211" y="1868" width="14" height="73" />
        <cmp x="1227" y="1882" width="17" height="56" />
      </word>
      <word id="m01-038-06-04" tag="HVD" text="had">
        <cmp x="1316" y="1878" width="155" height="64" />
      </word>
      <word id="m01-038-06-05" tag="VBN" text="brought">
        <cmp x="1525" y="1879" width="139" height="67" />
        <cmp x="1662" y="1886" width="102" height="110" />
        <cmp x="1788" y="1903" width="26" height="37" />
      </word>
      <word id="m01-038-06-06" tag="ATI" text="the">
        <cmp x="1894" y="1867" width="122" height="66" />
      </word>
      <upper-contour>
        <point x="375" y="1830" />
        <point x="2017" y="1830" />
      </upper-contour>
      <lower-contour>
        <point x="375" y="2008" />
        <point x="2017" y="2008" />
      </lower-contour>
    </line>
    <line ass="-407" asx="0" asy="2041" character-width="999" dss="-407" dsx="0" dsy="2182" fd0="12598" fd1="2888" fd2="-175" filter-width="4" id="m01-038-07" lbs="-397" lbx="0" lby="2111" segmentation="ok" slant="82000" stroke-width="6339" threshold="155" text="First Stage in the Thetan pattern of conquest," ubs="-426" ubx="0" uby="2078">
      <word id="m01-038-07-00" tag="OD" text="First">
        <cmp x="371" y="2049" width="89" height="78" />
        <cmp x="459" y="2068" width="7" height="9" />
        <cmp x="467" y="2076" width="78" height="46" />
      </word>
      <word id="m01-038-07-01" tag="NN" text="Stage">
        <cmp x="609" y="2055" width="44" height="64" />
        <cmp x="662" y="2060" width="56" height="62" />
        <cmp x="694" y="2090" width="81" height="85" />
      </word>
      <word id="m01-038-07-02" tag="IN" text="in">
        <cmp x="860" y="2078" width="7" height="11" />
        <cmp x="861" y="2093" width="12" height="34" />
        <cmp x="887" y="2087" width="26" height="40" />
      </word>
      <word id="m01-038-07-03" tag="ATI" text="the">
        <cmp x="956" y="2050" width="102" height="75" />
      </word>
      <word id="m01-038-07-04" tag="JNP" text="Thetan">
        <cmp x="1156" y="2055" width="113" height="68" />
        <cmp x="1276" y="2064" width="94" height="66" />
      </word>
      <word id="m01-038-07-05" tag="NN" text="pattern">
        <cmp x="1431" y="2075" width="87" height="108" />
        <cmp x="1535" y="2059" width="104" height="75" />
      </word>
      <word id="m01-038-07-06" tag="INO" text="of">
        <cmp x="1702" y="2090" width="25" height="31" />
        <cmp x="1730" y="2053" width="52" height="143" />
      </word>
      <word id="m01-038-07-07" tag="NN" text="conquest">
        <cmp x="1846" y="2075" width="143" height="50" />
        <cmp x="1981" y="2077" width="37" height="115" />
        <cmp x="2026" y="2087" width="69" height="34" />
        <cmp x="2100" y="2085" width="36" height="29" />
        <cmp x="2144" y="2065" width="28" height="48" />
      </word>
      <word id="m01-038-07-08" tag="," text=",">
        <cmp x="2177" y="2117" width="19" height="38" />
      </word>
      <upper-contour>
        <point x="375" y="2008" />
        <point x="2017" y="2008" />
      </upper-contour>
      <lower-contour>
        <point x="386" y="2197" />
        <point x="2016" y="2197" />
      </lower-contour>
    </line>
    <line ass="692" asx="0" asy="2222" character-width="999" dss="692" dsx="0" dsy="2376" fd0="12917" fd1="2992" fd2="137" filter-width="4" id="m01-038-08" lbs="644" lbx="0" lby="2310" segmentation="ok" slant="85000" stroke-width="6488" threshold="153" text="the empty-minded receptiveness that" ubs="789" ubx="0" uby="2282">
      <word id="m01-038-08-00" tag="ATI" text="the">
        <cmp x="388" y="2216" width="135" height="92" />
      </word>
      <word id="m01-038-08-01" tag="JJ" text="empty-minded">
        <cmp x="597" y="2259" width="84" height="47" />
        <cmp x="683" y="2246" width="165" height="122" />
        <cmp x="920" y="2274" width="37" height="9" />
        <cmp x="992" y="2264" width="66" height="33" />
        <cmp x="1061" y="2258" width="5" height="6" />
        <cmp x="1067" y="2275" width="8" height="17" />
        <cmp x="1085" y="2275" width="32" height="21" />
        <cmp x="1131" y="2247" width="70" height="54" />
        <cmp x="1206" y="2249" width="40" height="60" />
      </word>
      <word id="m01-038-08-02" tag="NN" text="receptiveness">
        <cmp x="1335" y="2255" width="71" height="42" />
        <cmp x="1412" y="2256" width="60" height="40" />
        <cmp x="1470" y="2266" width="39" height="72" />
        <cmp x="1518" y="2245" width="39" height="58" />
        <cmp x="1559" y="2251" width="5" height="12" />
        <cmp x="1567" y="2261" width="81" height="39" />
        <cmp x="1653" y="2266" width="88" height="33" />
        <cmp x="1744" y="2261" width="19" height="25" />
        <cmp x="1760" y="2260" width="18" height="36" />
      </word>
      <word id="m01-038-08-03" tag="WP" text="that">
        <cmp x="1873" y="2216" width="102" height="73" />
        <cmp x="1993" y="2245" width="22" height="44" />
      </word>
      <upper-contour>
        <point x="386" y="2197" />
        <point x="2016" y="2197" />
      </upper-contour>
      <lower-contour>
        <point x="389" y="2368" />
        <point x="2016" y="2368" />
      </lower-contour>
    </line>
    <line ass="467" asx="0" asy="2397" character-width="999" dss="467" dsx="0" dsy="2558" fd0="12978" fd1="2679" fd2="-115" filter-width="4" id="m01-038-09" lbs="479" lbx="0" lby="2492" segmentation="ok" slant="79000" stroke-width="6647" threshold="155" text="prepared the way for the Second Stage." ubs="442" ubx="0" uby="2459">
      <word id="m01-038-09-00" tag="VBD" text="prepared">
        <cmp x="391" y="2425" width="177" height="129" />
        <cmp x="570" y="2424" width="139" height="76" />
      </word>
      <word id="m01-038-09-01" tag="ATI" text="the">
        <cmp x="784" y="2410" width="111" height="74" />
      </word>
      <word id="m01-038-09-02" tag="NN" text="way">
        <cmp x="949" y="2446" width="166" height="104" />
      </word>
      <word id="m01-038-09-03" tag="IN" text="for">
        <cmp x="1202" y="2397" width="47" height="125" />
        <cmp x="1253" y="2434" width="23" height="28" />
      </word>
      <word id="m01-038-09-04" tag="ATI" text="the">
        <cmp x="1334" y="2413" width="118" height="63" />
      </word>
      <word id="m01-038-09-05" tag="OD" text="Second">
        <cmp x="1575" y="2385" width="90" height="93" />
        <cmp x="1674" y="2441" width="46" height="30" />
        <cmp x="1679" y="2443" width="11" height="7" />
        <cmp x="1714" y="2419" width="107" height="73" />
      </word>
      <word id="m01-038-09-06" tag="NN" text="Stage">
        <cmp x="1905" y="2413" width="39" height="66" />
        <cmp x="1939" y="2414" width="59" height="61" />
        <cmp x="1979" y="2437" width="76" height="84" />
      </word>
      <word id="m01-038-09-07" tag="." text=".">
        <cmp x="2117" y="2478" width="10" height="8" />
      </word>
      <upper-contour>
        <point x="389" y="2368" />
        <point x="2016" y="2368" />
      </upper-contour>
    </line>
  </handwritten-part>
</form>

