<?xml version="1.0" encoding="ISO-8859-1"?>

<!DOCTYPE form SYSTEM 'http://www.iam.unibe.ch/~fki/iamdb/form-metadata.dtd'>

<form created="2002-01-25" height="3542" id="m01-104" last-modified="2002-07-17" skew="63" status="final" version="3.0_beta" width="2479" writer-id="513">
  <machine-printed-part>
    <machine-print-line text="&amp;quot;The Thetans,&amp;quot; he said, &amp;quot;are presumably here to take charge, as it were, of the minds" />
    <machine-print-line text="of the people - who are probably falling all over themselves in their zeal to get their" />
    <machine-print-line text="orders and to carry them out. Just what these orders will be, we don&apos;t know. Now," />
    <machine-print-line text="because of prior hypnosis we have escaped Thetan subjugation. This time. But we" />
  </machine-printed-part>
  <handwritten-part>
    <line ass="153" asx="0" asy="740" character-width="999" dss="153" dsx="0" dsy="887" fd0="13285" fd1="2140" fd2="-1701" filter-width="3" id="m01-104-00" lbs="63" lbx="0" lby="817" segmentation="ok" slant="78000" stroke-width="5492" threshold="193" text="&amp;quot;The Thetans,&amp;quot; he said, &amp;quot;are presumably here to" ubs="333" ubx="0" uby="785">
      <word id="m01-104-00-00" sentence-start="yes" tag="*&apos;" text="&quot;">
        <cmp x="357" y="766" width="7" height="29" />
        <cmp x="367" y="763" width="9" height="29" />
      </word>
      <word id="m01-104-00-01" tag="ATI" text="The">
        <cmp x="421" y="750" width="105" height="80" />
      </word>
      <word id="m01-104-00-02" tag="NNPS" text="Thetans">
        <cmp x="556" y="745" width="240" height="82" />
      </word>
      <word id="m01-104-00-03" tag="," text=",">
        <cmp x="809" y="814" width="16" height="50" />
      </word>
      <word id="m01-104-00-04" tag="**&apos;" text="&quot;">
        <cmp x="850" y="751" width="16" height="27" />
      </word>
      <word id="m01-104-00-05" tag="PP3A" text="he">
        <cmp x="901" y="737" width="102" height="92" />
      </word>
      <word id="m01-104-00-06" tag="VBD" text="said">
        <cmp x="1032" y="780" width="101" height="46" />
        <cmp x="1118" y="759" width="22" height="14" />
        <cmp x="1135" y="756" width="57" height="66" />
      </word>
      <word id="m01-104-00-07" tag="," text=",">
        <cmp x="1207" y="822" width="13" height="34" />
      </word>
      <word id="m01-104-00-08" tag="*&apos;" text="&quot;">
        <cmp x="1245" y="749" width="13" height="27" />
        <cmp x="1256" y="746" width="13" height="29" />
      </word>
      <word id="m01-104-00-09" tag="BER" text="are">
        <cmp x="1273" y="774" width="90" height="50" />
      </word>
      <word id="m01-104-00-10" tag="RB" text="presumably">
        <cmp x="1403" y="747" width="442" height="138" />
      </word>
      <word id="m01-104-00-11" tag="RN" text="here">
        <cmp x="1889" y="735" width="162" height="79" />
      </word>
      <word id="m01-104-00-12" tag="TO" text="to">
        <cmp x="2071" y="746" width="39" height="62" />
        <cmp x="2096" y="768" width="47" height="46" />
      </word>
      <lower-contour>
        <point x="399" y="885" />
        <point x="2055" y="885" />
      </lower-contour>
    </line>
    <line ass="439" asx="0" asy="922" character-width="999" dss="439" dsx="0" dsy="1084" fd0="13132" fd1="2047" fd2="-1529" filter-width="3" id="m01-104-01" lbs="530" lbx="0" lby="1013" segmentation="ok" slant="77000" stroke-width="5625" threshold="192" text="take charge, as it were, of the minds of the" ubs="257" ubx="0" uby="965">
      <word id="m01-104-01-00" tag="VB" text="take">
        <cmp x="401" y="931" width="140" height="76" />
      </word>
      <word id="m01-104-01-01" tag="NN" text="charge">
        <cmp x="582" y="933" width="181" height="147" />
        <cmp x="760" y="968" width="36" height="45" />
      </word>
      <word id="m01-104-01-02" tag="," text=",">
        <cmp x="813" y="999" width="14" height="34" />
      </word>
      <word id="m01-104-01-03" tag="CS" text="as">
        <cmp x="877" y="957" width="65" height="46" />
      </word>
      <word id="m01-104-01-04" tag="PP3" text="it">
        <cmp x="971" y="933" width="68" height="77" />
        <cmp x="1004" y="933" width="4" height="5" />
      </word>
      <word id="m01-104-01-05" tag="BED" text="were">
        <cmp x="1060" y="955" width="181" height="68" />
      </word>
      <word id="m01-104-01-06" tag="," text=",">
        <cmp x="1263" y="992" width="21" height="54" />
      </word>
      <word id="m01-104-01-07" tag="INO" text="of">
        <cmp x="1311" y="912" width="76" height="134" />
      </word>
      <word id="m01-104-01-08" tag="ATI" text="the">
        <cmp x="1424" y="918" width="94" height="84" />
        <cmp x="1518" y="988" width="9" height="5" />
      </word>
      <word id="m01-104-01-09" tag="NNS" text="minds">
        <cmp x="1550" y="930" width="249" height="79" />
      </word>
      <word id="m01-104-01-10" tag="INO" text="of">
        <cmp x="1850" y="908" width="75" height="135" />
      </word>
      <word id="m01-104-01-11" tag="ATI" text="the">
        <cmp x="1953" y="908" width="102" height="86" />
        <cmp x="1984" y="913" width="5" height="4" />
      </word>
      <upper-contour>
        <point x="399" y="885" />
        <point x="2055" y="885" />
      </upper-contour>
      <lower-contour>
        <point x="399" y="1080" />
        <point x="1484" y="1043" />
        <point x="2055" y="1043" />
      </lower-contour>
    </line>
    <line ass="2135" asx="0" asy="1130" character-width="999" dss="2135" dsx="0" dsy="1295" fd0="12893" fd1="1805" fd2="-2006" filter-width="3" id="m01-104-02" lbs="2213" lbx="0" lby="1222" segmentation="ok" slant="82000" stroke-width="5445" threshold="192" text="people - who are probably falling all over them-" ubs="1979" ubx="0" uby="1184">
      <word id="m01-104-02-00" tag="NNS" text="people">
        <cmp x="388" y="1134" width="169" height="119" />
        <cmp x="565" y="1112" width="46" height="74" />
      </word>
      <word id="m01-104-02-01" tag="*-" text="-">
        <cmp x="638" y="1165" width="35" height="7" />
      </word>
      <word id="m01-104-02-02" tag="WP" text="who">
        <cmp x="682" y="1106" width="166" height="93" />
        <cmp x="854" y="1192" width="5" height="4" />
      </word>
      <word id="m01-104-02-03" tag="BER" text="are">
        <cmp x="925" y="1137" width="101" height="40" />
      </word>
      <word id="m01-104-02-04" tag="RB" text="probably">
        <cmp x="1069" y="1131" width="128" height="95" />
        <cmp x="1197" y="1136" width="4" height="4" />
        <cmp x="1200" y="1107" width="39" height="71" />
        <cmp x="1240" y="1109" width="88" height="65" />
        <cmp x="1330" y="1104" width="76" height="134" />
      </word>
      <word id="m01-104-02-05" tag="VBG" text="falling">
        <cmp x="1446" y="1075" width="60" height="152" />
        <cmp x="1478" y="1084" width="114" height="87" />
        <cmp x="1578" y="1101" width="20" height="16" />
        <cmp x="1581" y="1118" width="7" height="11" />
        <cmp x="1592" y="1124" width="80" height="112" />
      </word>
      <word id="m01-104-02-06" tag="RB" text="all">
        <cmp x="1706" y="1083" width="93" height="79" />
      </word>
      <word id="m01-104-02-07" tag="IN" text="over">
        <cmp x="1823" y="1111" width="138" height="51" />
      </word>
      <word id="m01-104-02-08" tag="PPLS-" text="them-">
        <cmp x="2011" y="1075" width="168" height="82" />
        <cmp x="2180" y="1119" width="53" height="9" />
      </word>
      <upper-contour>
        <point x="399" y="1080" />
        <point x="1484" y="1043" />
        <point x="2055" y="1043" />
      </upper-contour>
      <lower-contour>
        <point x="405" y="1253" />
        <point x="2234" y="1253" />
      </lower-contour>
    </line>
    <line ass="940" asx="0" asy="1282" character-width="999" dss="940" dsx="0" dsy="1448" fd0="13325" fd1="1961" fd2="-2102" filter-width="3" id="m01-104-03" lbs="854" lbx="0" lby="1359" segmentation="ok" slant="72000" stroke-width="5533" threshold="194" text="selves in their zeal to get their orders and to carry" ubs="1112" ubx="0" uby="1327">
      <word id="m01-104-03-00" tag="-PPLS" text="selves">
        <cmp x="407" y="1281" width="190" height="88" />
        <cmp x="507" y="1315" width="4" height="4" />
      </word>
      <word id="m01-104-03-01" tag="IN" text="in">
        <cmp x="629" y="1295" width="80" height="83" />
      </word>
      <word id="m01-104-03-02" tag="PP$" text="their">
        <cmp x="736" y="1310" width="9" height="12" />
        <cmp x="738" y="1284" width="151" height="79" />
        <cmp x="755" y="1285" width="4" height="5" />
      </word>
      <word id="m01-104-03-03" tag="NN" text="zeal">
        <cmp x="929" y="1302" width="41" height="114" />
        <cmp x="967" y="1270" width="105" height="87" />
      </word>
      <word id="m01-104-03-04" tag="TO" text="to">
        <cmp x="1113" y="1264" width="41" height="91" />
        <cmp x="1149" y="1303" width="34" height="49" />
      </word>
      <word id="m01-104-03-05" tag="VB" text="get">
        <cmp x="1217" y="1307" width="72" height="122" />
        <cmp x="1287" y="1332" width="14" height="10" />
        <cmp x="1300" y="1272" width="38" height="78" />
      </word>
      <word id="m01-104-03-06" tag="PP$" text="their">
        <cmp x="1362" y="1267" width="125" height="82" />
        <cmp x="1488" y="1291" width="4" height="5" />
        <cmp x="1492" y="1296" width="36" height="50" />
      </word>
      <word id="m01-104-03-07" tag="NNS" text="orders">
        <cmp x="1574" y="1278" width="166" height="69" />
        <cmp x="1688" y="1265" width="7" height="11" />
        <cmp x="1723" y="1296" width="59" height="46" />
      </word>
      <word id="m01-104-03-08" tag="CC" text="and">
        <cmp x="1826" y="1288" width="75" height="49" />
        <cmp x="1898" y="1266" width="92" height="75" />
      </word>
      <word id="m01-104-03-09" tag="TO" text="to">
        <cmp x="2010" y="1263" width="36" height="64" />
        <cmp x="2034" y="1286" width="45" height="36" />
      </word>
      <word id="m01-104-03-10" tag="VB" text="carry">
        <cmp x="2110" y="1283" width="170" height="121" />
      </word>
      <upper-contour>
        <point x="405" y="1253" />
        <point x="2234" y="1253" />
      </upper-contour>
      <lower-contour>
        <point x="413" y="1429" />
        <point x="2281" y="1429" />
      </lower-contour>
    </line>
    <line ass="1097" asx="0" asy="1460" character-width="999" dss="1097" dsx="0" dsy="1622" fd0="13383" fd1="2087" fd2="-1488" filter-width="3" id="m01-104-04" lbs="1000" lbx="0" lby="1543" segmentation="ok" slant="77000" stroke-width="5556" threshold="190" text="them out. Just what these orders will be, we don&apos;t" ubs="1290" ubx="0" uby="1508">
      <word id="m01-104-04-00" tag="PP3OS" text="them">
        <cmp x="415" y="1451" width="52" height="92" />
        <cmp x="459" y="1493" width="116" height="48" />
      </word>
      <word id="m01-104-04-01" tag="RP" text="out">
        <cmp x="623" y="1454" width="132" height="87" />
      </word>
      <word id="m01-104-04-02" tag="." text=".">
        <cmp x="776" y="1521" width="10" height="10" />
      </word>
      <word id="m01-104-04-03" sentence-start="yes" tag="RB" text="Just">
        <cmp x="812" y="1464" width="129" height="144" />
        <cmp x="945" y="1463" width="41" height="73" />
      </word>
      <word id="m01-104-04-04" tag="WDT" text="what">
        <cmp x="1006" y="1455" width="221" height="93" />
      </word>
      <word id="m01-104-04-05" tag="DTS" text="these">
        <cmp x="1273" y="1456" width="172" height="69" />
      </word>
      <word id="m01-104-04-06" tag="NNS" text="orders">
        <cmp x="1500" y="1443" width="222" height="77" />
        <cmp x="1706" y="1583" width="3" height="3" />
      </word>
      <word id="m01-104-04-07" tag="MD" text="will">
        <cmp x="1749" y="1445" width="154" height="91" />
        <cmp x="1856" y="1442" width="12" height="6" />
      </word>
      <word id="m01-104-04-08" tag="BE" text="be">
        <cmp x="1926" y="1440" width="70" height="77" />
      </word>
      <word id="m01-104-04-09" tag="," text=",">
        <cmp x="1997" y="1507" width="23" height="51" />
      </word>
      <word id="m01-104-04-10" tag="PP1AS" text="we">
        <cmp x="2047" y="1460" width="106" height="60" />
      </word>
      <word id="m01-104-04-11" tag="DOX" text="don&apos;t">
        <cmp x="2184" y="1437" width="111" height="70" />
        <cmp x="2312" y="1442" width="15" height="29" />
        <cmp x="2317" y="1438" width="51" height="71" />
      </word>
      <upper-contour>
        <point x="413" y="1429" />
        <point x="2281" y="1429" />
      </upper-contour>
      <lower-contour>
        <point x="413" y="1608" />
        <point x="2088" y="1510" />
        <point x="2368" y="1510" />
      </lower-contour>
    </line>
    <line ass="1015" asx="0" asy="1635" character-width="999" dss="1015" dsx="0" dsy="1802" fd0="13254" fd1="2088" fd2="-1647" filter-width="3" id="m01-104-05" lbs="1070" lbx="0" lby="1730" segmentation="ok" slant="75000" stroke-width="5583" threshold="186" text="know. Now, because of prior hypnosis we have es-" ubs="904" ubx="0" uby="1684">
      <word id="m01-104-05-00" tag="VB" text="know">
        <cmp x="384" y="1626" width="228" height="98" />
      </word>
      <word id="m01-104-05-01" tag="." text=".">
        <cmp x="621" y="1704" width="11" height="7" />
      </word>
      <word id="m01-104-05-02" sentence-start="yes" tag="RN" text="Now">
        <cmp x="676" y="1654" width="61" height="67" />
        <cmp x="692" y="1652" width="3" height="6" />
        <cmp x="740" y="1664" width="94" height="49" />
      </word>
      <word id="m01-104-05-03" tag="," text=",">
        <cmp x="829" y="1701" width="24" height="43" />
      </word>
      <word id="m01-104-05-04" tag="IN21" text="because">
        <cmp x="885" y="1632" width="278" height="82" />
      </word>
      <word id="m01-104-05-05" tag="IN22" text="of">
        <cmp x="1203" y="1617" width="74" height="137" />
      </word>
      <word id="m01-104-05-06" tag="JJ" text="prior">
        <cmp x="1306" y="1668" width="98" height="100" />
        <cmp x="1406" y="1637" width="10" height="7" />
        <cmp x="1411" y="1657" width="62" height="54" />
      </word>
      <word id="m01-104-05-07" tag="NN" text="hypnosis">
        <cmp x="1524" y="1609" width="163" height="166" />
        <cmp x="1692" y="1632" width="172" height="71" />
      </word>
      <word id="m01-104-05-08" tag="PP1AS" text="we">
        <cmp x="1902" y="1637" width="110" height="70" />
      </word>
      <word id="m01-104-05-09" tag="HV" text="have">
        <cmp x="2060" y="1608" width="157" height="83" />
      </word>
      <word id="m01-104-05-10" tag="VBN-" text="es-">
        <cmp x="2267" y="1635" width="67" height="51" />
        <cmp x="2348" y="1660" width="41" height="7" />
      </word>
      <upper-contour>
        <point x="413" y="1608" />
        <point x="2088" y="1510" />
        <point x="2368" y="1510" />
      </upper-contour>
      <lower-contour>
        <point x="405" y="1775" />
        <point x="2267" y="1775" />
      </lower-contour>
    </line>
    <line ass="982" asx="0" asy="1813" character-width="999" dss="982" dsx="0" dsy="1985" fd0="13383" fd1="2325" fd2="-1931" filter-width="3" id="m01-104-06" lbs="986" lbx="0" lby="1903" segmentation="ok" slant="71000" stroke-width="5535" threshold="192" text="caped Thetan subjugation. This time. But we no" ubs="975" ubx="0" uby="1864">
      <word id="m01-104-06-00" tag="-VBN" text="caped">
        <cmp x="407" y="1827" width="203" height="134" />
      </word>
      <word id="m01-104-06-01" tag="JNP" text="Thetan">
        <cmp x="657" y="1801" width="109" height="95" />
        <cmp x="767" y="1818" width="35" height="76" />
        <cmp x="791" y="1845" width="105" height="50" />
      </word>
      <word id="m01-104-06-02" tag="NN" text="subjugation">
        <cmp x="935" y="1879" width="6" height="12" />
        <cmp x="941" y="1819" width="142" height="74" />
        <cmp x="1075" y="1852" width="31" height="93" />
        <cmp x="1097" y="1830" width="7" height="6" />
        <cmp x="1113" y="1845" width="77" height="122" />
        <cmp x="1206" y="1847" width="45" height="44" />
        <cmp x="1253" y="1800" width="33" height="89" />
        <cmp x="1286" y="1828" width="12" height="13" />
        <cmp x="1298" y="1841" width="32" height="44" />
        <cmp x="1331" y="1839" width="49" height="48" />
      </word>
      <word id="m01-104-06-03" tag="." text=".">
        <cmp x="1400" y="1882" width="10" height="6" />
      </word>
      <word id="m01-104-06-04" sentence-start="yes" tag="DT" text="This">
        <cmp x="1460" y="1795" width="144" height="95" />
      </word>
      <word id="m01-104-06-05" tag="NN" text="time">
        <cmp x="1652" y="1800" width="32" height="79" />
        <cmp x="1683" y="1813" width="13" height="18" />
        <cmp x="1688" y="1830" width="93" height="48" />
      </word>
      <word id="m01-104-06-06" tag="." text=".">
        <cmp x="1807" y="1870" width="9" height="7" />
      </word>
      <word id="m01-104-06-07" sentence-start="yes" tag="CC" text="But">
        <cmp x="1871" y="1784" width="127" height="95" />
      </word>
      <word id="m01-104-06-08" tag="PP1AS" text="we">
        <cmp x="2019" y="1820" width="113" height="63" />
      </word>
      <word id="m01-104-06-09" tag="RB" text="no">
        <cmp x="2158" y="1815" width="71" height="65" />
        <cmp x="2226" y="1820" width="41" height="47" />
      </word>
      <upper-contour>
        <point x="405" y="1775" />
        <point x="2267" y="1775" />
      </upper-contour>
      <lower-contour>
        <point x="405" y="1967" />
        <point x="1517" y="1967" />
      </lower-contour>
    </line>
    <line ass="1025" asx="0" asy="1998" character-width="999" dss="1025" dsx="0" dsy="2173" fd0="13411" fd1="2157" fd2="-1950" filter-width="3" id="m01-104-07" lbs="1168" lbx="0" lby="2087" segmentation="ok" slant="76000" stroke-width="5483" threshold="195" text="longer have any immunity." ubs="738" ubx="0" uby="2047">
      <word id="m01-104-07-00" tag="RBR" text="longer">
        <cmp x="399" y="1990" width="77" height="110" />
        <cmp x="484" y="2020" width="134" height="129" />
        <cmp x="489" y="2036" width="8" height="9" />
      </word>
      <word id="m01-104-07-01" tag="HV" text="have">
        <cmp x="668" y="1986" width="183" height="90" />
      </word>
      <word id="m01-104-07-02" tag="DTI" text="any">
        <cmp x="907" y="2019" width="147" height="131" />
        <cmp x="1005" y="2089" width="22" height="10" />
      </word>
      <word id="m01-104-07-03" tag="NN" text="immunity">
        <cmp x="1100" y="2023" width="44" height="58" />
        <cmp x="1133" y="2005" width="15" height="13" />
        <cmp x="1148" y="2014" width="184" height="55" />
        <cmp x="1337" y="2016" width="77" height="48" />
        <cmp x="1399" y="1977" width="93" height="172" />
      </word>
      <word id="m01-104-07-04" tag="." text=".">
        <cmp x="1509" y="2039" width="8" height="8" />
      </word>
      <upper-contour>
        <point x="405" y="1967" />
        <point x="1517" y="1967" />
      </upper-contour>
    </line>
  </handwritten-part>
</form>

