<?xml version="1.0" encoding="ISO-8859-1"?>

<!DOCTYPE form SYSTEM 'http://www.iam.unibe.ch/~fki/iamdb/form-metadata.dtd'>

<form created="2002-01-25" height="3542" id="m01-115" last-modified="2002-07-17" skew="191" status="final" version="3.0_beta" width="2479" writer-id="515">
  <machine-printed-part>
    <machine-print-line text="&amp;quot;Now, to summarize what I think our course of action should be. First, to avoid the" />
    <machine-print-line text="Thetans like the plague, for they must not find us out! Second, to tread pretty warily" />
    <machine-print-line text="among our own people, finding out just how much freedom we can take with safety." />
    <machine-print-line text="And third, to study these damned Thetans. We must learn all we can about them." />
  </machine-printed-part>
  <handwritten-part>
    <line ass="28" asx="0" asy="722" character-width="999" dss="28" dsx="0" dsy="829" fd0="12808" fd1="3229" fd2="-461" filter-width="4" id="m01-115-00" lbs="33" lbx="0" lby="809" segmentation="ok" slant="85000" stroke-width="5744" threshold="171" text="&amp;quot;Now, to summarize what I think our" ubs="17" ubx="0" uby="766">
      <word id="m01-115-00-00" sentence-start="yes" tag="*&apos;" text="&quot;">
        <cmp x="431" y="723" width="4" height="45" />
        <cmp x="442" y="723" width="7" height="35" />
      </word>
      <word id="m01-115-00-01" tag="RN" text="Now">
        <cmp x="512" y="732" width="32" height="69" />
        <cmp x="554" y="761" width="21" height="39" />
        <cmp x="588" y="760" width="49" height="40" />
      </word>
      <word id="m01-115-00-02" tag="," text=",">
        <cmp x="691" y="804" width="10" height="25" />
      </word>
      <word id="m01-115-00-03" tag="TO" text="to">
        <cmp x="729" y="738" width="70" height="72" />
      </word>
      <word id="m01-115-00-04" tag="VB" text="summarize">
        <cmp x="860" y="765" width="30" height="40" />
        <cmp x="902" y="764" width="32" height="35" />
        <cmp x="938" y="761" width="62" height="45" />
        <cmp x="1002" y="769" width="106" height="41" />
        <cmp x="1117" y="767" width="42" height="47" />
        <cmp x="1157" y="731" width="7" height="10" />
        <cmp x="1168" y="768" width="67" height="49" />
      </word>
      <word id="m01-115-00-05" tag="WDT" text="what">
        <cmp x="1314" y="775" width="44" height="47" />
        <cmp x="1361" y="744" width="68" height="74" />
        <cmp x="1434" y="737" width="33" height="78" />
      </word>
      <word id="m01-115-00-06" tag="PP1A" text="I">
        <cmp x="1532" y="764" width="38" height="57" />
        <cmp x="1534" y="755" width="43" height="11" />
      </word>
      <word id="m01-115-00-07" tag="VB" text="think">
        <cmp x="1643" y="742" width="101" height="71" />
        <cmp x="1761" y="725" width="9" height="14" />
        <cmp x="1762" y="764" width="43" height="43" />
        <cmp x="1824" y="727" width="37" height="82" />
      </word>
      <word id="m01-115-00-08" tag="PP$" text="our">
        <cmp x="1915" y="745" width="87" height="53" />
        <cmp x="2018" y="742" width="34" height="59" />
      </word>
      <lower-contour>
        <point x="429" y="828" />
        <point x="2053" y="828" />
      </lower-contour>
    </line>
    <line ass="240" asx="0" asy="893" character-width="999" dss="240" dsx="0" dsy="1042" fd0="12836" fd1="2885" fd2="-1063" filter-width="3" id="m01-115-01" lbs="121" lbx="0" lby="983" segmentation="ok" slant="82000" stroke-width="5709" threshold="171" text="course of action should be. First, to avoid the" ubs="478" ubx="0" uby="957">
      <word id="m01-115-01-00" tag="NN" text="course">
        <cmp x="420" y="947" width="126" height="50" />
        <cmp x="553" y="952" width="62" height="43" />
        <cmp x="611" y="942" width="38" height="44" />
      </word>
      <word id="m01-115-01-01" tag="INO" text="of">
        <cmp x="723" y="912" width="82" height="128" />
      </word>
      <word id="m01-115-01-02" tag="NN" text="action">
        <cmp x="859" y="950" width="38" height="38" />
        <cmp x="901" y="959" width="42" height="26" />
        <cmp x="935" y="922" width="43" height="63" />
        <cmp x="985" y="947" width="93" height="43" />
        <cmp x="991" y="909" width="6" height="22" />
      </word>
      <word id="m01-115-01-03" tag="MD" text="should">
        <cmp x="1144" y="937" width="29" height="43" />
        <cmp x="1173" y="938" width="8" height="10" />
        <cmp x="1181" y="903" width="44" height="77" />
        <cmp x="1233" y="943" width="76" height="40" />
        <cmp x="1328" y="914" width="15" height="65" />
        <cmp x="1339" y="944" width="31" height="33" />
        <cmp x="1367" y="907" width="19" height="73" />
      </word>
      <word id="m01-115-01-04" tag="BE" text="be">
        <cmp x="1427" y="908" width="64" height="69" />
      </word>
      <word id="m01-115-01-05" tag="." text=".">
        <cmp x="1514" y="956" width="11" height="6" />
      </word>
      <word id="m01-115-01-06" sentence-start="yes" tag="OD" text="First">
        <cmp x="1548" y="924" width="60" height="55" />
        <cmp x="1558" y="903" width="58" height="17" />
        <cmp x="1615" y="951" width="23" height="31" />
        <cmp x="1617" y="913" width="5" height="11" />
        <cmp x="1641" y="950" width="31" height="42" />
        <cmp x="1671" y="914" width="46" height="66" />
      </word>
      <word id="m01-115-01-07" tag="," text=",">
        <cmp x="1755" y="967" width="17" height="25" />
        <cmp x="1772" y="965" width="4" height="3" />
      </word>
      <word id="m01-115-01-08" tag="TO" text="to">
        <cmp x="1782" y="918" width="57" height="70" />
      </word>
      <word id="m01-115-01-09" tag="VB" text="avoid">
        <cmp x="1882" y="940" width="43" height="46" />
        <cmp x="1931" y="936" width="25" height="45" />
        <cmp x="1958" y="938" width="49" height="44" />
        <cmp x="1999" y="890" width="16" height="19" />
        <cmp x="2008" y="885" width="54" height="92" />
      </word>
      <word id="m01-115-01-10" tag="ATI" text="the">
        <cmp x="2108" y="898" width="126" height="92" />
      </word>
      <upper-contour>
        <point x="429" y="828" />
        <point x="2053" y="828" />
      </upper-contour>
      <lower-contour>
        <point x="418" y="1039" />
        <point x="2199" y="993" />
        <point x="2214" y="993" />
      </lower-contour>
    </line>
    <line ass="472" asx="0" asy="1054" character-width="999" dss="472" dsx="0" dsy="1225" fd0="13196" fd1="2718" fd2="-698" filter-width="4" id="m01-115-02" lbs="681" lbx="0" lby="1169" segmentation="ok" slant="75000" stroke-width="5887" threshold="170" text="Thetans like the plague, for they must not" ubs="54" ubx="0" uby="1115">
      <word id="m01-115-02-00" tag="NNPS" text="Thetans">
        <cmp x="351" y="1091" width="67" height="10" />
        <cmp x="375" y="1104" width="14" height="51" />
        <cmp x="425" y="1088" width="93" height="63" />
        <cmp x="524" y="1085" width="72" height="75" />
        <cmp x="608" y="1121" width="36" height="38" />
        <cmp x="652" y="1120" width="25" height="43" />
      </word>
      <word id="m01-115-02-01" tag="IN" text="like">
        <cmp x="737" y="1094" width="85" height="74" />
        <cmp x="826" y="1092" width="86" height="78" />
        <cmp x="829" y="1094" width="11" height="12" />
      </word>
      <word id="m01-115-02-02" tag="ATI" text="the">
        <cmp x="975" y="1096" width="116" height="63" />
      </word>
      <word id="m01-115-02-03" tag="NN" text="plague">
        <cmp x="1134" y="1107" width="35" height="78" />
        <cmp x="1178" y="1073" width="49" height="78" />
        <cmp x="1229" y="1105" width="111" height="94" />
      </word>
      <word id="m01-115-02-04" tag="," text=",">
        <cmp x="1351" y="1149" width="18" height="26" />
      </word>
      <word id="m01-115-02-05" tag="CS" text="for">
        <cmp x="1409" y="1114" width="83" height="85" />
      </word>
      <word id="m01-115-02-06" tag="PP3AS" text="they">
        <cmp x="1542" y="1101" width="173" height="112" />
      </word>
      <word id="m01-115-02-07" tag="MD" text="must">
        <cmp x="1783" y="1118" width="137" height="41" />
        <cmp x="1929" y="1075" width="89" height="77" />
      </word>
      <word id="m01-115-02-08" tag="XNOT" text="not">
        <cmp x="2081" y="1037" width="132" height="97" />
      </word>
      <upper-contour>
        <point x="418" y="1039" />
        <point x="2199" y="993" />
        <point x="2214" y="993" />
      </upper-contour>
      <lower-contour>
        <point x="420" y="1214" />
        <point x="2214" y="1214" />
      </lower-contour>
    </line>
    <line ass="-29" asx="0" asy="1221" character-width="999" dss="-29" dsx="0" dsy="1366" fd0="12802" fd1="2967" fd2="-350" filter-width="4" id="m01-115-03" lbs="-4" lbx="0" lby="1306" segmentation="ok" slant="87999" stroke-width="5744" threshold="170" text="find us out! Second, to tread pretty warily" ubs="-78" ubx="0" uby="1266">
      <word id="m01-115-03-00" tag="VB" text="find">
        <cmp x="422" y="1223" width="44" height="90" />
        <cmp x="457" y="1252" width="5" height="10" />
        <cmp x="466" y="1272" width="43" height="32" />
        <cmp x="525" y="1225" width="42" height="75" />
      </word>
      <word id="m01-115-03-01" tag="PP1OS" text="us">
        <cmp x="664" y="1262" width="38" height="42" />
        <cmp x="709" y="1262" width="22" height="48" />
      </word>
      <word id="m01-115-03-02" tag="RP" text="out">
        <cmp x="822" y="1268" width="85" height="37" />
        <cmp x="918" y="1231" width="44" height="68" />
      </word>
      <word id="m01-115-03-03" tag="!" text="!">
        <cmp x="974" y="1305" width="7" height="6" />
        <cmp x="978" y="1241" width="8" height="35" />
      </word>
      <word id="m01-115-03-04" sentence-start="yes" tag="RB" text="Second">
        <cmp x="1054" y="1254" width="42" height="61" />
        <cmp x="1117" y="1274" width="37" height="42" />
        <cmp x="1165" y="1277" width="77" height="39" />
        <cmp x="1255" y="1274" width="42" height="32" />
        <cmp x="1316" y="1230" width="38" height="70" />
      </word>
      <word id="m01-115-03-05" tag="," text=",">
        <cmp x="1383" y="1292" width="8" height="29" />
      </word>
      <word id="m01-115-03-06" tag="TO" text="to">
        <cmp x="1442" y="1261" width="75" height="57" />
      </word>
      <word id="m01-115-03-07" tag="VB" text="tread">
        <cmp x="1592" y="1236" width="138" height="78" />
        <cmp x="1739" y="1230" width="48" height="79" />
      </word>
      <word id="m01-115-03-08" tag="RB" text="pretty">
        <cmp x="1858" y="1256" width="110" height="83" />
        <cmp x="1986" y="1233" width="81" height="118" />
      </word>
      <word id="m01-115-03-09" tag="RB" text="warily">
        <cmp x="2118" y="1268" width="43" height="39" />
        <cmp x="2167" y="1267" width="40" height="34" />
        <cmp x="2211" y="1271" width="37" height="36" />
        <cmp x="2251" y="1224" width="5" height="11" />
        <cmp x="2274" y="1234" width="15" height="73" />
        <cmp x="2285" y="1272" width="44" height="95" />
      </word>
      <upper-contour>
        <point x="420" y="1214" />
        <point x="2214" y="1214" />
      </upper-contour>
      <lower-contour>
        <point x="435" y="1371" />
        <point x="2330" y="1371" />
      </lower-contour>
    </line>
    <line ass="-1310" asx="0" asy="1341" character-width="999" dss="-1310" dsx="0" dsy="1518" fd0="12956" fd1="2788" fd2="-329" filter-width="4" id="m01-115-04" lbs="-1434" lbx="0" lby="1439" segmentation="ok" slant="80000" stroke-width="5753" threshold="171" text="among our own people, finding out just how" ubs="-1062" ubx="0" uby="1407">
      <word id="m01-115-04-00" tag="IN" text="among">
        <cmp x="437" y="1397" width="139" height="55" />
        <cmp x="597" y="1418" width="30" height="29" />
        <cmp x="644" y="1408" width="81" height="102" />
      </word>
      <word id="m01-115-04-01" tag="PP$" text="our">
        <cmp x="779" y="1421" width="85" height="45" />
        <cmp x="865" y="1409" width="46" height="53" />
      </word>
      <word id="m01-115-04-02" tag="AP" text="own">
        <cmp x="951" y="1415" width="109" height="48" />
        <cmp x="1067" y="1417" width="52" height="43" />
      </word>
      <word id="m01-115-04-03" tag="NNS" text="people">
        <cmp x="1163" y="1439" width="129" height="107" />
        <cmp x="1299" y="1441" width="41" height="76" />
        <cmp x="1355" y="1412" width="52" height="69" />
      </word>
      <word id="m01-115-04-04" tag="," text=",">
        <cmp x="1438" y="1459" width="21" height="38" />
      </word>
      <word id="m01-115-04-05" tag="VBG" text="finding">
        <cmp x="1541" y="1406" width="55" height="94" />
        <cmp x="1603" y="1417" width="8" height="22" />
        <cmp x="1610" y="1452" width="36" height="33" />
        <cmp x="1658" y="1400" width="63" height="85" />
        <cmp x="1722" y="1406" width="8" height="19" />
        <cmp x="1731" y="1436" width="83" height="104" />
      </word>
      <word id="m01-115-04-06" tag="RP" text="out">
        <cmp x="1882" y="1446" width="79" height="47" />
        <cmp x="1965" y="1417" width="34" height="74" />
      </word>
      <word id="m01-115-04-07" tag="RB" text="just">
        <cmp x="2051" y="1454" width="35" height="84" />
        <cmp x="2090" y="1420" width="5" height="14" />
        <cmp x="2100" y="1443" width="40" height="41" />
        <cmp x="2159" y="1397" width="79" height="90" />
      </word>
      <word id="m01-115-04-08" tag="WRB" text="how">
        <cmp x="2278" y="1394" width="113" height="94" />
      </word>
      <upper-contour>
        <point x="435" y="1371" />
        <point x="2330" y="1371" />
      </upper-contour>
      <lower-contour>
        <point x="441" y="1509" />
        <point x="1163" y="1546" />
        <point x="2393" y="1546" />
      </lower-contour>
    </line>
    <line ass="-922" asx="0" asy="1511" character-width="999" dss="-922" dsx="0" dsy="1660" fd0="13096" fd1="3023" fd2="81" filter-width="4" id="m01-115-05" lbs="-837" lbx="0" lby="1605" segmentation="ok" slant="90000" stroke-width="5722" threshold="168" text="much freedom we can take with safety." ubs="-1090" ubx="0" uby="1562">
      <word id="m01-115-05-00" tag="AP" text="much">
        <cmp x="443" y="1536" width="127" height="59" />
        <cmp x="574" y="1523" width="88" height="72" />
      </word>
      <word id="m01-115-05-01" tag="NN" text="freedom">
        <cmp x="768" y="1528" width="226" height="106" />
        <cmp x="1000" y="1583" width="81" height="39" />
      </word>
      <word id="m01-115-05-02" tag="PP1AS" text="we">
        <cmp x="1157" y="1600" width="69" height="34" />
        <cmp x="1245" y="1589" width="54" height="39" />
      </word>
      <word id="m01-115-05-03" tag="MD" text="can">
        <cmp x="1372" y="1592" width="33" height="45" />
        <cmp x="1421" y="1596" width="129" height="38" />
      </word>
      <word id="m01-115-05-04" tag="VB" text="take">
        <cmp x="1615" y="1563" width="87" height="74" />
        <cmp x="1727" y="1562" width="92" height="71" />
      </word>
      <word id="m01-115-05-05" tag="IN" text="with">
        <cmp x="1878" y="1577" width="79" height="59" />
        <cmp x="1951" y="1553" width="8" height="12" />
        <cmp x="1972" y="1560" width="122" height="75" />
      </word>
      <word id="m01-115-05-06" tag="NN" text="safety">
        <cmp x="2163" y="1583" width="73" height="51" />
        <cmp x="2254" y="1547" width="56" height="101" />
        <cmp x="2319" y="1550" width="63" height="149" />
      </word>
      <word id="m01-115-05-07" tag="." text=".">
        <cmp x="2394" y="1625" width="6" height="14" />
      </word>
      <upper-contour>
        <point x="441" y="1509" />
        <point x="1163" y="1546" />
        <point x="2393" y="1546" />
      </upper-contour>
      <lower-contour>
        <point x="441" y="1652" />
        <point x="2324" y="1702" />
        <point x="2401" y="1702" />
      </lower-contour>
    </line>
    <line ass="-934" asx="0" asy="1661" character-width="999" dss="-934" dsx="0" dsy="1812" fd0="12792" fd1="2754" fd2="-511" filter-width="4" id="m01-115-06" lbs="-950" lbx="0" lby="1760" segmentation="ok" slant="90000" stroke-width="5835" threshold="166" text="And third, to study these damned Thetans." ubs="-901" ubx="0" uby="1719">
      <word id="m01-115-06-00" sentence-start="yes" tag="CC" text="And">
        <cmp x="424" y="1684" width="136" height="96" />
        <cmp x="566" y="1694" width="10" height="78" />
      </word>
      <word id="m01-115-06-01" tag="RB" text="third">
        <cmp x="643" y="1705" width="130" height="68" />
        <cmp x="779" y="1706" width="9" height="18" />
        <cmp x="785" y="1734" width="39" height="34" />
        <cmp x="827" y="1706" width="42" height="71" />
      </word>
      <word id="m01-115-06-02" tag="," text=",">
        <cmp x="898" y="1772" width="15" height="26" />
      </word>
      <word id="m01-115-06-03" tag="TO" text="to">
        <cmp x="956" y="1707" width="84" height="78" />
      </word>
      <word id="m01-115-06-04" tag="VB" text="study">
        <cmp x="1112" y="1703" width="116" height="79" />
        <cmp x="1236" y="1714" width="108" height="120" />
      </word>
      <word id="m01-115-06-05" tag="DTS" text="these">
        <cmp x="1413" y="1715" width="140" height="79" />
        <cmp x="1562" y="1741" width="77" height="48" />
      </word>
      <word id="m01-115-06-06" tag="JJ" text="damned">
        <cmp x="1706" y="1705" width="249" height="74" />
        <cmp x="1969" y="1692" width="56" height="91" />
      </word>
      <word id="m01-115-06-07" tag="NNPS" text="Thetans">
        <cmp x="2100" y="1716" width="158" height="93" />
        <cmp x="2280" y="1741" width="103" height="70" />
        <cmp x="2381" y="1770" width="29" height="39" />
      </word>
      <word id="m01-115-06-08" tag="." text=".">
        <cmp x="2430" y="1806" width="6" height="8" />
      </word>
      <upper-contour>
        <point x="441" y="1652" />
        <point x="2324" y="1702" />
        <point x="2401" y="1702" />
      </upper-contour>
      <lower-contour>
        <point x="462" y="1835" />
        <point x="2294" y="1835" />
      </lower-contour>
    </line>
    <line ass="-81" asx="0" asy="1961" character-width="999" dss="-81" dsx="0" dsy="2079" fd0="12790" fd1="2892" fd2="-510" filter-width="4" id="m01-115-07" lbs="-93" lbx="0" lby="2065" segmentation="ok" slant="90000" stroke-width="5851" threshold="170" text="We must learn all we can about" ubs="-56" ubx="0" uby="2025">
      <word id="m01-115-07-00" sentence-start="yes" tag="PP1AS" text="We">
        <cmp x="464" y="1997" width="51" height="74" />
        <cmp x="518" y="2024" width="43" height="43" />
      </word>
      <word id="m01-115-07-01" tag="MD" text="must">
        <cmp x="656" y="2023" width="167" height="48" />
        <cmp x="841" y="1977" width="101" height="88" />
      </word>
      <word id="m01-115-07-02" tag="VB" text="learn">
        <cmp x="1044" y="1986" width="251" height="88" />
      </word>
      <word id="m01-115-07-03" tag="ABN" text="all">
        <cmp x="1414" y="2028" width="45" height="54" />
        <cmp x="1476" y="1985" width="19" height="95" />
        <cmp x="1495" y="1996" width="19" height="79" />
      </word>
      <word id="m01-115-07-04" tag="PP1AS" text="we">
        <cmp x="1597" y="2030" width="64" height="42" />
        <cmp x="1668" y="2021" width="43" height="48" />
      </word>
      <word id="m01-115-07-05" tag="MD" text="can">
        <cmp x="1807" y="2025" width="171" height="44" />
      </word>
      <word id="m01-115-07-06" tag="IN" text="about">
        <cmp x="2032" y="2024" width="58" height="52" />
        <cmp x="2093" y="1966" width="144" height="100" />
        <cmp x="2246" y="1966" width="47" height="100" />
      </word>
      <upper-contour>
        <point x="462" y="1835" />
        <point x="2294" y="1835" />
      </upper-contour>
      <lower-contour>
        <point x="525" y="2071" />
        <point x="884" y="2071" />
      </lower-contour>
    </line>
    <line ass="1304" asx="0" asy="2196" character-width="999" dss="1304" dsx="0" dsy="2268" fd0="13471" fd1="3219" fd2="683" filter-width="4" id="m01-115-08" lbs="2937" lbx="0" lby="2282" segmentation="ok" slant="94000" stroke-width="5945" threshold="166" text="them." ubs="-1962" ubx="0" uby="2193">
      <word id="m01-115-08-00" tag="PP3OS" text="them">
        <cmp x="527" y="2184" width="149" height="73" />
        <cmp x="702" y="2211" width="131" height="41" />
      </word>
      <word id="m01-115-08-01" tag="." text=".">
        <cmp x="878" y="2234" width="6" height="6" />
      </word>
      <upper-contour>
        <point x="525" y="2071" />
        <point x="884" y="2071" />
      </upper-contour>
    </line>
  </handwritten-part>
</form>

