<?xml version="1.0" encoding="ISO-8859-1"?>

<!DOCTYPE form SYSTEM 'http://www.iam.unibe.ch/~fki/iamdb/form-metadata.dtd'>

<form created="2002-01-24" height="3542" id="m01-084" last-modified="2002-07-17" skew="159" status="final" version="3.0_beta" width="2479" writer-id="510">
  <machine-printed-part>
    <machine-print-line text="Deadly stillness, deadly portent!" />
    <machine-print-line text="Steve awakened early and switched on the radio, which he kept tuned to CBO. The" />
    <machine-print-line text="set lighted-up but gave only a low buzzing sound. He had just finished shaving when" />
    <machine-print-line text="it came on, with a flat voice repeating: &amp;quot;This is BBC calling . . . this is BBC calling." />
    <machine-print-line text=". .&amp;quot;" />
  </machine-printed-part>
  <handwritten-part>
    <line ass="-296" asx="0" asy="743" character-width="999" dss="-296" dsx="0" dsy="878" fd0="12268" fd1="2827" fd2="-1289" filter-width="3" id="m01-084-00" lbs="-174" lbx="0" lby="832" segmentation="ok" slant="96000" stroke-width="5323" threshold="177" text="Deadly stillness, deadly portent!" ubs="-541" ubx="0" uby="794">
      <word id="m01-084-00-00" sentence-start="yes" tag="JJ" text="Deadly">
        <cmp x="352" y="786" width="73" height="49" />
        <cmp x="427" y="786" width="153" height="53" />
        <cmp x="576" y="780" width="15" height="56" />
        <cmp x="588" y="807" width="50" height="71" />
      </word>
      <word id="m01-084-00-01" tag="NN" text="stillness">
        <cmp x="712" y="783" width="92" height="56" />
        <cmp x="788" y="775" width="6" height="16" />
        <cmp x="809" y="773" width="19" height="61" />
        <cmp x="823" y="772" width="17" height="66" />
        <cmp x="843" y="800" width="121" height="41" />
        <cmp x="958" y="803" width="47" height="36" />
      </word>
      <word id="m01-084-00-02" tag="," text=",">
        <cmp x="1018" y="825" width="22" height="45" />
      </word>
      <word id="m01-084-00-03" tag="JJ" text="deadly">
        <cmp x="1092" y="775" width="53" height="66" />
        <cmp x="1149" y="803" width="90" height="39" />
        <cmp x="1241" y="788" width="55" height="56" />
        <cmp x="1299" y="782" width="52" height="111" />
      </word>
      <word id="m01-084-00-04" tag="NN" text="portent">
        <cmp x="1432" y="785" width="258" height="84" />
      </word>
      <word id="m01-084-00-05" tag="!" text="!">
        <cmp x="1727" y="753" width="10" height="57" />
        <cmp x="1736" y="827" width="7" height="5" />
      </word>
      <lower-contour>
        <point x="361" y="893" />
        <point x="1744" y="893" />
      </lower-contour>
    </line>
    <line ass="95" asx="0" asy="959" character-width="999" dss="95" dsx="0" dsy="1058" fd0="12761" fd1="2653" fd2="-1346" filter-width="3" id="m01-084-01" lbs="222" lbx="0" lby="1019" segmentation="ok" slant="90000" stroke-width="5330" threshold="176" text="Steve awakened early and switched on" ubs="-159" ubx="0" uby="980">
      <word id="m01-084-01-00" sentence-start="yes" tag="NP" text="Steve">
        <cmp x="363" y="966" width="157" height="59" />
        <cmp x="522" y="975" width="44" height="45" />
      </word>
      <word id="m01-084-01-01" tag="VBD" text="awakened">
        <cmp x="645" y="980" width="56" height="40" />
        <cmp x="701" y="978" width="53" height="42" />
        <cmp x="757" y="984" width="49" height="33" />
        <cmp x="811" y="965" width="49" height="51" />
        <cmp x="866" y="981" width="82" height="37" />
        <cmp x="951" y="964" width="95" height="57" />
      </word>
      <word id="m01-084-01-02" tag="RB" text="early">
        <cmp x="1135" y="983" width="40" height="31" />
        <cmp x="1178" y="985" width="51" height="32" />
        <cmp x="1230" y="961" width="74" height="96" />
      </word>
      <word id="m01-084-01-03" tag="CC" text="and">
        <cmp x="1366" y="979" width="95" height="37" />
        <cmp x="1464" y="965" width="52" height="49" />
      </word>
      <word id="m01-084-01-04" tag="VBD" text="switched">
        <cmp x="1592" y="983" width="55" height="32" />
        <cmp x="1649" y="982" width="59" height="37" />
        <cmp x="1709" y="962" width="10" height="11" />
        <cmp x="1715" y="985" width="5" height="28" />
        <cmp x="1724" y="963" width="32" height="53" />
        <cmp x="1762" y="956" width="73" height="66" />
        <cmp x="1840" y="960" width="74" height="57" />
      </word>
      <word id="m01-084-01-05" tag="RP" text="on">
        <cmp x="1985" y="976" width="85" height="44" />
      </word>
      <upper-contour>
        <point x="361" y="893" />
        <point x="1744" y="893" />
      </upper-contour>
      <lower-contour>
        <point x="363" y="1057" />
        <point x="2071" y="1057" />
      </lower-contour>
    </line>
    <line ass="160" asx="0" asy="1139" character-width="999" dss="160" dsx="0" dsy="1243" fd0="12724" fd1="2978" fd2="-723" filter-width="3" id="m01-084-02" lbs="138" lbx="0" lby="1199" segmentation="err" slant="94000" stroke-width="5350" threshold="177" text="the radio, which he kept tuned to CBO." ubs="203" ubx="0" uby="1166">
      <word id="m01-084-02-00" tag="ATI" text="the">
        <cmp x="365" y="1148" width="31" height="50" />
        <cmp x="396" y="1145" width="40" height="52" />
        <cmp x="439" y="1160" width="41" height="37" />
      </word>
      <word id="m01-084-02-01" tag="NN" text="radio">
        <cmp x="543" y="1166" width="30" height="31" />
        <cmp x="568" y="1153" width="106" height="50" />
        <cmp x="673" y="1148" width="9" height="12" />
        <cmp x="677" y="1171" width="6" height="26" />
        <cmp x="692" y="1169" width="45" height="32" />
        <cmp x="733" y="1190" width="32" height="51" />
      </word>
      <word id="m01-084-02-02" tag="," text=",">
        <cmp x="843" y="1161" width="62" height="38" />
      </word>
      <word id="m01-084-02-03" tag="WDT" text="which">
        <cmp x="909" y="1138" width="51" height="59" />
        <cmp x="961" y="1143" width="8" height="9" />
        <cmp x="965" y="1166" width="8" height="29" />
        <cmp x="981" y="1137" width="70" height="64" />
      </word>
      <word id="m01-084-02-04" tag="PP3A" text="he">
        <cmp x="1136" y="1151" width="32" height="50" />
        <cmp x="1177" y="1162" width="28" height="34" />
      </word>
      <word id="m01-084-02-05" tag="VBD" text="kept">
        <cmp x="1252" y="1151" width="44" height="48" />
        <cmp x="1302" y="1163" width="39" height="33" />
        <cmp x="1344" y="1139" width="75" height="78" />
      </word>
      <word id="m01-084-02-06" tag="VBN" text="tuned">
        <cmp x="1483" y="1146" width="121" height="53" />
        <cmp x="1608" y="1146" width="82" height="51" />
      </word>
      <word id="m01-084-02-07" tag="IN" text="to">
        <cmp x="1753" y="1151" width="34" height="44" />
        <cmp x="1794" y="1164" width="47" height="37" />
      </word>
      <word id="m01-084-02-08" tag="NP" text="CBO.">
        <cmp x="1909" y="1150" width="42" height="45" />
        <cmp x="1953" y="1147" width="114" height="57" />
        <cmp x="2090" y="1184" width="6" height="6" />
      </word>
      <upper-contour>
        <point x="363" y="1057" />
        <point x="2071" y="1057" />
      </upper-contour>
      <lower-contour>
        <point x="363" y="1240" />
        <point x="2096" y="1240" />
      </lower-contour>
    </line>
    <line ass="114" asx="0" asy="1318" character-width="999" dss="114" dsx="0" dsy="1436" fd0="12607" fd1="2922" fd2="-752" filter-width="3" id="m01-084-03" lbs="32" lbx="0" lby="1371" segmentation="ok" slant="92999" stroke-width="5327" threshold="177" text="The set lighted-up but gave only a low" ubs="279" ubx="0" uby="1349">
      <word id="m01-084-03-00" sentence-start="yes" tag="ATI" text="The">
        <cmp x="353" y="1330" width="134" height="47" />
      </word>
      <word id="m01-084-03-01" tag="NN" text="set">
        <cmp x="538" y="1344" width="55" height="32" />
        <cmp x="590" y="1323" width="67" height="53" />
      </word>
      <word id="m01-084-03-02" tag="VBD" text="lighted-up">
        <cmp x="714" y="1318" width="8" height="56" />
        <cmp x="729" y="1347" width="7" height="25" />
        <cmp x="730" y="1318" width="5" height="9" />
        <cmp x="747" y="1341" width="55" height="84" />
        <cmp x="810" y="1318" width="152" height="60" />
        <cmp x="942" y="1348" width="5" height="4" />
        <cmp x="977" y="1354" width="31" height="8" />
        <cmp x="1034" y="1343" width="58" height="34" />
        <cmp x="1094" y="1343" width="53" height="56" />
      </word>
      <word id="m01-084-03-03" tag="CC" text="but">
        <cmp x="1206" y="1316" width="133" height="59" />
      </word>
      <word id="m01-084-03-04" tag="VBD" text="gave">
        <cmp x="1417" y="1335" width="115" height="100" />
        <cmp x="1530" y="1333" width="32" height="35" />
        <cmp x="1575" y="1333" width="35" height="38" />
      </word>
      <word id="m01-084-03-05" tag="RB" text="only">
        <cmp x="1699" y="1339" width="54" height="34" />
        <cmp x="1755" y="1331" width="40" height="40" />
        <cmp x="1797" y="1321" width="7" height="52" />
        <cmp x="1806" y="1344" width="26" height="24" />
        <cmp x="1829" y="1340" width="15" height="69" />
      </word>
      <word id="m01-084-03-06" tag="AT" text="a">
        <cmp x="1900" y="1336" width="53" height="41" />
      </word>
      <word id="m01-084-03-07" tag="JJ" text="low">
        <cmp x="2013" y="1319" width="16" height="48" />
        <cmp x="2033" y="1338" width="42" height="34" />
        <cmp x="2080" y="1329" width="55" height="44" />
      </word>
      <upper-contour>
        <point x="363" y="1240" />
        <point x="2096" y="1240" />
      </upper-contour>
      <lower-contour>
        <point x="367" y="1435" />
        <point x="2042" y="1435" />
      </lower-contour>
    </line>
    <line ass="398" asx="0" asy="1498" character-width="999" dss="398" dsx="0" dsy="1611" fd0="12741" fd1="3168" fd2="-830" filter-width="3" id="m01-084-04" lbs="321" lbx="0" lby="1556" segmentation="ok" slant="91000" stroke-width="5227" threshold="176" text="buzzing sound. He had just finished" ubs="554" ubx="0" uby="1539">
      <word id="m01-084-04-00" tag="JJ" text="buzzing">
        <cmp x="369" y="1507" width="112" height="54" />
        <cmp x="472" y="1521" width="53" height="38" />
        <cmp x="518" y="1520" width="44" height="40" />
        <cmp x="565" y="1527" width="10" height="29" />
        <cmp x="568" y="1502" width="8" height="12" />
        <cmp x="586" y="1518" width="43" height="42" />
        <cmp x="630" y="1530" width="64" height="78" />
      </word>
      <word id="m01-084-04-01" tag="NN" text="sound">
        <cmp x="766" y="1524" width="58" height="37" />
        <cmp x="827" y="1505" width="196" height="52" />
      </word>
      <word id="m01-084-04-02" tag="." text=".">
        <cmp x="1043" y="1549" width="5" height="7" />
      </word>
      <word id="m01-084-04-03" sentence-start="yes" tag="PP3A" text="He">
        <cmp x="1114" y="1503" width="41" height="53" />
        <cmp x="1153" y="1523" width="46" height="34" />
      </word>
      <word id="m01-084-04-04" tag="HVD" text="had">
        <cmp x="1258" y="1501" width="93" height="56" />
        <cmp x="1353" y="1499" width="53" height="58" />
      </word>
      <word id="m01-084-04-05" tag="RB" text="just">
        <cmp x="1476" y="1525" width="32" height="74" />
        <cmp x="1492" y="1509" width="8" height="10" />
        <cmp x="1515" y="1529" width="58" height="27" />
        <cmp x="1575" y="1514" width="49" height="38" />
        <cmp x="1617" y="1494" width="30" height="53" />
      </word>
      <word id="m01-084-04-06" tag="VBN" text="finished">
        <cmp x="1731" y="1487" width="36" height="68" />
        <cmp x="1748" y="1561" width="5" height="9" />
        <cmp x="1775" y="1528" width="8" height="27" />
        <cmp x="1776" y="1505" width="6" height="6" />
        <cmp x="1793" y="1523" width="38" height="33" />
        <cmp x="1829" y="1502" width="11" height="8" />
        <cmp x="1842" y="1525" width="10" height="30" />
        <cmp x="1858" y="1521" width="43" height="31" />
        <cmp x="1889" y="1524" width="3" height="3" />
        <cmp x="1903" y="1500" width="44" height="50" />
        <cmp x="1954" y="1518" width="35" height="30" />
        <cmp x="1988" y="1500" width="53" height="54" />
      </word>
      <upper-contour>
        <point x="367" y="1435" />
        <point x="2042" y="1435" />
      </upper-contour>
      <lower-contour>
        <point x="367" y="1607" />
        <point x="2042" y="1607" />
      </lower-contour>
    </line>
    <line ass="234" asx="0" asy="1672" character-width="999" dss="234" dsx="0" dsy="1801" fd0="12745" fd1="3149" fd2="-608" filter-width="3" id="m01-084-05" lbs="416" lbx="0" lby="1741" segmentation="ok" slant="91000" stroke-width="5328" threshold="174" text="shaving when it came on, with a flat" ubs="-129" ubx="0" uby="1697">
      <word id="m01-084-05-00" tag="VBG" text="shaving">
        <cmp x="361" y="1684" width="141" height="52" />
        <cmp x="511" y="1702" width="45" height="32" />
        <cmp x="549" y="1682" width="8" height="9" />
        <cmp x="555" y="1701" width="10" height="32" />
        <cmp x="571" y="1697" width="40" height="37" />
        <cmp x="617" y="1699" width="56" height="75" />
      </word>
      <word id="m01-084-05-01" tag="WRB" text="when">
        <cmp x="739" y="1692" width="58" height="38" />
        <cmp x="792" y="1667" width="134" height="69" />
      </word>
      <word id="m01-084-05-02" tag="PP3" text="it">
        <cmp x="996" y="1682" width="6" height="9" />
        <cmp x="1003" y="1702" width="7" height="31" />
        <cmp x="1011" y="1679" width="31" height="57" />
      </word>
      <word id="m01-084-05-03" tag="VBD" text="came">
        <cmp x="1095" y="1702" width="98" height="36" />
        <cmp x="1198" y="1697" width="77" height="39" />
        <cmp x="1275" y="1693" width="42" height="42" />
      </word>
      <word id="m01-084-05-04" tag="RP" text="on">
        <cmp x="1384" y="1705" width="52" height="35" />
        <cmp x="1436" y="1700" width="48" height="40" />
      </word>
      <word id="m01-084-05-05" tag="," text=",">
        <cmp x="1487" y="1717" width="30" height="78" />
      </word>
      <word id="m01-084-05-06" tag="IN" text="with">
        <cmp x="1589" y="1695" width="50" height="36" />
        <cmp x="1647" y="1677" width="7" height="10" />
        <cmp x="1652" y="1697" width="6" height="36" />
        <cmp x="1659" y="1669" width="73" height="70" />
      </word>
      <word id="m01-084-05-07" tag="AT" text="a">
        <cmp x="1792" y="1693" width="59" height="38" />
        <cmp x="1838" y="1701" width="4" height="6" />
      </word>
      <word id="m01-084-05-08" tag="JJ" text="flat">
        <cmp x="1912" y="1666" width="33" height="81" />
        <cmp x="1948" y="1671" width="15" height="61" />
        <cmp x="1972" y="1698" width="60" height="35" />
        <cmp x="2031" y="1668" width="36" height="60" />
      </word>
      <upper-contour>
        <point x="367" y="1607" />
        <point x="2042" y="1607" />
      </upper-contour>
      <lower-contour>
        <point x="375" y="1795" />
        <point x="2001" y="1795" />
      </lower-contour>
    </line>
    <line ass="245" asx="0" asy="1836" character-width="999" dss="245" dsx="0" dsy="1985" fd0="12671" fd1="3059" fd2="-1026" filter-width="3" id="m01-084-06" lbs="211" lbx="0" lby="1906" segmentation="ok" slant="91000" stroke-width="5345" threshold="176" text="voice repeating: &amp;quot;This is BBC calling" ubs="312" ubx="0" uby="1882">
      <word id="m01-084-06-00" tag="NN" text="voice">
        <cmp x="377" y="1873" width="81" height="44" />
        <cmp x="456" y="1854" width="10" height="11" />
        <cmp x="461" y="1880" width="6" height="30" />
        <cmp x="478" y="1876" width="81" height="37" />
      </word>
      <word id="m01-084-06-01" tag="VBG" text="repeating">
        <cmp x="640" y="1882" width="26" height="31" />
        <cmp x="670" y="1874" width="129" height="65" />
        <cmp x="795" y="1856" width="82" height="58" />
        <cmp x="873" y="1855" width="8" height="11" />
        <cmp x="879" y="1883" width="5" height="26" />
        <cmp x="894" y="1874" width="99" height="86" />
      </word>
      <word id="m01-084-06-02" tag=":" text=":">
        <cmp x="1018" y="1878" width="6" height="8" />
        <cmp x="1022" y="1901" width="10" height="10" />
      </word>
      <word id="m01-084-06-03" sentence-start="yes" tag="*&apos;" text="&quot;">
        <cmp x="1079" y="1833" width="7" height="25" />
        <cmp x="1092" y="1836" width="7" height="22" />
      </word>
      <word id="m01-084-06-04" tag="DT" text="This">
        <cmp x="1107" y="1847" width="105" height="56" />
        <cmp x="1208" y="1845" width="8" height="11" />
        <cmp x="1220" y="1867" width="6" height="37" />
        <cmp x="1236" y="1871" width="41" height="36" />
      </word>
      <word id="m01-084-06-05" tag="BEZ" text="is">
        <cmp x="1326" y="1855" width="9" height="10" />
        <cmp x="1337" y="1883" width="8" height="25" />
        <cmp x="1354" y="1879" width="42" height="31" />
      </word>
      <word id="m01-084-06-06" tag="NP" text="BBC">
        <cmp x="1469" y="1858" width="179" height="56" />
      </word>
      <word id="m01-084-06-07" tag="VBG" text="calling">
        <cmp x="1733" y="1876" width="43" height="39" />
        <cmp x="1778" y="1878" width="56" height="33" />
        <cmp x="1834" y="1855" width="11" height="56" />
        <cmp x="1848" y="1853" width="11" height="56" />
        <cmp x="1867" y="1851" width="8" height="8" />
        <cmp x="1875" y="1881" width="9" height="34" />
        <cmp x="1890" y="1873" width="43" height="39" />
        <cmp x="1943" y="1880" width="57" height="98" />
      </word>
      <upper-contour>
        <point x="375" y="1795" />
        <point x="2001" y="1795" />
      </upper-contour>
      <lower-contour>
        <point x="388" y="1977" />
        <point x="1639" y="1977" />
      </lower-contour>
    </line>
    <line ass="3" asx="0" asy="1983" character-width="999" dss="3" dsx="0" dsy="2150" fd0="12888" fd1="3768" fd2="-163" filter-width="3" id="m01-084-07" lbs="-48" lbx="0" lby="2084" segmentation="ok" slant="94000" stroke-width="5229" threshold="177" text=". . . this is BBC calling. . .&amp;quot;" ubs="106" ubx="0" uby="2070">
      <word id="m01-084-07-00" tag="..." text="...">
        <cmp x="390" y="2084" width="13" height="8" />
        <cmp x="437" y="2085" width="9" height="8" />
        <cmp x="501" y="2084" width="7" height="8" />
      </word>
      <word id="m01-084-07-01" tag="DT" text="this">
        <cmp x="545" y="2040" width="36" height="50" />
        <cmp x="580" y="2040" width="41" height="56" />
        <cmp x="615" y="2040" width="9" height="9" />
        <cmp x="629" y="2063" width="8" height="26" />
        <cmp x="640" y="2058" width="54" height="37" />
      </word>
      <word id="m01-084-07-02" tag="BEZ" text="is">
        <cmp x="761" y="2038" width="6" height="9" />
        <cmp x="763" y="2057" width="11" height="35" />
        <cmp x="782" y="2059" width="52" height="35" />
      </word>
      <word id="m01-084-07-03" tag="NP" text="BBC">
        <cmp x="915" y="2047" width="69" height="49" />
        <cmp x="973" y="2048" width="63" height="51" />
        <cmp x="1044" y="2049" width="48" height="42" />
      </word>
      <word id="m01-084-07-04" tag="VBG" text="calling">
        <cmp x="1170" y="2062" width="44" height="30" />
        <cmp x="1218" y="2062" width="47" height="29" />
        <cmp x="1268" y="2042" width="10" height="47" />
        <cmp x="1283" y="2041" width="10" height="53" />
        <cmp x="1298" y="2065" width="7" height="28" />
        <cmp x="1301" y="2040" width="5" height="11" />
        <cmp x="1311" y="2057" width="48" height="37" />
        <cmp x="1366" y="2061" width="60" height="91" />
      </word>
      <word id="m01-084-07-05" tag="..." text="...">
        <cmp x="1448" y="2074" width="6" height="6" />
        <cmp x="1522" y="2085" width="9" height="8" />
        <cmp x="1571" y="2080" width="8" height="8" />
      </word>
      <word id="m01-084-07-06" tag="**&apos;" text="&quot;">
        <cmp x="1613" y="1989" width="11" height="25" />
        <cmp x="1630" y="1984" width="8" height="28" />
      </word>
      <upper-contour>
        <point x="388" y="1977" />
        <point x="1639" y="1977" />
      </upper-contour>
    </line>
  </handwritten-part>
</form>

