<?xml version="1.0" encoding="ISO-8859-1"?>

<!DOCTYPE form SYSTEM 'http://www.iam.unibe.ch/~fki/iamdb/form-metadata.dtd'>

<form created="2002-01-24" height="3542" id="m01-100" last-modified="2002-07-17" skew="63" status="final" version="3.0_beta" width="2479" writer-id="364">
  <machine-printed-part>
    <machine-print-line text="The Thetans must not see him! He took another route to Heather&apos;s and saw two more" />
    <machine-print-line text="flying saucers on the way. Heather was very anxious to visit Dan at once; but Steve" />
    <machine-print-line text="insisted that they should first discuss their situation, as far as it could be assessed," />
    <machine-print-line text="and to decide on what seemed to be the best way of meeting it." />
  </machine-printed-part>
  <handwritten-part>
    <line ass="-67" asx="0" asy="694" character-width="999" dss="-67" dsx="0" dsy="784" fd0="12475" fd1="2315" fd2="-1889" filter-width="4" id="m01-100-00" lbs="38" lbx="0" lby="778" segmentation="ok" slant="90000" stroke-width="5912" threshold="181" text="The Thetans must not see him! He took another route" ubs="-278" ubx="0" uby="727">
      <word id="m01-100-00-00" sentence-start="yes" tag="ATI" text="The">
        <cmp x="385" y="700" width="53" height="83" />
        <cmp x="442" y="734" width="27" height="49" />
      </word>
      <word id="m01-100-00-01" tag="NNPS" text="Thetans">
        <cmp x="521" y="698" width="59" height="75" />
        <cmp x="580" y="697" width="175" height="88" />
      </word>
      <word id="m01-100-00-02" tag="MD" text="must">
        <cmp x="800" y="728" width="50" height="49" />
        <cmp x="856" y="735" width="33" height="43" />
        <cmp x="893" y="719" width="44" height="60" />
      </word>
      <word id="m01-100-00-03" tag="XNOT" text="not">
        <cmp x="972" y="708" width="81" height="74" />
      </word>
      <word id="m01-100-00-04" tag="VB" text="see">
        <cmp x="1073" y="726" width="77" height="55" />
      </word>
      <word id="m01-100-00-05" tag="PP3O" text="him">
        <cmp x="1174" y="701" width="50" height="83" />
        <cmp x="1218" y="713" width="8" height="13" />
        <cmp x="1234" y="733" width="48" height="45" />
      </word>
      <word id="m01-100-00-06" tag="!" text="!">
        <cmp x="1305" y="775" width="8" height="8" />
        <cmp x="1306" y="697" width="7" height="52" />
      </word>
      <word id="m01-100-00-07" sentence-start="yes" tag="PP3A" text="He">
        <cmp x="1362" y="698" width="53" height="81" />
      </word>
      <word id="m01-100-00-08" tag="VBD" text="took">
        <cmp x="1451" y="704" width="51" height="83" />
        <cmp x="1506" y="716" width="69" height="67" />
      </word>
      <word id="m01-100-00-09" tag="DT" text="another">
        <cmp x="1604" y="734" width="103" height="42" />
        <cmp x="1711" y="707" width="179" height="76" />
      </word>
      <word id="m01-100-00-10" tag="NN" text="route">
        <cmp x="1933" y="730" width="79" height="51" />
        <cmp x="2016" y="740" width="36" height="39" />
        <cmp x="2048" y="718" width="69" height="61" />
      </word>
      <lower-contour>
        <point x="383" y="787" />
        <point x="2027" y="787" />
      </lower-contour>
    </line>
    <line ass="-83" asx="0" asy="873" character-width="999" dss="-83" dsx="0" dsy="1007" fd0="12774" fd1="2771" fd2="-1762" filter-width="4" id="m01-100-01" lbs="-54" lbx="0" lby="953" segmentation="ok" slant="90000" stroke-width="5818" threshold="185" text="to Heather&apos;s and saw two more flying saucers on" ubs="-142" ubx="0" uby="911">
      <word id="m01-100-01-00" tag="IN" text="to">
        <cmp x="384" y="874" width="50" height="78" />
      </word>
      <word id="m01-100-01-01" tag="NP$" text="Heather&apos;s">
        <cmp x="479" y="877" width="113" height="83" />
        <cmp x="592" y="883" width="83" height="83" />
        <cmp x="689" y="892" width="9" height="43" />
        <cmp x="707" y="917" width="35" height="43" />
      </word>
      <word id="m01-100-01-02" tag="CC" text="and">
        <cmp x="793" y="913" width="96" height="49" />
        <cmp x="887" y="888" width="39" height="71" />
      </word>
      <word id="m01-100-01-03" tag="VBD" text="saw">
        <cmp x="972" y="910" width="73" height="52" />
        <cmp x="1048" y="911" width="42" height="52" />
      </word>
      <word id="m01-100-01-04" tag="CD" text="two">
        <cmp x="1131" y="880" width="60" height="75" />
        <cmp x="1195" y="915" width="30" height="35" />
      </word>
      <word id="m01-100-01-05" tag="AP" text="more">
        <cmp x="1253" y="912" width="58" height="41" />
        <cmp x="1317" y="910" width="33" height="44" />
        <cmp x="1361" y="904" width="16" height="46" />
        <cmp x="1377" y="909" width="29" height="43" />
      </word>
      <word id="m01-100-01-06" tag="JJ" text="flying">
        <cmp x="1459" y="880" width="81" height="131" />
        <cmp x="1552" y="917" width="8" height="40" />
        <cmp x="1555" y="892" width="7" height="13" />
        <cmp x="1565" y="912" width="34" height="43" />
        <cmp x="1597" y="919" width="39" height="87" />
      </word>
      <word id="m01-100-01-07" tag="NNS" text="saucers">
        <cmp x="1673" y="907" width="133" height="49" />
        <cmp x="1812" y="913" width="67" height="45" />
        <cmp x="1883" y="921" width="30" height="36" />
      </word>
      <word id="m01-100-01-08" tag="IN" text="on">
        <cmp x="1946" y="917" width="80" height="47" />
      </word>
      <upper-contour>
        <point x="383" y="787" />
        <point x="2027" y="787" />
      </upper-contour>
      <lower-contour>
        <point x="382" y="1011" />
        <point x="2027" y="1011" />
      </lower-contour>
    </line>
    <line ass="-200" asx="0" asy="1055" character-width="999" dss="-200" dsx="0" dsy="1188" fd0="12728" fd1="2656" fd2="-1471" filter-width="3" id="m01-100-02" lbs="-139" lbx="0" lby="1132" segmentation="ok" slant="90000" stroke-width="5706" threshold="186" text="the way. Heather was very anxious to visit Dan at" ubs="-323" ubx="0" uby="1085">
      <word id="m01-100-02-00" tag="ATI" text="the">
        <cmp x="378" y="1057" width="104" height="81" />
      </word>
      <word id="m01-100-02-01" tag="NN" text="way">
        <cmp x="535" y="1089" width="38" height="52" />
        <cmp x="581" y="1090" width="32" height="47" />
        <cmp x="615" y="1097" width="32" height="94" />
      </word>
      <word id="m01-100-02-02" tag="." text=".">
        <cmp x="679" y="1123" width="3" height="7" />
      </word>
      <word id="m01-100-02-03" sentence-start="yes" tag="NP" text="Heather">
        <cmp x="731" y="1057" width="52" height="82" />
        <cmp x="783" y="1061" width="96" height="71" />
        <cmp x="878" y="1085" width="67" height="48" />
      </word>
      <word id="m01-100-02-04" tag="BEDZ" text="was">
        <cmp x="988" y="1076" width="40" height="52" />
        <cmp x="1040" y="1085" width="68" height="51" />
      </word>
      <word id="m01-100-02-05" tag="QL" text="very">
        <cmp x="1156" y="1088" width="29" height="53" />
        <cmp x="1193" y="1093" width="85" height="93" />
      </word>
      <word id="m01-100-02-06" tag="JJ" text="anxious">
        <cmp x="1328" y="1095" width="100" height="46" />
        <cmp x="1430" y="1096" width="58" height="43" />
        <cmp x="1481" y="1072" width="12" height="17" />
        <cmp x="1499" y="1096" width="107" height="44" />
      </word>
      <word id="m01-100-02-07" tag="TO" text="to">
        <cmp x="1648" y="1067" width="56" height="78" />
      </word>
      <word id="m01-100-02-08" tag="VB" text="visit">
        <cmp x="1736" y="1095" width="37" height="50" />
        <cmp x="1763" y="1073" width="11" height="16" />
        <cmp x="1779" y="1098" width="44" height="40" />
        <cmp x="1816" y="1081" width="10" height="15" />
        <cmp x="1828" y="1072" width="22" height="66" />
      </word>
      <word id="m01-100-02-09" tag="NP" text="Dan">
        <cmp x="1876" y="1072" width="126" height="70" />
      </word>
      <word id="m01-100-02-10" tag="RB21" text="at">
        <cmp x="2050" y="1076" width="74" height="66" />
      </word>
      <upper-contour>
        <point x="382" y="1011" />
        <point x="2027" y="1011" />
      </upper-contour>
      <lower-contour>
        <point x="389" y="1191" />
        <point x="2125" y="1191" />
      </lower-contour>
    </line>
    <line ass="-279" asx="0" asy="1225" character-width="999" dss="-279" dsx="0" dsy="1350" fd0="12909" fd1="2613" fd2="-1957" filter-width="4" id="m01-100-03" lbs="-176" lbx="0" lby="1312" segmentation="ok" slant="89000" stroke-width="5842" threshold="187" text="once; but Steve insisted that they should first discuss" ubs="-486" ubx="0" uby="1258">
      <word id="m01-100-03-00" tag="RB22" text="once">
        <cmp x="391" y="1257" width="38" height="61" />
        <cmp x="433" y="1258" width="35" height="58" />
        <cmp x="476" y="1265" width="55" height="54" />
      </word>
      <word id="m01-100-03-01" tag=";" text=";">
        <cmp x="534" y="1302" width="18" height="49" />
        <cmp x="541" y="1270" width="5" height="7" />
      </word>
      <word id="m01-100-03-02" tag="CC" text="but">
        <cmp x="598" y="1244" width="106" height="77" />
      </word>
      <word id="m01-100-03-03" tag="NP" text="Steve">
        <cmp x="731" y="1240" width="98" height="79" />
        <cmp x="834" y="1264" width="34" height="49" />
      </word>
      <word id="m01-100-03-04" tag="VBD" text="insisted">
        <cmp x="915" y="1269" width="6" height="40" />
        <cmp x="922" y="1250" width="7" height="10" />
        <cmp x="933" y="1261" width="35" height="50" />
        <cmp x="970" y="1262" width="41" height="50" />
        <cmp x="1000" y="1245" width="8" height="16" />
        <cmp x="1012" y="1272" width="32" height="39" />
        <cmp x="1044" y="1232" width="44" height="78" />
        <cmp x="1090" y="1232" width="42" height="82" />
      </word>
      <word id="m01-100-03-05" tag="CS" text="that">
        <cmp x="1156" y="1242" width="134" height="76" />
      </word>
      <word id="m01-100-03-06" tag="PP3AS" text="they">
        <cmp x="1326" y="1247" width="133" height="111" />
      </word>
      <word id="m01-100-03-07" tag="MD" text="should">
        <cmp x="1498" y="1248" width="79" height="70" />
        <cmp x="1585" y="1255" width="98" height="69" />
        <cmp x="1690" y="1244" width="47" height="78" />
      </word>
      <word id="m01-100-03-08" tag="RB" text="first">
        <cmp x="1776" y="1240" width="36" height="103" />
        <cmp x="1815" y="1246" width="6" height="20" />
        <cmp x="1828" y="1260" width="79" height="60" />
      </word>
      <word id="m01-100-03-09" tag="VB" text="discuss">
        <cmp x="1938" y="1251" width="70" height="67" />
        <cmp x="2003" y="1278" width="39" height="39" />
        <cmp x="2004" y="1245" width="8" height="17" />
        <cmp x="2054" y="1276" width="136" height="45" />
      </word>
      <upper-contour>
        <point x="389" y="1191" />
        <point x="2125" y="1191" />
      </upper-contour>
      <lower-contour>
        <point x="390" y="1358" />
        <point x="2142" y="1358" />
      </lower-contour>
    </line>
    <line ass="-186" asx="0" asy="1409" character-width="999" dss="-186" dsx="0" dsy="1540" fd0="13006" fd1="2709" fd2="-1570" filter-width="4" id="m01-100-04" lbs="-113" lbx="0" lby="1495" segmentation="ok" slant="90000" stroke-width="5798" threshold="185" text="their situation, as far as it could be assessed," ubs="-331" ubx="0" uby="1444">
      <word id="m01-100-04-00" tag="PP$" text="their">
        <cmp x="392" y="1412" width="120" height="87" />
        <cmp x="493" y="1414" width="10" height="19" />
        <cmp x="521" y="1441" width="21" height="51" />
      </word>
      <word id="m01-100-04-01" tag="NN" text="situation">
        <cmp x="585" y="1446" width="50" height="55" />
        <cmp x="615" y="1428" width="11" height="11" />
        <cmp x="637" y="1412" width="61" height="90" />
        <cmp x="696" y="1421" width="84" height="81" />
        <cmp x="767" y="1434" width="13" height="13" />
        <cmp x="788" y="1452" width="81" height="50" />
      </word>
      <word id="m01-100-04-02" tag="," text=",">
        <cmp x="885" y="1489" width="22" height="54" />
      </word>
      <word id="m01-100-04-03" tag="QL" text="as">
        <cmp x="945" y="1450" width="58" height="48" />
        <cmp x="997" y="1456" width="40" height="45" />
      </word>
      <word id="m01-100-04-04" tag="RB" text="far">
        <cmp x="1065" y="1413" width="112" height="122" />
      </word>
      <word id="m01-100-04-05" tag="CS" text="as">
        <cmp x="1220" y="1454" width="84" height="47" />
      </word>
      <word id="m01-100-04-06" tag="PP3" text="it">
        <cmp x="1349" y="1464" width="8" height="34" />
        <cmp x="1350" y="1430" width="9" height="12" />
        <cmp x="1360" y="1428" width="36" height="65" />
      </word>
      <word id="m01-100-04-07" tag="MD" text="could">
        <cmp x="1422" y="1437" width="149" height="63" />
        <cmp x="1573" y="1427" width="47" height="73" />
      </word>
      <word id="m01-100-04-08" tag="BE" text="be">
        <cmp x="1662" y="1438" width="52" height="65" />
        <cmp x="1718" y="1453" width="34" height="48" />
      </word>
      <word id="m01-100-04-09" tag="VBN" text="assessed">
        <cmp x="1806" y="1451" width="55" height="46" />
        <cmp x="1853" y="1455" width="42" height="42" />
        <cmp x="1891" y="1451" width="63" height="47" />
        <cmp x="1957" y="1457" width="73" height="43" />
        <cmp x="2036" y="1430" width="85" height="79" />
      </word>
      <word id="m01-100-04-10" tag="," text=",">
        <cmp x="2115" y="1492" width="26" height="51" />
      </word>
      <upper-contour>
        <point x="390" y="1358" />
        <point x="2142" y="1358" />
      </upper-contour>
      <lower-contour>
        <point x="406" y="1543" />
        <point x="2116" y="1543" />
      </lower-contour>
    </line>
    <line ass="-219" asx="0" asy="1591" character-width="999" dss="-219" dsx="0" dsy="1678" fd0="12654" fd1="2419" fd2="-1529" filter-width="4" id="m01-100-05" lbs="-186" lbx="0" lby="1672" segmentation="ok" slant="90000" stroke-width="5905" threshold="182" text="and to decide on what seemed to be the best" ubs="-285" ubx="0" uby="1625">
      <word id="m01-100-05-00" tag="CC" text="and">
        <cmp x="408" y="1594" width="149" height="82" />
      </word>
      <word id="m01-100-05-01" tag="TO" text="to">
        <cmp x="601" y="1599" width="61" height="76" />
      </word>
      <word id="m01-100-05-02" tag="VB" text="decide">
        <cmp x="708" y="1609" width="119" height="71" />
        <cmp x="801" y="1617" width="36" height="7" />
        <cmp x="840" y="1613" width="37" height="65" />
        <cmp x="884" y="1628" width="31" height="47" />
      </word>
      <word id="m01-100-05-03" tag="IN" text="on">
        <cmp x="957" y="1629" width="81" height="51" />
      </word>
      <word id="m01-100-05-04" tag="WDT" text="what">
        <cmp x="1087" y="1622" width="43" height="54" />
        <cmp x="1137" y="1601" width="124" height="78" />
      </word>
      <word id="m01-100-05-05" tag="VBD" text="seemed">
        <cmp x="1279" y="1626" width="103" height="50" />
        <cmp x="1393" y="1596" width="158" height="84" />
      </word>
      <word id="m01-100-05-06" tag="TO" text="to">
        <cmp x="1581" y="1602" width="70" height="80" />
      </word>
      <word id="m01-100-05-07" tag="BE" text="be">
        <cmp x="1684" y="1607" width="37" height="72" />
        <cmp x="1722" y="1631" width="42" height="42" />
      </word>
      <word id="m01-100-05-08" tag="ATI" text="the">
        <cmp x="1792" y="1608" width="121" height="78" />
      </word>
      <word id="m01-100-05-09" tag="JJT" text="best">
        <cmp x="1966" y="1604" width="86" height="75" />
        <cmp x="2051" y="1616" width="64" height="66" />
      </word>
      <upper-contour>
        <point x="406" y="1543" />
        <point x="2116" y="1543" />
      </upper-contour>
      <lower-contour>
        <point x="422" y="1680" />
        <point x="1082" y="1680" />
      </lower-contour>
    </line>
    <line ass="10" asx="0" asy="1766" character-width="999" dss="10" dsx="0" dsy="1912" fd0="12406" fd1="2324" fd2="-2010" filter-width="4" id="m01-100-06" lbs="-234" lbx="0" lby="1848" segmentation="ok" slant="90000" stroke-width="5836" threshold="186" text="way of meeting it." ubs="500" ubx="0" uby="1806">
      <word id="m01-100-06-00" tag="NN" text="way">
        <cmp x="424" y="1792" width="46" height="63" />
        <cmp x="476" y="1801" width="47" height="46" />
        <cmp x="522" y="1806" width="33" height="106" />
      </word>
      <word id="m01-100-06-01" tag="INO" text="of">
        <cmp x="612" y="1766" width="73" height="133" />
      </word>
      <word id="m01-100-06-02" tag="VBG" text="meeting">
        <cmp x="726" y="1794" width="122" height="56" />
        <cmp x="844" y="1777" width="42" height="84" />
        <cmp x="881" y="1776" width="10" height="14" />
        <cmp x="902" y="1803" width="44" height="55" />
        <cmp x="945" y="1810" width="40" height="100" />
      </word>
      <word id="m01-100-06-03" tag="PP3" text="it">
        <cmp x="1014" y="1807" width="9" height="52" />
        <cmp x="1021" y="1775" width="7" height="12" />
        <cmp x="1024" y="1782" width="39" height="74" />
      </word>
      <word id="m01-100-06-04" tag="." text=".">
        <cmp x="1071" y="1839" width="10" height="9" />
      </word>
      <upper-contour>
        <point x="422" y="1680" />
        <point x="1082" y="1680" />
      </upper-contour>
    </line>
  </handwritten-part>
</form>

