<?xml version="1.0" encoding="ISO-8859-1"?>

<!DOCTYPE form SYSTEM 'http://www.iam.unibe.ch/~fki/iamdb/form-metadata.dtd'>

<form created="2002-01-25" height="3542" id="m01-131" last-modified="2002-07-17" skew="127" status="final" version="3.0_beta" width="2479" writer-id="514">
  <machine-printed-part>
    <machine-print-line text="When he finally beckoned to them to enter, the action gave the impression of having" />
    <machine-print-line text="been thought out and decided upon. Inside they sat down unbidden, while Dan paced" />
    <machine-print-line text="the floor. He seemed completely unaware of their presence. They just stared at him," />
    <machine-print-line text="turning their heads like tennis spectators as he walked up and down, up and down." />
  </machine-printed-part>
  <handwritten-part>
    <line ass="312" asx="0" asy="717" character-width="999" dss="312" dsx="0" dsy="848" fd0="12894" fd1="3150" fd2="142" filter-width="4" id="m01-131-00" lbs="234" lbx="0" lby="790" segmentation="ok" slant="90000" stroke-width="6329" threshold="161" text="When he finally beckoned to them to enter, the action" ubs="470" ubx="0" uby="758">
      <word id="m01-131-00-00" sentence-start="yes" tag="WRB" text="When">
        <cmp x="370" y="733" width="49" height="66" />
        <cmp x="423" y="733" width="87" height="64" />
      </word>
      <word id="m01-131-00-01" tag="PP3A" text="he">
        <cmp x="535" y="729" width="67" height="63" />
      </word>
      <word id="m01-131-00-02" tag="RB" text="finally">
        <cmp x="638" y="714" width="37" height="110" />
        <cmp x="679" y="757" width="68" height="37" />
        <cmp x="748" y="718" width="64" height="128" />
      </word>
      <word id="m01-131-00-03" tag="VBD" text="beckoned">
        <cmp x="850" y="715" width="51" height="71" />
        <cmp x="905" y="722" width="56" height="62" />
        <cmp x="968" y="753" width="91" height="37" />
        <cmp x="1064" y="727" width="36" height="65" />
      </word>
      <word id="m01-131-00-04" tag="IN" text="to">
        <cmp x="1141" y="720" width="62" height="70" />
      </word>
      <word id="m01-131-00-05" tag="PP3OS" text="them">
        <cmp x="1235" y="713" width="150" height="68" />
      </word>
      <word id="m01-131-00-06" tag="TO" text="to">
        <cmp x="1423" y="712" width="67" height="71" />
      </word>
      <word id="m01-131-00-07" tag="VB" text="enter">
        <cmp x="1537" y="736" width="64" height="45" />
        <cmp x="1608" y="712" width="84" height="74" />
      </word>
      <word id="m01-131-00-08" tag="," text=",">
        <cmp x="1692" y="775" width="23" height="47" />
      </word>
      <word id="m01-131-00-09" tag="ATI" text="the">
        <cmp x="1762" y="718" width="99" height="80" />
      </word>
      <word id="m01-131-00-10" tag="NN" text="action">
        <cmp x="1902" y="747" width="67" height="40" />
        <cmp x="1989" y="717" width="24" height="61" />
        <cmp x="2020" y="712" width="7" height="8" />
        <cmp x="2026" y="744" width="80" height="46" />
      </word>
      <lower-contour>
        <point x="369" y="843" />
        <point x="786" y="845" />
        <point x="912" y="823" />
        <point x="2047" y="823" />
      </lower-contour>
    </line>
    <line ass="825" asx="0" asy="847" character-width="999" dss="825" dsx="0" dsy="993" fd0="12799" fd1="3027" fd2="-634" filter-width="4" id="m01-131-01" lbs="969" lbx="0" lby="923" segmentation="ok" slant="90000" stroke-width="6240" threshold="161" text="gave the impression of having been thought out and" ubs="538" ubx="0" uby="877">
      <word id="m01-131-01-00" tag="VBD" text="gave">
        <cmp x="371" y="872" width="35" height="105" />
        <cmp x="412" y="869" width="42" height="39" />
        <cmp x="454" y="863" width="22" height="46" />
        <cmp x="484" y="870" width="34" height="46" />
      </word>
      <word id="m01-131-01-01" tag="ATI" text="the">
        <cmp x="560" y="852" width="97" height="64" />
      </word>
      <word id="m01-131-01-02" tag="NN" text="impression">
        <cmp x="676" y="845" width="10" height="13" />
        <cmp x="678" y="884" width="7" height="31" />
        <cmp x="695" y="880" width="50" height="29" />
        <cmp x="745" y="877" width="35" height="71" />
        <cmp x="793" y="874" width="41" height="42" />
        <cmp x="840" y="870" width="29" height="44" />
        <cmp x="864" y="869" width="33" height="45" />
        <cmp x="902" y="880" width="12" height="18" />
        <cmp x="912" y="838" width="8" height="7" />
        <cmp x="929" y="874" width="82" height="38" />
      </word>
      <word id="m01-131-01-03" tag="INO" text="of">
        <cmp x="1055" y="832" width="55" height="118" />
      </word>
      <word id="m01-131-01-04" tag="HVG" text="having">
        <cmp x="1149" y="839" width="36" height="63" />
        <cmp x="1186" y="862" width="77" height="39" />
        <cmp x="1258" y="841" width="7" height="14" />
        <cmp x="1273" y="866" width="31" height="31" />
        <cmp x="1303" y="871" width="30" height="104" />
      </word>
      <word id="m01-131-01-05" tag="BEN" text="been">
        <cmp x="1383" y="834" width="93" height="63" />
        <cmp x="1477" y="863" width="41" height="28" />
      </word>
      <word id="m01-131-01-06" tag="VBN" text="thought">
        <cmp x="1550" y="832" width="57" height="62" />
        <cmp x="1617" y="859" width="57" height="37" />
        <cmp x="1676" y="860" width="27" height="108" />
        <cmp x="1709" y="844" width="38" height="57" />
        <cmp x="1747" y="846" width="25" height="60" />
      </word>
      <word id="m01-131-01-07" tag="RP" text="out">
        <cmp x="1800" y="860" width="69" height="40" />
        <cmp x="1874" y="837" width="20" height="62" />
      </word>
      <word id="m01-131-01-08" tag="CC" text="and">
        <cmp x="1926" y="864" width="69" height="33" />
        <cmp x="2004" y="837" width="42" height="61" />
      </word>
      <upper-contour>
        <point x="369" y="843" />
        <point x="786" y="845" />
        <point x="912" y="823" />
        <point x="2047" y="823" />
      </upper-contour>
      <lower-contour>
        <point x="370" y="977" />
        <point x="475" y="974" />
        <point x="1318" y="975" />
        <point x="1599" y="969" />
        <point x="2024" y="969" />
      </lower-contour>
    </line>
    <line ass="499" asx="0" asy="989" character-width="999" dss="499" dsx="0" dsy="1106" fd0="13168" fd1="2976" fd2="-861" filter-width="4" id="m01-131-02" lbs="486" lbx="0" lby="1061" segmentation="err" slant="87999" stroke-width="6506" threshold="160" text="decided upon. Inside they sat down unbidden, while" ubs="526" ubx="0" uby="1028">
      <word id="m01-131-02-00" tag="VBN" text="decided">
        <cmp x="372" y="988" width="70" height="76" />
        <cmp x="442" y="1020" width="49" height="37" />
        <cmp x="481" y="987" width="14" height="14" />
        <cmp x="492" y="1003" width="74" height="59" />
        <cmp x="564" y="1003" width="48" height="55" />
      </word>
      <word id="m01-131-02-01" tag="IN" text="upon">
        <cmp x="641" y="1013" width="152" height="83" />
      </word>
      <word id="m01-131-02-02" tag="." text=".">
        <cmp x="821" y="1043" width="7" height="7" />
      </word>
      <word id="m01-131-02-03" sentence-start="yes" tag="RP" text="Inside">
        <cmp x="854" y="1094" width="10" height="4" />
        <cmp x="865" y="985" width="44" height="64" />
        <cmp x="914" y="1008" width="30" height="45" />
        <cmp x="943" y="1023" width="12" height="22" />
        <cmp x="949" y="985" width="7" height="11" />
        <cmp x="960" y="986" width="75" height="65" />
      </word>
      <word id="m01-131-02-04" tag="PP3AS" text="they">
        <cmp x="1067" y="987" width="80" height="65" />
        <cmp x="1144" y="1017" width="35" height="80" />
      </word>
      <word id="m01-131-02-05" tag="VBD" text="sat">
        <cmp x="1205" y="1007" width="66" height="41" />
        <cmp x="1271" y="988" width="27" height="68" />
      </word>
      <word id="m01-131-02-06" tag="RP" text="down">
        <cmp x="1325" y="978" width="118" height="74" />
        <cmp x="1445" y="1019" width="36" height="29" />
      </word>
      <word id="m01-131-02-07" tag="JJ" text="unbidden">
        <cmp x="1512" y="1016" width="68" height="35" />
        <cmp x="1594" y="977" width="31" height="65" />
        <cmp x="1628" y="991" width="7" height="12" />
        <cmp x="1628" y="1016" width="11" height="27" />
        <cmp x="1639" y="991" width="43" height="58" />
        <cmp x="1687" y="985" width="108" height="59" />
      </word>
      <word id="m01-131-02-08" tag="," text=",">
        <cmp x="1823" y="1038" width="10" height="35" />
      </word>
      <word id="m01-131-02-09" tag="CS" text="while">
        <cmp x="1863" y="977" width="102" height="73" />
        <cmp x="1955" y="993" width="11" height="9" />
        <cmp x="1969" y="992" width="54" height="58" />
      </word>
      <upper-contour>
        <point x="370" y="977" />
        <point x="475" y="974" />
        <point x="1318" y="975" />
        <point x="1599" y="969" />
        <point x="2024" y="969" />
      </upper-contour>
      <lower-contour>
        <point x="370" y="1097" />
        <point x="2008" y="1097" />
      </lower-contour>
    </line>
    <line ass="-365" asx="0" asy="1093" character-width="999" dss="-365" dsx="0" dsy="1216" fd0="12857" fd1="2638" fd2="-1184" filter-width="4" id="m01-131-03" lbs="-298" lbx="0" lby="1167" segmentation="err" slant="87000" stroke-width="6316" threshold="161" text="Dan paced the floor. He seemed completely unaware" ubs="-501" ubx="0" uby="1131">
      <word id="m01-131-03-00" tag="NP" text="Dan">
        <cmp x="362" y="1107" width="49" height="64" />
        <cmp x="408" y="1208" width="11" height="11" />
        <cmp x="413" y="1132" width="70" height="38" />
      </word>
      <word id="m01-131-03-01" tag="VBD" text="paced">
        <cmp x="516" y="1132" width="68" height="70" />
        <cmp x="589" y="1135" width="48" height="35" />
        <cmp x="639" y="1117" width="43" height="56" />
      </word>
      <word id="m01-131-03-02" tag="ATI" text="the">
        <cmp x="721" y="1118" width="92" height="59" />
      </word>
      <word id="m01-131-03-03" tag="NN" text="floor">
        <cmp x="840" y="1100" width="35" height="99" />
        <cmp x="876" y="1108" width="12" height="54" />
        <cmp x="891" y="1128" width="109" height="42" />
      </word>
      <word id="m01-131-03-04" tag="." text=".">
        <cmp x="1001" y="1167" width="7" height="10" />
      </word>
      <word id="m01-131-03-05" sentence-start="yes" tag="PP3A" text="He">
        <cmp x="1068" y="1113" width="63" height="70" />
      </word>
      <word id="m01-131-03-06" tag="VBD" text="seemed">
        <cmp x="1157" y="1135" width="59" height="43" />
        <cmp x="1218" y="1143" width="22" height="31" />
        <cmp x="1250" y="1141" width="74" height="34" />
        <cmp x="1333" y="1120" width="36" height="54" />
      </word>
      <word id="m01-131-03-07" tag="RB" text="completely">
        <cmp x="1409" y="1141" width="31" height="37" />
        <cmp x="1443" y="1143" width="77" height="38" />
        <cmp x="1518" y="1149" width="33" height="63" />
        <cmp x="1559" y="1121" width="86" height="57" />
        <cmp x="1650" y="1122" width="45" height="95" />
      </word>
      <word id="m01-131-03-08" tag="JJ" text="unaware">
        <cmp x="1736" y="1149" width="70" height="32" />
        <cmp x="1811" y="1144" width="39" height="35" />
        <cmp x="1855" y="1141" width="42" height="40" />
        <cmp x="1899" y="1142" width="108" height="37" />
      </word>
      <upper-contour>
        <point x="370" y="1097" />
        <point x="2008" y="1097" />
      </upper-contour>
      <lower-contour>
        <point x="369" y="1218" />
        <point x="2008" y="1218" />
      </lower-contour>
    </line>
    <line ass="-226" asx="0" asy="1220" character-width="999" dss="-226" dsx="0" dsy="1376" fd0="13018" fd1="2997" fd2="-561" filter-width="4" id="m01-131-04" lbs="-55" lbx="0" lby="1295" segmentation="err" slant="90000" stroke-width="6156" threshold="163" text="of their presence. They just stared at him, turning" ubs="-567" ubx="0" uby="1252">
      <word id="m01-131-04-00" tag="INO" text="of">
        <cmp x="371" y="1222" width="55" height="83" />
        <cmp x="415" y="1222" width="9" height="21" />
      </word>
      <word id="m01-131-04-01" tag="PP$" text="their">
        <cmp x="466" y="1229" width="75" height="65" />
        <cmp x="539" y="1232" width="9" height="12" />
        <cmp x="546" y="1260" width="11" height="33" />
        <cmp x="563" y="1254" width="31" height="39" />
      </word>
      <word id="m01-131-04-02" tag="NN" text="presence">
        <cmp x="636" y="1256" width="32" height="75" />
        <cmp x="668" y="1256" width="139" height="38" />
        <cmp x="811" y="1254" width="60" height="41" />
      </word>
      <word id="m01-131-04-03" tag="." text=".">
        <cmp x="885" y="1284" width="6" height="7" />
      </word>
      <word id="m01-131-04-04" sentence-start="yes" tag="PP3AS" text="They">
        <cmp x="935" y="1236" width="72" height="65" />
        <cmp x="1013" y="1256" width="69" height="101" />
      </word>
      <word id="m01-131-04-05" tag="RB" text="just">
        <cmp x="1126" y="1274" width="15" height="74" />
        <cmp x="1128" y="1244" width="9" height="10" />
        <cmp x="1149" y="1272" width="32" height="29" />
        <cmp x="1187" y="1262" width="31" height="49" />
        <cmp x="1221" y="1237" width="27" height="60" />
      </word>
      <word id="m01-131-04-06" tag="VBD" text="stared">
        <cmp x="1288" y="1249" width="66" height="58" />
        <cmp x="1359" y="1247" width="133" height="57" />
      </word>
      <word id="m01-131-04-07" tag="IN" text="at">
        <cmp x="1531" y="1240" width="72" height="64" />
      </word>
      <word id="m01-131-04-08" tag="PP3O" text="him">
        <cmp x="1654" y="1238" width="48" height="65" />
        <cmp x="1692" y="1247" width="6" height="7" />
        <cmp x="1711" y="1277" width="70" height="37" />
      </word>
      <word id="m01-131-04-09" tag="," text=",">
        <cmp x="1793" y="1296" width="22" height="42" />
      </word>
      <word id="m01-131-04-10" tag="VBG" text="turning">
        <cmp x="1860" y="1247" width="133" height="57" />
        <cmp x="1987" y="1239" width="10" height="12" />
        <cmp x="1999" y="1273" width="41" height="29" />
        <cmp x="2039" y="1266" width="29" height="119" />
      </word>
      <upper-contour>
        <point x="369" y="1218" />
        <point x="2008" y="1218" />
      </upper-contour>
      <lower-contour>
        <point x="369" y="1357" />
        <point x="2007" y="1357" />
      </lower-contour>
    </line>
    <line ass="-338" asx="0" asy="1379" character-width="999" dss="-338" dsx="0" dsy="1487" fd0="13074" fd1="2962" fd2="-1154" filter-width="4" id="m01-131-05" lbs="-279" lbx="0" lby="1446" segmentation="ok" slant="90000" stroke-width="6093" threshold="163" text="their heads like tennis spectators as he walked up and" ubs="-457" ubx="0" uby="1406">
      <word id="m01-131-05-00" tag="PP$" text="their">
        <cmp x="356" y="1390" width="91" height="58" />
        <cmp x="429" y="1385" width="8" height="4" />
        <cmp x="452" y="1411" width="31" height="29" />
      </word>
      <word id="m01-131-05-01" tag="NNS" text="heads">
        <cmp x="512" y="1385" width="52" height="61" />
        <cmp x="566" y="1396" width="64" height="57" />
        <cmp x="630" y="1411" width="27" height="39" />
      </word>
      <word id="m01-131-05-02" tag="IN" text="like">
        <cmp x="697" y="1390" width="31" height="56" />
        <cmp x="716" y="1397" width="11" height="5" />
        <cmp x="735" y="1388" width="52" height="62" />
      </word>
      <word id="m01-131-05-03" tag="NN" text="tennis">
        <cmp x="821" y="1397" width="65" height="56" />
        <cmp x="893" y="1420" width="49" height="27" />
        <cmp x="931" y="1395" width="9" height="8" />
        <cmp x="945" y="1414" width="40" height="41" />
      </word>
      <word id="m01-131-05-04" tag="NNS" text="spectators">
        <cmp x="1027" y="1418" width="30" height="33" />
        <cmp x="1058" y="1416" width="62" height="71" />
        <cmp x="1119" y="1424" width="28" height="33" />
        <cmp x="1153" y="1391" width="18" height="62" />
        <cmp x="1172" y="1422" width="33" height="31" />
        <cmp x="1216" y="1398" width="102" height="72" />
      </word>
      <word id="m01-131-05-05" tag="CS" text="as">
        <cmp x="1343" y="1425" width="46" height="37" />
        <cmp x="1392" y="1417" width="31" height="39" />
      </word>
      <word id="m01-131-05-06" tag="PP3A" text="he">
        <cmp x="1453" y="1399" width="65" height="52" />
      </word>
      <word id="m01-131-05-07" tag="VBD" text="walked">
        <cmp x="1561" y="1415" width="49" height="40" />
        <cmp x="1611" y="1419" width="31" height="31" />
        <cmp x="1648" y="1391" width="13" height="63" />
        <cmp x="1667" y="1393" width="97" height="63" />
      </word>
      <word id="m01-131-05-08" tag="RP" text="up">
        <cmp x="1796" y="1422" width="78" height="77" />
      </word>
      <word id="m01-131-05-09" tag="CC" text="and">
        <cmp x="1897" y="1421" width="63" height="31" />
        <cmp x="1968" y="1395" width="38" height="59" />
      </word>
      <upper-contour>
        <point x="369" y="1357" />
        <point x="2007" y="1357" />
      </upper-contour>
      <lower-contour>
        <point x="357" y="1456" />
        <point x="990" y="1456" />
      </lower-contour>
    </line>
    <line ass="-1040" asx="0" asy="1505" character-width="999" dss="-1040" dsx="0" dsy="1598" fd0="13337" fd1="2826" fd2="-462" filter-width="4" id="m01-131-06" lbs="-1020" lbx="0" lby="1564" segmentation="ok" slant="87999" stroke-width="5944" threshold="159" text="down, up and down." ubs="-1081" ubx="0" uby="1533">
      <word id="m01-131-06-00" tag="RP" text="down">
        <cmp x="359" y="1513" width="28" height="62" />
        <cmp x="393" y="1540" width="64" height="34" />
        <cmp x="462" y="1547" width="31" height="26" />
      </word>
      <word id="m01-131-06-01" tag="," text=",">
        <cmp x="508" y="1563" width="14" height="37" />
      </word>
      <word id="m01-131-06-02" tag="RP" text="up">
        <cmp x="560" y="1535" width="67" height="76" />
      </word>
      <word id="m01-131-06-03" tag="CC" text="and">
        <cmp x="664" y="1544" width="64" height="31" />
        <cmp x="728" y="1522" width="39" height="52" />
      </word>
      <word id="m01-131-06-04" tag="RP" text="down">
        <cmp x="789" y="1526" width="47" height="61" />
        <cmp x="836" y="1547" width="119" height="35" />
      </word>
      <word id="m01-131-06-05" tag="." text=".">
        <cmp x="983" y="1575" width="6" height="7" />
      </word>
      <upper-contour>
        <point x="357" y="1456" />
        <point x="990" y="1456" />
      </upper-contour>
    </line>
  </handwritten-part>
</form>

