<?xml version="1.0" encoding="ISO-8859-1"?>

<!DOCTYPE form SYSTEM 'http://www.iam.unibe.ch/~fki/iamdb/form-metadata.dtd'>

<form created="2002-01-24" height="3542" id="m01-095" last-modified="2002-07-17" skew="30" status="final" version="3.0_beta" width="2479" writer-id="512">
  <machine-printed-part>
    <machine-print-line text="Coming around the great mass of the Chateau Laurier, he braked to a screeching" />
    <machine-print-line text="stop. A flying saucer was tilting and dipping over the War Memorial. There was a" />
    <machine-print-line text="deep whirring sound, and a high-pitched hissing overtone that sang in his ears with" />
    <machine-print-line text="an almost painful sharpness. He reversed and turned back on McKenzie Avenue." />
  </machine-printed-part>
  <handwritten-part>
    <line ass="-500" asx="0" asy="682" character-width="999" dss="-500" dsx="0" dsy="827" fd0="13387" fd1="2527" fd2="-1357" filter-width="4" id="m01-095-00" lbs="-551" lbx="0" lby="769" segmentation="ok" slant="76000" stroke-width="5744" threshold="178" text="Coming around the great mass of the Chateau" ubs="-400" ubx="0" uby="738">
      <word id="m01-095-00-00" sentence-start="yes" tag="VBG" text="Coming">
        <cmp x="331" y="721" width="63" height="65" />
        <cmp x="359" y="726" width="9" height="23" />
        <cmp x="399" y="747" width="112" height="34" />
        <cmp x="466" y="722" width="4" height="6" />
        <cmp x="509" y="749" width="40" height="83" />
      </word>
      <word id="m01-095-00-01" tag="IN" text="around">
        <cmp x="611" y="742" width="99" height="43" />
        <cmp x="712" y="724" width="129" height="61" />
      </word>
      <word id="m01-095-00-02" tag="ATI" text="the">
        <cmp x="909" y="701" width="90" height="83" />
      </word>
      <word id="m01-095-00-03" tag="JJ" text="great">
        <cmp x="1060" y="713" width="161" height="118" />
      </word>
      <word id="m01-095-00-04" tag="NN" text="mass">
        <cmp x="1283" y="736" width="68" height="49" />
        <cmp x="1355" y="737" width="111" height="52" />
      </word>
      <word id="m01-095-00-05" tag="INO" text="of">
        <cmp x="1513" y="743" width="37" height="40" />
        <cmp x="1547" y="696" width="54" height="136" />
      </word>
      <word id="m01-095-00-06" tag="ATI" text="the">
        <cmp x="1614" y="716" width="125" height="79" />
      </word>
      <word id="m01-095-00-07" tag="NPL" text="Chateau">
        <cmp x="1822" y="718" width="100" height="71" />
        <cmp x="1923" y="753" width="33" height="34" />
        <cmp x="1963" y="714" width="51" height="75" />
        <cmp x="2022" y="748" width="110" height="45" />
      </word>
      <lower-contour>
        <point x="329" y="833" />
        <point x="2052" y="833" />
      </lower-contour>
    </line>
    <line ass="-155" asx="0" asy="879" character-width="999" dss="-155" dsx="0" dsy="1031" fd0="13375" fd1="2493" fd2="-1086" filter-width="4" id="m01-095-01" lbs="-105" lbx="0" lby="961" segmentation="ok" slant="78000" stroke-width="5760" threshold="179" text="Laurier, he braked to a screeching stop. A" ubs="-254" ubx="0" uby="921">
      <word id="m01-095-01-00" tag="NP" text="Laurier">
        <cmp x="327" y="889" width="269" height="79" />
        <cmp x="517" y="892" width="5" height="6" />
      </word>
      <word id="m01-095-01-01" tag="," text=",">
        <cmp x="647" y="946" width="33" height="57" />
      </word>
      <word id="m01-095-01-02" tag="PP3A" text="he">
        <cmp x="703" y="902" width="87" height="61" />
      </word>
      <word id="m01-095-01-03" tag="VBD" text="braked">
        <cmp x="851" y="894" width="109" height="73" />
        <cmp x="968" y="893" width="109" height="71" />
      </word>
      <word id="m01-095-01-04" tag="IN" text="to">
        <cmp x="1128" y="896" width="78" height="68" />
      </word>
      <word id="m01-095-01-05" tag="AT" text="a">
        <cmp x="1264" y="923" width="38" height="41" />
      </word>
      <word id="m01-095-01-06" tag="JJ" text="screeching">
        <cmp x="1335" y="934" width="40" height="42" />
        <cmp x="1387" y="922" width="123" height="43" />
        <cmp x="1514" y="884" width="175" height="79" />
        <cmp x="1619" y="895" width="13" height="7" />
        <cmp x="1690" y="931" width="43" height="105" />
      </word>
      <word id="m01-095-01-07" tag="NN" text="stop">
        <cmp x="1793" y="920" width="39" height="49" />
        <cmp x="1840" y="897" width="44" height="72" />
        <cmp x="1876" y="922" width="52" height="88" />
      </word>
      <word id="m01-095-01-08" tag="." text=".">
        <cmp x="1944" y="953" width="7" height="12" />
      </word>
      <word id="m01-095-01-09" sentence-start="yes" tag="AT" text="A">
        <cmp x="2009" y="901" width="42" height="64" />
      </word>
      <upper-contour>
        <point x="329" y="833" />
        <point x="2052" y="833" />
      </upper-contour>
      <lower-contour>
        <point x="349" y="1036" />
        <point x="2052" y="1036" />
      </lower-contour>
    </line>
    <line ass="110" asx="0" asy="1057" character-width="999" dss="110" dsx="0" dsy="1227" fd0="13342" fd1="2775" fd2="-1323" filter-width="4" id="m01-095-02" lbs="329" lbx="0" lby="1148" segmentation="ok" slant="89000" stroke-width="5723" threshold="178" text="flying saucer was tilting and dipping over" ubs="-327" ubx="0" uby="1103">
      <word id="m01-095-02-00" tag="JJ" text="flying">
        <cmp x="351" y="1057" width="169" height="149" />
        <cmp x="375" y="1080" width="4" height="12" />
        <cmp x="463" y="1075" width="4" height="4" />
        <cmp x="525" y="1110" width="40" height="100" />
      </word>
      <word id="m01-095-02-01" tag="NN" text="saucer">
        <cmp x="603" y="1099" width="126" height="54" />
        <cmp x="734" y="1104" width="104" height="42" />
      </word>
      <word id="m01-095-02-02" tag="BEDZ" text="was">
        <cmp x="895" y="1102" width="64" height="39" />
        <cmp x="961" y="1105" width="78" height="38" />
      </word>
      <word id="m01-095-02-03" tag="VBG" text="tilting">
        <cmp x="1090" y="1072" width="88" height="76" />
        <cmp x="1139" y="1088" width="6" height="6" />
        <cmp x="1174" y="1088" width="100" height="59" />
        <cmp x="1189" y="1081" width="5" height="8" />
        <cmp x="1219" y="1095" width="7" height="5" />
        <cmp x="1272" y="1189" width="6" height="29" />
        <cmp x="1275" y="1112" width="35" height="113" />
      </word>
      <word id="m01-095-02-04" tag="CC" text="and">
        <cmp x="1374" y="1110" width="92" height="39" />
        <cmp x="1472" y="1083" width="47" height="61" />
      </word>
      <word id="m01-095-02-05" tag="VBG" text="dipping">
        <cmp x="1579" y="1073" width="73" height="72" />
        <cmp x="1639" y="1103" width="47" height="95" />
        <cmp x="1642" y="1088" width="8" height="6" />
        <cmp x="1673" y="1102" width="121" height="89" />
        <cmp x="1744" y="1074" width="10" height="5" />
        <cmp x="1800" y="1117" width="36" height="89" />
        <cmp x="1801" y="1159" width="14" height="24" />
      </word>
      <word id="m01-095-02-06" tag="IN" text="over">
        <cmp x="1913" y="1107" width="28" height="42" />
        <cmp x="1952" y="1102" width="102" height="47" />
      </word>
      <upper-contour>
        <point x="349" y="1036" />
        <point x="2052" y="1036" />
      </upper-contour>
      <lower-contour>
        <point x="349" y="1225" />
        <point x="1766" y="1225" />
      </lower-contour>
    </line>
    <line ass="-5" asx="0" asy="1248" character-width="999" dss="-5" dsx="0" dsy="1361" fd0="13237" fd1="2454" fd2="-1234" filter-width="4" id="m01-095-03" lbs="-30" lbx="0" lby="1323" segmentation="ok" slant="80000" stroke-width="5831" threshold="179" text="the War Memorial. There was a deep" ubs="44" ubx="0" uby="1286">
      <word id="m01-095-03-00" tag="ATI" text="the">
        <cmp x="312" y="1249" width="102" height="78" />
      </word>
      <word id="m01-095-03-01" tag="NN" text="War">
        <cmp x="485" y="1273" width="65" height="56" />
        <cmp x="550" y="1292" width="61" height="37" />
      </word>
      <word id="m01-095-03-02" tag="NN" text="Memorial">
        <cmp x="684" y="1262" width="78" height="63" />
        <cmp x="766" y="1284" width="68" height="40" />
        <cmp x="839" y="1284" width="84" height="37" />
        <cmp x="907" y="1256" width="12" height="6" />
        <cmp x="934" y="1250" width="77" height="74" />
      </word>
      <word id="m01-095-03-03" tag="." text=".">
        <cmp x="1030" y="1317" width="10" height="13" />
      </word>
      <word id="m01-095-03-04" sentence-start="yes" tag="EX" text="There">
        <cmp x="1082" y="1274" width="38" height="52" />
        <cmp x="1102" y="1254" width="44" height="9" />
        <cmp x="1122" y="1261" width="133" height="61" />
      </word>
      <word id="m01-095-03-05" tag="BEDZ" text="was">
        <cmp x="1309" y="1283" width="146" height="48" />
      </word>
      <word id="m01-095-03-06" tag="AT" text="a">
        <cmp x="1495" y="1290" width="35" height="36" />
      </word>
      <word id="m01-095-03-07" tag="JJ" text="deep">
        <cmp x="1605" y="1261" width="102" height="63" />
        <cmp x="1709" y="1272" width="56" height="91" />
      </word>
      <upper-contour>
        <point x="349" y="1225" />
        <point x="1766" y="1225" />
      </upper-contour>
      <lower-contour>
        <point x="313" y="1363" />
        <point x="1766" y="1363" />
      </lower-contour>
    </line>
    <line ass="345" asx="0" asy="1422" character-width="999" dss="345" dsx="0" dsy="1601" fd0="13683" fd1="2785" fd2="-931" filter-width="4" id="m01-095-04" lbs="529" lbx="0" lby="1508" segmentation="err" slant="87000" stroke-width="5752" threshold="177" text="whirring sound, and a high-pitched hissing" ubs="-21" ubx="0" uby="1465">
      <word id="m01-095-04-00" tag="JJ" text="whirring">
        <cmp x="315" y="1452" width="55" height="48" />
        <cmp x="372" y="1420" width="278" height="153" />
        <cmp x="441" y="1420" width="8" height="8" />
        <cmp x="543" y="1440" width="5" height="4" />
      </word>
      <word id="m01-095-04-01" tag="NN" text="sound">
        <cmp x="705" y="1467" width="37" height="43" />
        <cmp x="745" y="1467" width="35" height="35" />
      </word>
      <word id="m01-095-04-02" tag="," text=",">
        <cmp x="787" y="1469" width="96" height="29" />
      </word>
      <word id="m01-095-04-03" tag="CC" text="and">
        <cmp x="902" y="1436" width="56" height="64" />
      </word>
      <word id="m01-095-04-04" tag="AT" text="a">
        <cmp x="985" y="1490" width="39" height="56" />
      </word>
      <word id="m01-095-04-05" tag="JJ" text="high-pitched">
        <cmp x="1058" y="1467" width="96" height="36" />
        <cmp x="1157" y="1441" width="44" height="58" />
        <cmp x="1239" y="1470" width="38" height="41" />
        <cmp x="1349" y="1432" width="70" height="72" />
        <cmp x="1410" y="1448" width="8" height="6" />
        <cmp x="1423" y="1424" width="84" height="140" />
        <cmp x="1533" y="1483" width="38" height="8" />
        <cmp x="1569" y="1460" width="62" height="82" />
        <cmp x="1626" y="1419" width="129" height="88" />
        <cmp x="1627" y="1431" width="7" height="8" />
        <cmp x="1757" y="1440" width="55" height="64" />
      </word>
      <word id="m01-095-04-06" tag="JJ" text="hissing">
        <cmp x="1846" y="1419" width="239" height="91" />
        <cmp x="1919" y="1434" width="8" height="5" />
        <cmp x="2031" y="1440" width="8" height="6" />
        <cmp x="2087" y="1470" width="45" height="119" />
      </word>
      <upper-contour>
        <point x="313" y="1363" />
        <point x="1766" y="1363" />
      </upper-contour>
      <lower-contour>
        <point x="318" y="1573" />
        <point x="2040" y="1573" />
      </lower-contour>
    </line>
    <line ass="-303" asx="0" asy="1591" character-width="999" dss="-303" dsx="0" dsy="1740" fd0="13288" fd1="2645" fd2="-1042" filter-width="4" id="m01-095-05" lbs="-224" lbx="0" lby="1675" segmentation="ok" slant="79000" stroke-width="5844" threshold="175" text="overtone that sang in his ears with an" ubs="-461" ubx="0" uby="1634">
      <word id="m01-095-05-00" tag="NN" text="overtone">
        <cmp x="320" y="1641" width="29" height="42" />
        <cmp x="350" y="1635" width="95" height="48" />
        <cmp x="446" y="1598" width="17" height="75" />
        <cmp x="460" y="1633" width="33" height="40" />
        <cmp x="495" y="1633" width="70" height="42" />
      </word>
      <word id="m01-095-05-01" tag="WP" text="that">
        <cmp x="644" y="1599" width="74" height="80" />
        <cmp x="726" y="1602" width="86" height="77" />
      </word>
      <word id="m01-095-05-02" tag="VBD" text="sang">
        <cmp x="845" y="1638" width="38" height="54" />
        <cmp x="886" y="1647" width="91" height="37" />
        <cmp x="972" y="1648" width="51" height="99" />
      </word>
      <word id="m01-095-05-03" tag="IN" text="in">
        <cmp x="1091" y="1644" width="95" height="39" />
        <cmp x="1130" y="1608" width="9" height="6" />
      </word>
      <word id="m01-095-05-04" tag="PP$" text="his">
        <cmp x="1246" y="1598" width="139" height="86" />
        <cmp x="1337" y="1621" width="5" height="5" />
      </word>
      <word id="m01-095-05-05" tag="NNS" text="ears">
        <cmp x="1465" y="1637" width="165" height="44" />
      </word>
      <word id="m01-095-05-06" tag="IN" text="with">
        <cmp x="1697" y="1638" width="85" height="43" />
        <cmp x="1777" y="1610" width="6" height="6" />
        <cmp x="1791" y="1600" width="79" height="89" />
      </word>
      <word id="m01-095-05-07" tag="AT" text="an">
        <cmp x="1938" y="1645" width="101" height="51" />
      </word>
      <upper-contour>
        <point x="318" y="1573" />
        <point x="2040" y="1573" />
      </upper-contour>
      <lower-contour>
        <point x="321" y="1747" />
        <point x="2040" y="1747" />
      </lower-contour>
    </line>
    <line ass="-176" asx="0" asy="1765" character-width="999" dss="-176" dsx="0" dsy="1915" fd0="13509" fd1="2592" fd2="-1377" filter-width="4" id="m01-095-06" lbs="-221" lbx="0" lby="1857" segmentation="ok" slant="83000" stroke-width="5777" threshold="178" text="almost painful sharpness. He reversed and" ubs="-87" ubx="0" uby="1820">
      <word id="m01-095-06-00" tag="RB" text="almost">
        <cmp x="323" y="1786" width="135" height="81" />
        <cmp x="471" y="1817" width="60" height="43" />
        <cmp x="540" y="1768" width="28" height="91" />
      </word>
      <word id="m01-095-06-01" tag="JJ" text="painful">
        <cmp x="625" y="1812" width="39" height="92" />
        <cmp x="664" y="1820" width="116" height="44" />
        <cmp x="724" y="1790" width="5" height="9" />
        <cmp x="800" y="1786" width="117" height="133" />
      </word>
      <word id="m01-095-06-02" tag="NN" text="sharpness">
        <cmp x="977" y="1821" width="38" height="45" />
        <cmp x="1018" y="1786" width="48" height="75" />
        <cmp x="1070" y="1814" width="83" height="44" />
        <cmp x="1154" y="1811" width="41" height="97" />
        <cmp x="1198" y="1814" width="141" height="52" />
      </word>
      <word id="m01-095-06-03" tag="." text=".">
        <cmp x="1365" y="1852" width="8" height="7" />
      </word>
      <word id="m01-095-06-04" sentence-start="yes" tag="PP3A" text="He">
        <cmp x="1427" y="1794" width="80" height="79" />
      </word>
      <word id="m01-095-06-05" tag="VBD" text="reversed">
        <cmp x="1563" y="1818" width="125" height="53" />
        <cmp x="1692" y="1817" width="71" height="47" />
        <cmp x="1776" y="1816" width="57" height="47" />
        <cmp x="1840" y="1796" width="48" height="68" />
      </word>
      <word id="m01-095-06-06" tag="CC" text="and">
        <cmp x="1975" y="1819" width="100" height="51" />
        <cmp x="2093" y="1785" width="48" height="81" />
      </word>
      <upper-contour>
        <point x="321" y="1747" />
        <point x="2040" y="1747" />
      </upper-contour>
      <lower-contour>
        <point x="325" y="1919" />
        <point x="1832" y="1919" />
      </lower-contour>
    </line>
    <line ass="-339" asx="0" asy="1946" character-width="999" dss="-339" dsx="0" dsy="2093" fd0="13391" fd1="2576" fd2="-1265" filter-width="4" id="m01-095-07" lbs="-267" lbx="0" lby="2036" segmentation="ok" slant="80000" stroke-width="5777" threshold="178" text="turned back on McKenzie Avenue." ubs="-482" ubx="0" uby="1990">
      <word id="m01-095-07-00" tag="VBD" text="turned">
        <cmp x="327" y="1955" width="188" height="86" />
        <cmp x="527" y="1970" width="49" height="72" />
      </word>
      <word id="m01-095-07-01" tag="RP" text="back">
        <cmp x="656" y="1961" width="88" height="85" />
        <cmp x="745" y="1955" width="88" height="81" />
      </word>
      <word id="m01-095-07-02" tag="IN" text="on">
        <cmp x="893" y="1999" width="38" height="47" />
        <cmp x="937" y="2002" width="39" height="40" />
      </word>
      <word id="m01-095-07-03" tag="NP" text="McKenzie">
        <cmp x="1042" y="1964" width="51" height="72" />
        <cmp x="1096" y="1998" width="41" height="43" />
        <cmp x="1198" y="1962" width="222" height="140" />
        <cmp x="1386" y="1955" width="4" height="8" />
      </word>
      <word id="m01-095-07-04" tag="NPL" text="Avenue">
        <cmp x="1516" y="1974" width="279" height="77" />
      </word>
      <word id="m01-095-07-05" tag="." text=".">
        <cmp x="1822" y="2030" width="9" height="22" />
      </word>
      <upper-contour>
        <point x="325" y="1919" />
        <point x="1832" y="1919" />
      </upper-contour>
    </line>
  </handwritten-part>
</form>

