<?xml version="1.0" encoding="ISO-8859-1"?>

<!DOCTYPE form SYSTEM 'http://www.iam.unibe.ch/~fki/iamdb/form-metadata.dtd'>

<form created="2002-01-25" height="3542" id="m01-125" last-modified="2002-07-17" skew="95" status="final" version="3.0_beta" width="2479" writer-id="516">
  <machine-printed-part>
    <machine-print-line text="So they proceeded to see if the coast was clear. The street was quiet and deserted," />
    <machine-print-line text="and there were neither sight nor sound of flying saucers. So they ventured forth and" />
    <machine-print-line text="made their way on foot to Dan&apos;s house. Dan came to the door at their ring but" />
    <machine-print-line text="neglected to offer any greeting. He was deeply preoccupied, and it seemed that the" />
    <machine-print-line text="ringing of a doorbell was to him a new and strange phenomenon." />
  </machine-printed-part>
  <handwritten-part>
    <line ass="-354" asx="0" asy="709" character-width="999" dss="-354" dsx="0" dsy="819" fd0="13034" fd1="2836" fd2="-455" filter-width="3" id="m01-125-00" lbs="-338" lbx="0" lby="792" segmentation="ok" slant="90000" stroke-width="5713" threshold="170" text="So they proceeded to see if the coast" ubs="-386" ubx="0" uby="757">
      <word id="m01-125-00-00" sentence-start="yes" tag="RB" text="So">
        <cmp x="397" y="713" width="48" height="80" />
        <cmp x="442" y="760" width="39" height="40" />
      </word>
      <word id="m01-125-00-01" tag="PP3AS" text="they">
        <cmp x="553" y="719" width="147" height="106" />
      </word>
      <word id="m01-125-00-02" tag="VBD" text="proceeded">
        <cmp x="754" y="762" width="30" height="58" />
        <cmp x="801" y="758" width="24" height="32" />
        <cmp x="837" y="764" width="23" height="27" />
        <cmp x="879" y="763" width="99" height="38" />
        <cmp x="983" y="731" width="71" height="74" />
        <cmp x="1052" y="746" width="35" height="56" />
      </word>
      <word id="m01-125-00-03" tag="TO" text="to">
        <cmp x="1171" y="734" width="64" height="63" />
      </word>
      <word id="m01-125-00-04" tag="VB" text="see">
        <cmp x="1301" y="756" width="72" height="42" />
        <cmp x="1373" y="762" width="42" height="35" />
      </word>
      <word id="m01-125-00-05" tag="CS" text="if">
        <cmp x="1468" y="764" width="13" height="42" />
        <cmp x="1473" y="739" width="26" height="22" />
        <cmp x="1516" y="721" width="27" height="95" />
      </word>
      <word id="m01-125-00-06" tag="ATI" text="the">
        <cmp x="1600" y="737" width="39" height="65" />
        <cmp x="1641" y="737" width="65" height="68" />
      </word>
      <word id="m01-125-00-07" tag="NN" text="coast">
        <cmp x="1799" y="768" width="22" height="32" />
        <cmp x="1832" y="769" width="34" height="32" />
        <cmp x="1874" y="772" width="31" height="33" />
        <cmp x="1920" y="769" width="22" height="35" />
        <cmp x="1952" y="750" width="36" height="54" />
      </word>
      <lower-contour>
        <point x="395" y="825" />
        <point x="1863" y="825" />
      </lower-contour>
    </line>
    <line ass="110" asx="0" asy="896" character-width="999" dss="110" dsx="0" dsy="1006" fd0="13104" fd1="2695" fd2="-463" filter-width="3" id="m01-125-01" lbs="176" lbx="0" lby="980" segmentation="ok" slant="90000" stroke-width="5585" threshold="170" text="was clear. The street was quiet and" ubs="-20" ubx="0" uby="940">
      <word id="m01-125-01-00" tag="BEDZ" text="was">
        <cmp x="385" y="932" width="38" height="46" />
        <cmp x="426" y="944" width="33" height="32" />
        <cmp x="469" y="938" width="19" height="42" />
      </word>
      <word id="m01-125-01-01" tag="JJ" text="clear">
        <cmp x="549" y="895" width="164" height="91" />
      </word>
      <word id="m01-125-01-02" tag="." text=".">
        <cmp x="738" y="966" width="7" height="10" />
      </word>
      <word id="m01-125-01-03" sentence-start="yes" tag="ATI" text="The">
        <cmp x="808" y="923" width="112" height="59" />
      </word>
      <word id="m01-125-01-04" tag="NN" text="street">
        <cmp x="1003" y="932" width="21" height="38" />
        <cmp x="1037" y="913" width="105" height="71" />
        <cmp x="1138" y="910" width="37" height="72" />
      </word>
      <word id="m01-125-01-05" tag="BEDZ" text="was">
        <cmp x="1251" y="934" width="75" height="49" />
        <cmp x="1328" y="947" width="33" height="33" />
        <cmp x="1368" y="939" width="24" height="39" />
      </word>
      <word id="m01-125-01-06" tag="JJ" text="quiet">
        <cmp x="1459" y="935" width="37" height="69" />
        <cmp x="1508" y="943" width="68" height="31" />
        <cmp x="1562" y="924" width="13" height="18" />
        <cmp x="1589" y="947" width="21" height="27" />
        <cmp x="1623" y="916" width="18" height="57" />
      </word>
      <word id="m01-125-01-07" tag="CC" text="and">
        <cmp x="1740" y="941" width="82" height="34" />
        <cmp x="1823" y="924" width="39" height="57" />
      </word>
      <upper-contour>
        <point x="395" y="825" />
        <point x="1863" y="825" />
      </upper-contour>
      <lower-contour>
        <point x="383" y="1004" />
        <point x="1863" y="1004" />
      </lower-contour>
    </line>
    <line ass="174" asx="0" asy="1092" character-width="999" dss="174" dsx="0" dsy="1227" fd0="12764" fd1="2772" fd2="49" filter-width="4" id="m01-125-02" lbs="199" lbx="0" lby="1155" segmentation="err" slant="96000" stroke-width="5729" threshold="168" text="deserted, and there were neither sight" ubs="126" ubx="0" uby="1123">
      <word id="m01-125-02-00" tag="JJ" text="deserted">
        <cmp x="385" y="1091" width="70" height="70" />
        <cmp x="460" y="1117" width="29" height="45" />
        <cmp x="517" y="1092" width="77" height="67" />
        <cmp x="612" y="1091" width="85" height="69" />
      </word>
      <word id="m01-125-02-01" tag="," text=",">
        <cmp x="798" y="1112" width="98" height="38" />
      </word>
      <word id="m01-125-02-02" tag="CC" text="and">
        <cmp x="902" y="1097" width="44" height="50" />
      </word>
      <word id="m01-125-02-03" tag="EX" text="there">
        <cmp x="1032" y="1092" width="48" height="67" />
        <cmp x="1086" y="1100" width="143" height="53" />
      </word>
      <word id="m01-125-02-04" tag="BED" text="were">
        <cmp x="1318" y="1110" width="164" height="40" />
      </word>
      <word id="m01-125-02-05" tag="DTX" text="neither">
        <cmp x="1539" y="1114" width="100" height="37" />
        <cmp x="1629" y="1105" width="13" height="11" />
        <cmp x="1663" y="1090" width="28" height="63" />
        <cmp x="1703" y="1098" width="107" height="60" />
      </word>
      <word id="m01-125-02-06" tag="NN" text="sight">
        <cmp x="1899" y="1120" width="22" height="39" />
        <cmp x="1939" y="1135" width="12" height="27" />
        <cmp x="1950" y="1109" width="15" height="21" />
        <cmp x="1962" y="1133" width="25" height="88" />
        <cmp x="2009" y="1116" width="46" height="58" />
        <cmp x="2078" y="1126" width="16" height="54" />
      </word>
      <upper-contour>
        <point x="383" y="1004" />
        <point x="1863" y="1004" />
      </upper-contour>
      <lower-contour>
        <point x="411" y="1223" />
        <point x="2076" y="1223" />
      </lower-contour>
    </line>
    <line ass="-580" asx="0" asy="1257" character-width="999" dss="-580" dsx="0" dsy="1373" fd0="13174" fd1="3112" fd2="615" filter-width="3" id="m01-125-03" lbs="-554" lbx="0" lby="1328" segmentation="ok" slant="91000" stroke-width="5606" threshold="171" text="nor sound of flying saucers. So they" ubs="-633" ubx="0" uby="1298">
      <word id="m01-125-03-00" tag="CC" text="nor">
        <cmp x="413" y="1302" width="49" height="41" />
        <cmp x="467" y="1305" width="79" height="35" />
      </word>
      <word id="m01-125-03-01" tag="NN" text="sound">
        <cmp x="612" y="1293" width="19" height="34" />
        <cmp x="649" y="1296" width="131" height="31" />
        <cmp x="784" y="1278" width="46" height="51" />
      </word>
      <word id="m01-125-03-02" tag="INO" text="of">
        <cmp x="909" y="1297" width="30" height="39" />
        <cmp x="968" y="1268" width="22" height="77" />
      </word>
      <word id="m01-125-03-03" tag="JJ" text="flying">
        <cmp x="1054" y="1271" width="34" height="93" />
        <cmp x="1106" y="1280" width="75" height="98" />
        <cmp x="1214" y="1305" width="12" height="42" />
        <cmp x="1223" y="1293" width="9" height="9" />
        <cmp x="1248" y="1316" width="54" height="23" />
        <cmp x="1318" y="1306" width="22" height="71" />
      </word>
      <word id="m01-125-03-04" tag="NNS" text="saucers">
        <cmp x="1403" y="1301" width="18" height="43" />
        <cmp x="1432" y="1314" width="104" height="30" />
        <cmp x="1548" y="1307" width="90" height="37" />
        <cmp x="1661" y="1304" width="23" height="38" />
      </word>
      <word id="m01-125-03-05" tag="." text=".">
        <cmp x="1701" y="1307" width="24" height="22" />
        <cmp x="1706" y="1335" width="9" height="13" />
      </word>
      <word id="m01-125-03-06" sentence-start="yes" tag="RB" text="So">
        <cmp x="1774" y="1276" width="26" height="69" />
        <cmp x="1820" y="1319" width="33" height="29" />
      </word>
      <word id="m01-125-03-07" tag="PP3AS" text="they">
        <cmp x="1910" y="1289" width="165" height="106" />
      </word>
      <upper-contour>
        <point x="411" y="1223" />
        <point x="2076" y="1223" />
      </upper-contour>
      <lower-contour>
        <point x="411" y="1396" />
        <point x="2076" y="1396" />
      </lower-contour>
    </line>
    <line ass="-757" asx="0" asy="1433" character-width="999" dss="-757" dsx="0" dsy="1540" fd0="12929" fd1="3536" fd2="310" filter-width="3" id="m01-125-04" lbs="-771" lbx="0" lby="1507" segmentation="ok" slant="94000" stroke-width="5662" threshold="169" text="ventured forth and made their way on" ubs="-728" ubx="0" uby="1480">
      <word id="m01-125-04-00" tag="VBD" text="ventured">
        <cmp x="404" y="1474" width="127" height="44" />
        <cmp x="542" y="1451" width="153" height="68" />
        <cmp x="704" y="1480" width="28" height="41" />
      </word>
      <word id="m01-125-04-01" tag="RP" text="forth">
        <cmp x="853" y="1446" width="27" height="82" />
        <cmp x="884" y="1485" width="79" height="30" />
        <cmp x="973" y="1456" width="71" height="63" />
      </word>
      <word id="m01-125-04-02" tag="CC" text="and">
        <cmp x="1103" y="1486" width="79" height="33" />
        <cmp x="1185" y="1479" width="41" height="43" />
      </word>
      <word id="m01-125-04-03" tag="VBD" text="made">
        <cmp x="1291" y="1492" width="84" height="36" />
        <cmp x="1383" y="1505" width="34" height="27" />
        <cmp x="1423" y="1486" width="81" height="47" />
      </word>
      <word id="m01-125-04-04" tag="PP$" text="their">
        <cmp x="1570" y="1466" width="167" height="61" />
        <cmp x="1727" y="1483" width="9" height="11" />
        <cmp x="1762" y="1500" width="20" height="25" />
      </word>
      <word id="m01-125-04-05" tag="NN" text="way">
        <cmp x="1868" y="1503" width="85" height="31" />
        <cmp x="1962" y="1500" width="47" height="41" />
        <cmp x="2033" y="1503" width="34" height="64" />
      </word>
      <word id="m01-125-04-06" tag="IN" text="on">
        <cmp x="2108" y="1497" width="24" height="36" />
        <cmp x="2142" y="1503" width="49" height="37" />
      </word>
      <upper-contour>
        <point x="411" y="1396" />
        <point x="2076" y="1396" />
      </upper-contour>
      <lower-contour>
        <point x="420" y="1543" />
        <point x="2007" y="1543" />
      </lower-contour>
    </line>
    <line ass="-538" asx="0" asy="1612" character-width="999" dss="-538" dsx="0" dsy="1718" fd0="13197" fd1="3361" fd2="290" filter-width="3" id="m01-125-05" lbs="-538" lbx="0" lby="1685" segmentation="ok" slant="90000" stroke-width="5400" threshold="167" text="foot to Dan&apos;s house. Dan came" ubs="-539" ubx="0" uby="1661">
      <word id="m01-125-05-00" tag="NN" text="foot">
        <cmp x="422" y="1621" width="19" height="101" />
        <cmp x="447" y="1664" width="32" height="30" />
        <cmp x="488" y="1664" width="34" height="30" />
        <cmp x="539" y="1632" width="34" height="65" />
      </word>
      <word id="m01-125-05-01" tag="IN" text="to">
        <cmp x="647" y="1636" width="24" height="52" />
        <cmp x="679" y="1660" width="27" height="24" />
      </word>
      <word id="m01-125-05-02" tag="NP$" text="Dan&apos;s">
        <cmp x="822" y="1621" width="57" height="73" />
        <cmp x="885" y="1662" width="56" height="40" />
        <cmp x="950" y="1680" width="63" height="13" />
        <cmp x="1019" y="1628" width="10" height="21" />
        <cmp x="1041" y="1667" width="21" height="41" />
      </word>
      <word id="m01-125-05-03" tag="NN" text="house">
        <cmp x="1125" y="1629" width="58" height="65" />
        <cmp x="1195" y="1665" width="107" height="34" />
        <cmp x="1305" y="1666" width="66" height="33" />
      </word>
      <word id="m01-125-05-04" tag="." text=".">
        <cmp x="1393" y="1697" width="9" height="7" />
      </word>
      <word id="m01-125-05-05" sentence-start="yes" tag="NP" text="Dan">
        <cmp x="1490" y="1626" width="65" height="68" />
        <cmp x="1500" y="1649" width="16" height="34" />
        <cmp x="1572" y="1669" width="118" height="40" />
      </word>
      <word id="m01-125-05-06" tag="VBD" text="came">
        <cmp x="1749" y="1666" width="36" height="40" />
        <cmp x="1810" y="1674" width="31" height="28" />
        <cmp x="1842" y="1674" width="28" height="27" />
        <cmp x="1876" y="1668" width="130" height="42" />
      </word>
      <upper-contour>
        <point x="420" y="1543" />
        <point x="2007" y="1543" />
      </upper-contour>
      <lower-contour>
        <point x="423" y="1721" />
        <point x="2007" y="1721" />
      </lower-contour>
    </line>
    <line ass="-1357" asx="0" asy="1777" character-width="999" dss="-1357" dsx="0" dsy="1903" fd0="13138" fd1="2955" fd2="-35" filter-width="4" id="m01-125-06" lbs="-1400" lbx="0" lby="1848" segmentation="ok" slant="90000" stroke-width="5736" threshold="166" text="to the door at their ring but neglected" ubs="-1273" ubx="0" uby="1820">
      <word id="m01-125-06-00" tag="IN" text="to">
        <cmp x="425" y="1801" width="50" height="66" />
      </word>
      <word id="m01-125-06-01" tag="ATI" text="the">
        <cmp x="529" y="1800" width="28" height="61" />
        <cmp x="561" y="1803" width="60" height="62" />
      </word>
      <word id="m01-125-06-02" tag="NN" text="door">
        <cmp x="699" y="1815" width="43" height="54" />
        <cmp x="759" y="1841" width="28" height="27" />
        <cmp x="792" y="1839" width="69" height="25" />
      </word>
      <word id="m01-125-06-03" tag="IN" text="at">
        <cmp x="969" y="1838" width="45" height="37" />
        <cmp x="1034" y="1808" width="24" height="69" />
      </word>
      <word id="m01-125-06-04" tag="PP$" text="their">
        <cmp x="1124" y="1812" width="29" height="67" />
        <cmp x="1158" y="1808" width="100" height="70" />
        <cmp x="1242" y="1829" width="5" height="10" />
        <cmp x="1268" y="1848" width="27" height="24" />
      </word>
      <word id="m01-125-06-05" tag="NN" text="ring">
        <cmp x="1403" y="1852" width="48" height="33" />
        <cmp x="1441" y="1828" width="14" height="18" />
        <cmp x="1465" y="1858" width="55" height="24" />
        <cmp x="1522" y="1850" width="24" height="73" />
      </word>
      <word id="m01-125-06-06" tag="CC" text="but">
        <cmp x="1645" y="1816" width="35" height="72" />
        <cmp x="1689" y="1853" width="42" height="28" />
        <cmp x="1747" y="1822" width="26" height="56" />
      </word>
      <word id="m01-125-06-07" tag="VBD" text="neglected">
        <cmp x="1853" y="1867" width="83" height="36" />
        <cmp x="1939" y="1851" width="77" height="99" />
        <cmp x="2025" y="1870" width="29" height="33" />
        <cmp x="2066" y="1843" width="50" height="57" />
        <cmp x="2115" y="1842" width="39" height="60" />
      </word>
      <upper-contour>
        <point x="423" y="1721" />
        <point x="2007" y="1721" />
      </upper-contour>
      <lower-contour>
        <point x="423" y="1951" />
        <point x="2008" y="1951" />
      </lower-contour>
    </line>
    <line ass="-811" asx="0" asy="1958" character-width="999" dss="-811" dsx="0" dsy="2108" fd0="12953" fd1="2420" fd2="-640" filter-width="4" id="m01-125-07" lbs="-726" lbx="0" lby="2044" segmentation="ok" slant="90000" stroke-width="5744" threshold="170" text="to offer any greeting. He was deeply" ubs="-981" ubx="0" uby="2004">
      <word id="m01-125-07-00" tag="TO" text="to">
        <cmp x="411" y="1977" width="32" height="79" />
        <cmp x="448" y="2012" width="30" height="39" />
      </word>
      <word id="m01-125-07-01" tag="VB" text="offer">
        <cmp x="535" y="2013" width="34" height="37" />
        <cmp x="586" y="1967" width="99" height="105" />
      </word>
      <word id="m01-125-07-02" tag="DTI" text="any">
        <cmp x="780" y="1999" width="140" height="105" />
      </word>
      <word id="m01-125-07-03" tag="NN" text="greeting">
        <cmp x="1020" y="2019" width="129" height="105" />
        <cmp x="1161" y="1991" width="53" height="70" />
        <cmp x="1198" y="2001" width="15" height="19" />
        <cmp x="1240" y="2048" width="40" height="8" />
        <cmp x="1299" y="2029" width="22" height="67" />
      </word>
      <word id="m01-125-07-04" tag="." text=".">
        <cmp x="1356" y="2046" width="10" height="9" />
      </word>
      <word id="m01-125-07-05" sentence-start="yes" tag="PP3A" text="He">
        <cmp x="1423" y="1998" width="34" height="65" />
        <cmp x="1467" y="1999" width="52" height="63" />
      </word>
      <word id="m01-125-07-06" tag="BEDZ" text="was">
        <cmp x="1567" y="2029" width="98" height="36" />
        <cmp x="1678" y="2029" width="26" height="42" />
      </word>
      <word id="m01-125-07-07" tag="RB" text="deeply">
        <cmp x="1783" y="1996" width="224" height="100" />
      </word>
      <upper-contour>
        <point x="423" y="1951" />
        <point x="2008" y="1951" />
      </upper-contour>
      <lower-contour>
        <point x="424" y="2124" />
        <point x="2008" y="2124" />
      </lower-contour>
    </line>
    <line ass="-521" asx="0" asy="2152" character-width="999" dss="-521" dsx="0" dsy="2273" fd0="13059" fd1="2713" fd2="-431" filter-width="3" id="m01-125-08" lbs="-550" lbx="0" lby="2228" segmentation="ok" slant="90000" stroke-width="5585" threshold="171" text="preoccupied, and it seemed that the" ubs="-463" ubx="0" uby="2199">
      <word id="m01-125-08-00" tag="JJ" text="preoccupied">
        <cmp x="426" y="2202" width="44" height="75" />
        <cmp x="480" y="2207" width="67" height="34" />
        <cmp x="568" y="2203" width="35" height="34" />
        <cmp x="620" y="2203" width="38" height="33" />
        <cmp x="668" y="2198" width="25" height="33" />
        <cmp x="706" y="2194" width="92" height="69" />
        <cmp x="822" y="2172" width="18" height="35" />
        <cmp x="825" y="2209" width="8" height="23" />
        <cmp x="848" y="2205" width="30" height="27" />
        <cmp x="881" y="2191" width="31" height="41" />
      </word>
      <word id="m01-125-08-01" tag="," text=",">
        <cmp x="946" y="2213" width="9" height="39" />
      </word>
      <word id="m01-125-08-02" tag="CC" text="and">
        <cmp x="1057" y="2196" width="100" height="39" />
        <cmp x="1157" y="2182" width="36" height="50" />
      </word>
      <word id="m01-125-08-03" tag="PP3" text="it">
        <cmp x="1259" y="2210" width="30" height="27" />
        <cmp x="1290" y="2185" width="8" height="14" />
        <cmp x="1311" y="2181" width="32" height="62" />
      </word>
      <word id="m01-125-08-04" tag="VBD" text="seemed">
        <cmp x="1483" y="2204" width="229" height="48" />
        <cmp x="1714" y="2181" width="23" height="66" />
      </word>
      <word id="m01-125-08-05" tag="CS" text="that">
        <cmp x="1808" y="2201" width="38" height="62" />
        <cmp x="1858" y="2181" width="49" height="70" />
        <cmp x="1919" y="2215" width="27" height="35" />
        <cmp x="1964" y="2172" width="30" height="84" />
      </word>
      <word id="m01-125-08-06" tag="ATI" text="the">
        <cmp x="2050" y="2172" width="125" height="76" />
      </word>
      <upper-contour>
        <point x="424" y="2124" />
        <point x="2008" y="2124" />
      </upper-contour>
      <lower-contour>
        <point x="425" y="2276" />
        <point x="2073" y="2276" />
      </lower-contour>
    </line>
    <line ass="-731" asx="0" asy="2315" character-width="999" dss="-731" dsx="0" dsy="2454" fd0="12723" fd1="2876" fd2="-83" filter-width="3" id="m01-125-09" lbs="-728" lbx="0" lby="2398" segmentation="ok" slant="94000" stroke-width="5683" threshold="169" text="ringing of a doorbell was to him" ubs="-736" ubx="0" uby="2366">
      <word id="m01-125-09-00" tag="NN" text="ringing">
        <cmp x="427" y="2353" width="65" height="52" />
        <cmp x="472" y="2337" width="12" height="27" />
        <cmp x="501" y="2389" width="46" height="18" />
        <cmp x="545" y="2372" width="28" height="89" />
        <cmp x="587" y="2376" width="10" height="19" />
        <cmp x="591" y="2345" width="15" height="17" />
        <cmp x="614" y="2376" width="43" height="18" />
        <cmp x="666" y="2363" width="21" height="84" />
      </word>
      <word id="m01-125-09-01" tag="INO" text="of">
        <cmp x="777" y="2374" width="23" height="33" />
        <cmp x="817" y="2332" width="21" height="105" />
      </word>
      <word id="m01-125-09-02" tag="AT" text="a">
        <cmp x="957" y="2380" width="37" height="31" />
      </word>
      <word id="m01-125-09-03" tag="NN" text="doorbell">
        <cmp x="1114" y="2337" width="40" height="76" />
        <cmp x="1168" y="2374" width="32" height="35" />
        <cmp x="1203" y="2332" width="119" height="82" />
        <cmp x="1328" y="2332" width="108" height="94" />
      </word>
      <word id="m01-125-09-04" tag="BEDZ" text="was">
        <cmp x="1526" y="2379" width="74" height="39" />
        <cmp x="1607" y="2382" width="29" height="36" />
        <cmp x="1662" y="2383" width="22" height="36" />
      </word>
      <word id="m01-125-09-05" tag="IN" text="to">
        <cmp x="1763" y="2353" width="52" height="73" />
      </word>
      <word id="m01-125-09-06" tag="PP3O" text="him">
        <cmp x="1895" y="2353" width="87" height="66" />
        <cmp x="1966" y="2357" width="16" height="17" />
        <cmp x="2001" y="2400" width="71" height="33" />
      </word>
      <upper-contour>
        <point x="425" y="2276" />
        <point x="2073" y="2276" />
      </upper-contour>
      <lower-contour>
        <point x="425" y="2461" />
        <point x="1764" y="2461" />
      </lower-contour>
    </line>
    <line ass="391" asx="0" asy="2543" character-width="999" dss="391" dsx="0" dsy="2653" fd0="13659" fd1="3053" fd2="-39" filter-width="4" id="m01-125-10" lbs="367" lbx="0" lby="2604" segmentation="ok" slant="90000" stroke-width="5790" threshold="169" text="a new and strange phenomenon." ubs="440" ubx="0" uby="2574">
      <word id="m01-125-10-00" tag="AT" text="a">
        <cmp x="426" y="2574" width="35" height="40" />
      </word>
      <word id="m01-125-10-01" tag="JJ" text="new">
        <cmp x="514" y="2574" width="85" height="32" />
        <cmp x="603" y="2567" width="47" height="34" />
      </word>
      <word id="m01-125-10-02" tag="CC" text="and">
        <cmp x="734" y="2562" width="45" height="36" />
        <cmp x="782" y="2562" width="32" height="33" />
        <cmp x="823" y="2545" width="42" height="50" />
      </word>
      <word id="m01-125-10-03" tag="JJ" text="strange">
        <cmp x="928" y="2550" width="29" height="45" />
        <cmp x="973" y="2537" width="52" height="57" />
        <cmp x="1033" y="2561" width="59" height="30" />
        <cmp x="1095" y="2562" width="51" height="84" />
      </word>
      <word id="m01-125-10-04" tag="NN" text="phenomenon">
        <cmp x="1199" y="2562" width="34" height="55" />
        <cmp x="1248" y="2537" width="69" height="60" />
        <cmp x="1318" y="2562" width="47" height="31" />
        <cmp x="1380" y="2564" width="23" height="31" />
        <cmp x="1426" y="2560" width="77" height="34" />
        <cmp x="1517" y="2561" width="84" height="38" />
        <cmp x="1607" y="2567" width="28" height="32" />
        <cmp x="1643" y="2572" width="48" height="30" />
      </word>
      <word id="m01-125-10-05" tag="." text=".">
        <cmp x="1736" y="2612" width="27" height="10" />
      </word>
      <upper-contour>
        <point x="425" y="2461" />
        <point x="1764" y="2461" />
      </upper-contour>
    </line>
  </handwritten-part>
</form>

