<?xml version="1.0" encoding="ISO-8859-1"?>

<!DOCTYPE form SYSTEM 'http://www.iam.unibe.ch/~fki/iamdb/form-metadata.dtd'>

<form created="2002-01-25" height="3542" id="m01-160" last-modified="2002-07-17" skew="95" status="final" version="3.0_beta" width="2479" writer-id="519">
  <machine-printed-part>
    <machine-print-line text="After a long wait a bus appeared and they followed the beaming Dan aboard, taking" />
    <machine-print-line text="seats some rows behind him. Steve was beginning to find the stereotyped, flattish," />
    <machine-print-line text="happy faces very disconcerting; and looking at Heather he found a welcome relief in" />
    <machine-print-line text="her relatively long doleful one." />
  </machine-printed-part>
  <handwritten-part>
    <line ass="-502" asx="0" asy="691" character-width="999" dss="-502" dsx="0" dsy="797" fd0="14511" fd1="1939" fd2="-1813" filter-width="3" id="m01-160-00" lbs="-539" lbx="0" lby="768" segmentation="ok" slant="66000" stroke-width="5361" threshold="186" text="After a long wait a bus appeared and they" ubs="-429" ubx="0" uby="738">
      <word id="m01-160-00-00" sentence-start="yes" tag="IN" text="After">
        <cmp x="361" y="698" width="164" height="92" />
        <cmp x="372" y="737" width="4" height="6" />
      </word>
      <word id="m01-160-00-01" tag="AT" text="a">
        <cmp x="545" y="735" width="55" height="47" />
      </word>
      <word id="m01-160-00-02" tag="JJ" text="long">
        <cmp x="636" y="701" width="166" height="95" />
        <cmp x="693" y="700" width="7" height="8" />
      </word>
      <word id="m01-160-00-03" tag="NN" text="wait">
        <cmp x="831" y="736" width="79" height="54" />
        <cmp x="911" y="762" width="5" height="8" />
        <cmp x="914" y="741" width="95" height="48" />
        <cmp x="989" y="717" width="12" height="10" />
        <cmp x="1010" y="703" width="38" height="75" />
      </word>
      <word id="m01-160-00-04" tag="AT" text="a">
        <cmp x="1067" y="743" width="48" height="41" />
      </word>
      <word id="m01-160-00-05" tag="NN" text="bus">
        <cmp x="1153" y="701" width="74" height="83" />
        <cmp x="1207" y="744" width="81" height="40" />
      </word>
      <word id="m01-160-00-06" tag="VBD" text="appeared">
        <cmp x="1330" y="748" width="37" height="40" />
        <cmp x="1355" y="759" width="4" height="4" />
        <cmp x="1357" y="738" width="115" height="72" />
        <cmp x="1444" y="737" width="103" height="45" />
        <cmp x="1548" y="739" width="83" height="48" />
        <cmp x="1629" y="711" width="41" height="70" />
      </word>
      <word id="m01-160-00-07" tag="CC" text="and">
        <cmp x="1717" y="746" width="58" height="46" />
        <cmp x="1772" y="747" width="78" height="42" />
        <cmp x="1846" y="711" width="41" height="80" />
      </word>
      <word id="m01-160-00-08" tag="PP3AS" text="they">
        <cmp x="1903" y="708" width="157" height="97" />
      </word>
      <lower-contour>
        <point x="359" y="810" />
        <point x="1890" y="810" />
      </lower-contour>
    </line>
    <line ass="-15" asx="0" asy="877" character-width="999" dss="-15" dsx="0" dsy="991" fd0="14513" fd1="2670" fd2="-1656" filter-width="3" id="m01-160-01" lbs="-32" lbx="0" lby="963" segmentation="ok" slant="66000" stroke-width="5398" threshold="183" text="followed the beaming Dan aboard, taking" ubs="18" ubx="0" uby="935">
      <word id="m01-160-01-00" tag="VBD" text="followed">
        <cmp x="329" y="878" width="134" height="115" />
        <cmp x="452" y="892" width="4" height="5" />
        <cmp x="461" y="884" width="93" height="81" />
        <cmp x="552" y="918" width="63" height="46" />
        <cmp x="613" y="879" width="38" height="77" />
      </word>
      <word id="m01-160-01-01" tag="ATI" text="the">
        <cmp x="672" y="883" width="116" height="89" />
      </word>
      <word id="m01-160-01-02" tag="JJ" text="beaming">
        <cmp x="831" y="890" width="85" height="81" />
        <cmp x="888" y="925" width="227" height="61" />
        <cmp x="1028" y="893" width="14" height="11" />
      </word>
      <word id="m01-160-01-03" tag="NP" text="Dan">
        <cmp x="1167" y="886" width="64" height="79" />
        <cmp x="1217" y="934" width="41" height="31" />
        <cmp x="1219" y="940" width="5" height="4" />
        <cmp x="1255" y="934" width="22" height="29" />
        <cmp x="1278" y="932" width="38" height="28" />
      </word>
      <word id="m01-160-01-04" tag="RP" text="aboard">
        <cmp x="1356" y="933" width="64" height="37" />
        <cmp x="1420" y="890" width="91" height="77" />
        <cmp x="1502" y="926" width="88" height="36" />
        <cmp x="1588" y="886" width="38" height="75" />
      </word>
      <word id="m01-160-01-05" tag="," text=",">
        <cmp x="1623" y="953" width="22" height="32" />
      </word>
      <word id="m01-160-01-06" tag="VBG" text="taking">
        <cmp x="1665" y="889" width="224" height="100" />
        <cmp x="1841" y="904" width="9" height="11" />
      </word>
      <upper-contour>
        <point x="359" y="810" />
        <point x="1890" y="810" />
      </upper-contour>
      <lower-contour>
        <point x="333" y="992" />
        <point x="1890" y="992" />
      </lower-contour>
    </line>
    <line ass="397" asx="0" asy="1060" character-width="999" dss="397" dsx="0" dsy="1160" fd0="14595" fd1="2956" fd2="-1277" filter-width="3" id="m01-160-02" lbs="526" lbx="0" lby="1152" segmentation="ok" slant="64000" stroke-width="5401" threshold="181" text="seats some rows behind him. Steve was" ubs="140" ubx="0" uby="1111">
      <word id="m01-160-02-00" tag="NNS" text="seats">
        <cmp x="335" y="1100" width="82" height="49" />
        <cmp x="408" y="1097" width="6" height="6" />
        <cmp x="415" y="1107" width="35" height="35" />
        <cmp x="448" y="1103" width="23" height="41" />
        <cmp x="481" y="1058" width="45" height="90" />
      </word>
      <word id="m01-160-02-01" tag="DTI" text="some">
        <cmp x="579" y="1104" width="78" height="47" />
        <cmp x="657" y="1099" width="96" height="52" />
      </word>
      <word id="m01-160-02-02" tag="NNS" text="rows">
        <cmp x="796" y="1116" width="137" height="40" />
        <cmp x="928" y="1110" width="40" height="41" />
      </word>
      <word id="m01-160-02-03" tag="IN" text="behind">
        <cmp x="1001" y="1063" width="80" height="83" />
        <cmp x="1081" y="1130" width="7" height="5" />
        <cmp x="1089" y="1058" width="141" height="82" />
        <cmp x="1135" y="1069" width="4" height="6" />
        <cmp x="1180" y="1076" width="11" height="10" />
        <cmp x="1231" y="1061" width="36" height="74" />
      </word>
      <word id="m01-160-02-04" tag="PP3O" text="him">
        <cmp x="1284" y="1058" width="97" height="88" />
        <cmp x="1364" y="1064" width="3" height="3" />
        <cmp x="1388" y="1109" width="74" height="33" />
        <cmp x="1395" y="1081" width="14" height="14" />
      </word>
      <word id="m01-160-02-05" tag="." text=".">
        <cmp x="1491" y="1129" width="5" height="7" />
      </word>
      <word id="m01-160-02-06" sentence-start="yes" tag="NP" text="Steve">
        <cmp x="1519" y="1058" width="128" height="86" />
        <cmp x="1644" y="1101" width="28" height="35" />
        <cmp x="1674" y="1088" width="39" height="53" />
      </word>
      <word id="m01-160-02-07" tag="BEDZ" text="was">
        <cmp x="1738" y="1133" width="7" height="6" />
        <cmp x="1743" y="1129" width="3" height="3" />
        <cmp x="1747" y="1096" width="59" height="44" />
        <cmp x="1815" y="1094" width="77" height="41" />
      </word>
      <upper-contour>
        <point x="333" y="992" />
        <point x="1890" y="992" />
      </upper-contour>
      <lower-contour>
        <point x="333" y="1156" />
        <point x="1893" y="1156" />
      </lower-contour>
    </line>
    <line ass="167" asx="0" asy="1230" character-width="999" dss="167" dsx="0" dsy="1364" fd0="14395" fd1="1672" fd2="-1847" filter-width="3" id="m01-160-03" lbs="242" lbx="0" lby="1330" segmentation="ok" slant="63000" stroke-width="5610" threshold="184" text="beginning to find the stereotyped, flattish, happy" ubs="16" ubx="0" uby="1293">
      <word id="m01-160-03-00" tag="VBG" text="beginning">
        <cmp x="320" y="1242" width="94" height="90" />
        <cmp x="415" y="1287" width="61" height="77" />
        <cmp x="473" y="1260" width="12" height="16" />
        <cmp x="476" y="1281" width="170" height="65" />
        <cmp x="579" y="1265" width="6" height="7" />
      </word>
      <word id="m01-160-03-01" tag="TO" text="to">
        <cmp x="681" y="1246" width="73" height="80" />
        <cmp x="752" y="1284" width="17" height="19" />
      </word>
      <word id="m01-160-03-02" tag="VB" text="find">
        <cmp x="792" y="1227" width="121" height="112" />
        <cmp x="912" y="1243" width="39" height="73" />
      </word>
      <word id="m01-160-03-03" tag="ATI" text="the">
        <cmp x="972" y="1235" width="112" height="93" />
      </word>
      <word id="m01-160-03-04" tag="JJ" text="stereotyped">
        <cmp x="1132" y="1229" width="385" height="131" />
        <cmp x="1353" y="1350" width="3" height="5" />
      </word>
      <word id="m01-160-03-05" tag="," text=",">
        <cmp x="1515" y="1302" width="15" height="30" />
      </word>
      <word id="m01-160-03-06" tag="JJ" text="flattish">
        <cmp x="1562" y="1235" width="130" height="107" />
        <cmp x="1683" y="1243" width="3" height="3" />
        <cmp x="1690" y="1237" width="74" height="78" />
        <cmp x="1766" y="1233" width="67" height="79" />
        <cmp x="1769" y="1250" width="7" height="9" />
      </word>
      <word id="m01-160-03-07" tag="," text=",">
        <cmp x="1835" y="1305" width="19" height="28" />
      </word>
      <word id="m01-160-03-08" tag="JJ" text="happy">
        <cmp x="1867" y="1226" width="121" height="91" />
        <cmp x="1974" y="1275" width="54" height="66" />
        <cmp x="2002" y="1274" width="99" height="86" />
      </word>
      <upper-contour>
        <point x="333" y="1156" />
        <point x="1893" y="1156" />
      </upper-contour>
      <lower-contour>
        <point x="318" y="1363" />
        <point x="1926" y="1363" />
      </lower-contour>
    </line>
    <line ass="502" asx="0" asy="1419" character-width="999" dss="502" dsx="0" dsy="1541" fd0="14689" fd1="1655" fd2="-1747" filter-width="3" id="m01-160-04" lbs="547" lbx="0" lby="1515" segmentation="ok" slant="62000" stroke-width="5396" threshold="183" text="faces very disconcerting; and looking at" ubs="412" ubx="0" uby="1480">
      <word id="m01-160-04-00" tag="NNS" text="faces">
        <cmp x="316" y="1426" width="95" height="105" />
        <cmp x="392" y="1416" width="7" height="11" />
        <cmp x="399" y="1458" width="120" height="51" />
      </word>
      <word id="m01-160-04-01" tag="QL" text="very">
        <cmp x="561" y="1457" width="189" height="73" />
      </word>
      <word id="m01-160-04-02" tag="JJ" text="disconcerting">
        <cmp x="803" y="1464" width="37" height="43" />
        <cmp x="827" y="1424" width="57" height="81" />
        <cmp x="873" y="1447" width="287" height="55" />
        <cmp x="910" y="1428" width="12" height="11" />
        <cmp x="1136" y="1409" width="123" height="118" />
        <cmp x="1196" y="1430" width="10" height="8" />
      </word>
      <word id="m01-160-04-03" tag=";" text=";">
        <cmp x="1277" y="1493" width="26" height="33" />
        <cmp x="1302" y="1471" width="8" height="10" />
      </word>
      <word id="m01-160-04-04" tag="CC" text="and">
        <cmp x="1328" y="1470" width="40" height="40" />
        <cmp x="1353" y="1469" width="106" height="36" />
        <cmp x="1455" y="1423" width="41" height="78" />
      </word>
      <word id="m01-160-04-05" tag="VBG" text="looking">
        <cmp x="1494" y="1424" width="95" height="84" />
        <cmp x="1543" y="1408" width="215" height="119" />
        <cmp x="1569" y="1431" width="8" height="7" />
        <cmp x="1689" y="1426" width="9" height="11" />
      </word>
      <word id="m01-160-04-06" tag="IN" text="at">
        <cmp x="1811" y="1418" width="114" height="87" />
      </word>
      <upper-contour>
        <point x="318" y="1363" />
        <point x="1926" y="1363" />
      </upper-contour>
      <lower-contour>
        <point x="322" y="1530" />
        <point x="1926" y="1530" />
      </lower-contour>
    </line>
    <line ass="36" asx="0" asy="1591" character-width="999" dss="36" dsx="0" dsy="1699" fd0="14800" fd1="2575" fd2="-1416" filter-width="3" id="m01-160-05" lbs="-103" lbx="0" lby="1672" segmentation="ok" slant="57000" stroke-width="5383" threshold="178" text="Heather he found a welcome relief in her" ubs="315" ubx="0" uby="1653">
      <word id="m01-160-05-00" tag="NP" text="Heather">
        <cmp x="324" y="1600" width="248" height="89" />
        <cmp x="427" y="1641" width="8" height="7" />
        <cmp x="564" y="1640" width="3" height="3" />
        <cmp x="574" y="1643" width="33" height="32" />
      </word>
      <word id="m01-160-05-01" tag="PP3A" text="he">
        <cmp x="638" y="1605" width="96" height="91" />
        <cmp x="724" y="1647" width="7" height="7" />
      </word>
      <word id="m01-160-05-02" tag="VBD" text="found">
        <cmp x="761" y="1673" width="21" height="11" />
        <cmp x="775" y="1604" width="70" height="96" />
        <cmp x="827" y="1652" width="106" height="34" />
        <cmp x="934" y="1607" width="37" height="68" />
      </word>
      <word id="m01-160-05-03" tag="AT" text="a">
        <cmp x="1013" y="1648" width="64" height="42" />
      </word>
      <word id="m01-160-05-04" tag="JJ" text="welcome">
        <cmp x="1105" y="1645" width="66" height="38" />
        <cmp x="1170" y="1644" width="39" height="43" />
        <cmp x="1216" y="1606" width="182" height="77" />
      </word>
      <word id="m01-160-05-05" tag="NN" text="relief">
        <cmp x="1433" y="1638" width="107" height="52" />
        <cmp x="1532" y="1634" width="6" height="6" />
        <cmp x="1539" y="1596" width="152" height="92" />
        <cmp x="1574" y="1649" width="9" height="10" />
        <cmp x="1603" y="1615" width="11" height="13" />
        <cmp x="1628" y="1678" width="3" height="4" />
      </word>
      <word id="m01-160-05-06" tag="IN" text="in">
        <cmp x="1709" y="1685" width="5" height="7" />
        <cmp x="1713" y="1643" width="88" height="41" />
        <cmp x="1778" y="1611" width="7" height="9" />
      </word>
      <word id="m01-160-05-07" tag="PP3O" text="her">
        <cmp x="1839" y="1590" width="91" height="91" />
        <cmp x="1923" y="1637" width="41" height="36" />
      </word>
      <upper-contour>
        <point x="322" y="1530" />
        <point x="1926" y="1530" />
      </upper-contour>
      <lower-contour>
        <point x="329" y="1700" />
        <point x="1520" y="1700" />
      </lower-contour>
    </line>
    <line ass="51" asx="0" asy="1770" character-width="999" dss="51" dsx="0" dsy="1894" fd0="14622" fd1="1791" fd2="-2208" filter-width="3" id="m01-160-06" lbs="238" lbx="0" lby="1864" segmentation="ok" slant="63000" stroke-width="5436" threshold="184" text="relatively long doleful one" ubs="-322" ubx="0" uby="1817">
      <word id="m01-160-06-00" tag="RB" text="relatively">
        <cmp x="331" y="1770" width="242" height="93" />
        <cmp x="448" y="1821" width="3" height="3" />
        <cmp x="550" y="1794" width="6" height="10" />
        <cmp x="581" y="1770" width="99" height="93" />
        <cmp x="654" y="1812" width="45" height="69" />
      </word>
      <word id="m01-160-06-01" tag="JJ" text="long">
        <cmp x="773" y="1783" width="95" height="88" />
        <cmp x="854" y="1825" width="99" height="70" />
      </word>
      <word id="m01-160-06-02" tag="JJ" text="doleful">
        <cmp x="1046" y="1778" width="308" height="101" />
        <cmp x="1127" y="1822" width="5" height="6" />
        <cmp x="1198" y="1823" width="5" height="4" />
      </word>
      <word id="m01-160-06-03" tag="CD1" text="one">
        <cmp x="1377" y="1817" width="142" height="52" />
      </word>
      <upper-contour>
        <point x="329" y="1700" />
        <point x="1520" y="1700" />
      </upper-contour>
    </line>
  </handwritten-part>
</form>

