<?xml version="1.0" encoding="ISO-8859-1"?>

<!DOCTYPE form SYSTEM 'http://www.iam.unibe.ch/~fki/iamdb/form-metadata.dtd'>

<form created="2002-01-25" height="3542" id="m01-110" last-modified="2002-07-17" skew="159" status="final" version="3.0_beta" width="2479" writer-id="514">
  <machine-printed-part>
    <machine-print-line text="There can be little doubt that if the Thetans discover our mental independence they" />
    <machine-print-line text="will promptly give us their hypnotic treatment. If we can avoid undue prominence," />
    <machine-print-line text="it may be that we can move about pretty freely without detection. If we can - well," />
    <machine-print-line text="then we may be able to promote our own interests. What those interests are, beyond" />
    <machine-print-line text="personal security, I haven&apos;t a clue; but, who knows, we may form the nucleus around" />
    <machine-print-line text="which some sort of resistance movement may be built." />
  </machine-printed-part>
  <handwritten-part>
    <line ass="550" asx="0" asy="750" character-width="999" dss="550" dsx="0" dsy="869" fd0="14047" fd1="3416" fd2="603" filter-width="4" id="m01-110-00" lbs="388" lbx="0" lby="816" segmentation="ok" slant="55000" stroke-width="6750" threshold="157" text="There can be little doubt that if the" ubs="874" ubx="0" uby="800">
      <word id="m01-110-00-00" sentence-start="yes" tag="EX" text="There">
        <cmp x="420" y="746" width="91" height="86" />
        <cmp x="517" y="800" width="42" height="24" />
        <cmp x="572" y="799" width="82" height="20" />
      </word>
      <word id="m01-110-00-01" tag="MD" text="can">
        <cmp x="716" y="780" width="35" height="32" />
        <cmp x="751" y="783" width="99" height="25" />
      </word>
      <word id="m01-110-00-02" tag="BE" text="be">
        <cmp x="950" y="740" width="72" height="68" />
      </word>
      <word id="m01-110-00-03" tag="AP" text="little">
        <cmp x="1116" y="744" width="35" height="60" />
        <cmp x="1143" y="783" width="9" height="17" />
        <cmp x="1163" y="761" width="6" height="11" />
        <cmp x="1176" y="742" width="82" height="64" />
      </word>
      <word id="m01-110-00-04" tag="NN" text="doubt">
        <cmp x="1327" y="746" width="72" height="59" />
        <cmp x="1380" y="780" width="28" height="24" />
        <cmp x="1426" y="780" width="25" height="21" />
        <cmp x="1465" y="755" width="36" height="52" />
        <cmp x="1505" y="762" width="30" height="49" />
      </word>
      <word id="m01-110-00-05" tag="CS" text="that">
        <cmp x="1584" y="754" width="72" height="63" />
        <cmp x="1667" y="793" width="23" height="17" />
        <cmp x="1706" y="765" width="28" height="44" />
      </word>
      <word id="m01-110-00-06" tag="CS" text="if">
        <cmp x="1790" y="735" width="90" height="118" />
        <cmp x="1792" y="780" width="18" height="21" />
        <cmp x="1817" y="764" width="11" height="12" />
      </word>
      <word id="m01-110-00-07" tag="ATI" text="the">
        <cmp x="1878" y="743" width="85" height="59" />
        <cmp x="1966" y="777" width="27" height="29" />
      </word>
      <lower-contour>
        <point x="418" y="854" />
        <point x="1994" y="854" />
      </lower-contour>
    </line>
    <line ass="32" asx="0" asy="909" character-width="999" dss="32" dsx="0" dsy="1008" fd0="13358" fd1="3078" fd2="508" filter-width="4" id="m01-110-01" lbs="68" lbx="0" lby="983" segmentation="ok" slant="57000" stroke-width="6773" threshold="156" text="Thetans discover our mental independence" ubs="-38" ubx="0" uby="959">
      <word id="m01-110-01-00" tag="NNPS" text="Thetans">
        <cmp x="414" y="909" width="92" height="78" />
        <cmp x="503" y="914" width="106" height="75" />
        <cmp x="613" y="960" width="39" height="27" />
        <cmp x="615" y="931" width="7" height="10" />
        <cmp x="663" y="954" width="32" height="31" />
      </word>
      <word id="m01-110-01-01" tag="VB" text="discover">
        <cmp x="740" y="932" width="64" height="56" />
        <cmp x="796" y="966" width="11" height="14" />
        <cmp x="826" y="929" width="7" height="11" />
        <cmp x="834" y="955" width="18" height="21" />
        <cmp x="856" y="960" width="37" height="20" />
        <cmp x="889" y="953" width="34" height="29" />
        <cmp x="935" y="948" width="98" height="30" />
      </word>
      <word id="m01-110-01-02" tag="PP$" text="our">
        <cmp x="1107" y="941" width="37" height="36" />
        <cmp x="1149" y="948" width="75" height="30" />
      </word>
      <word id="m01-110-01-03" tag="JJ" text="mental">
        <cmp x="1334" y="950" width="75" height="31" />
        <cmp x="1427" y="962" width="124" height="23" />
        <cmp x="1566" y="934" width="57" height="50" />
        <cmp x="1655" y="930" width="39" height="52" />
      </word>
      <word id="m01-110-01-04" tag="NN" text="independence">
        <cmp x="1748" y="965" width="13" height="20" />
        <cmp x="1785" y="965" width="32" height="16" />
        <cmp x="1786" y="927" width="7" height="16" />
        <cmp x="1829" y="945" width="78" height="40" />
        <cmp x="1905" y="962" width="47" height="45" />
        <cmp x="1968" y="954" width="81" height="31" />
        <cmp x="2065" y="936" width="110" height="46" />
        <cmp x="2184" y="960" width="63" height="27" />
      </word>
      <upper-contour>
        <point x="418" y="854" />
        <point x="1994" y="854" />
      </upper-contour>
      <lower-contour>
        <point x="412" y="1009" />
        <point x="2249" y="1009" />
      </lower-contour>
    </line>
    <line ass="143" asx="0" asy="1089" character-width="999" dss="143" dsx="0" dsy="1215" fd0="14870" fd1="3070" fd2="47" filter-width="4" id="m01-110-02" lbs="131" lbx="0" lby="1171" segmentation="ok" slant="56000" stroke-width="6857" threshold="157" text="they will promptly give us their hypnotic" ubs="168" ubx="0" uby="1137">
      <word id="m01-110-02-00" tag="PP3AS" text="they">
        <cmp x="398" y="1089" width="180" height="107" />
      </word>
      <word id="m01-110-02-01" tag="MD" text="will">
        <cmp x="694" y="1145" width="48" height="32" />
        <cmp x="757" y="1149" width="17" height="29" />
        <cmp x="782" y="1125" width="15" height="17" />
        <cmp x="797" y="1114" width="48" height="57" />
      </word>
      <word id="m01-110-02-02" tag="RB" text="promptly">
        <cmp x="849" y="1129" width="69" height="76" />
        <cmp x="914" y="1142" width="76" height="27" />
        <cmp x="991" y="1110" width="29" height="54" />
        <cmp x="1025" y="1148" width="25" height="15" />
        <cmp x="1071" y="1110" width="30" height="56" />
        <cmp x="1114" y="1115" width="26" height="44" />
        <cmp x="1138" y="1141" width="35" height="47" />
      </word>
      <word id="m01-110-02-03" tag="VB" text="give">
        <cmp x="1308" y="1126" width="47" height="79" />
        <cmp x="1363" y="1128" width="23" height="31" />
        <cmp x="1385" y="1117" width="11" height="7" />
        <cmp x="1396" y="1119" width="76" height="39" />
      </word>
      <word id="m01-110-02-04" tag="PP1OS" text="us">
        <cmp x="1555" y="1137" width="62" height="34" />
        <cmp x="1630" y="1134" width="23" height="34" />
      </word>
      <word id="m01-110-02-05" tag="PP$" text="their">
        <cmp x="1728" y="1094" width="58" height="71" />
        <cmp x="1786" y="1091" width="88" height="73" />
        <cmp x="1891" y="1117" width="6" height="8" />
        <cmp x="1891" y="1144" width="24" height="23" />
      </word>
      <word id="m01-110-02-06" tag="JJ" text="hypnotic">
        <cmp x="2014" y="1092" width="44" height="76" />
        <cmp x="2044" y="1144" width="57" height="67" />
        <cmp x="2104" y="1135" width="46" height="52" />
        <cmp x="2159" y="1133" width="34" height="23" />
        <cmp x="2212" y="1140" width="23" height="17" />
        <cmp x="2237" y="1110" width="46" height="63" />
        <cmp x="2298" y="1140" width="31" height="30" />
        <cmp x="2300" y="1116" width="7" height="9" />
      </word>
      <upper-contour>
        <point x="412" y="1009" />
        <point x="2249" y="1009" />
      </upper-contour>
      <lower-contour>
        <point x="423" y="1214" />
        <point x="2122" y="1214" />
      </lower-contour>
    </line>
    <line ass="-515" asx="0" asy="1233" character-width="999" dss="-515" dsx="0" dsy="1339" fd0="13649" fd1="3244" fd2="1027" filter-width="4" id="m01-110-03" lbs="-529" lbx="0" lby="1322" segmentation="ok" slant="57000" stroke-width="6756" threshold="159" text="treatment. If we can avoid undue" ubs="-487" ubx="0" uby="1304">
      <word id="m01-110-03-00" tag="NN" text="treatment">
        <cmp x="425" y="1257" width="162" height="78" />
        <cmp x="598" y="1274" width="116" height="61" />
        <cmp x="724" y="1315" width="79" height="22" />
        <cmp x="815" y="1276" width="44" height="53" />
      </word>
      <word id="m01-110-03-01" tag="." text=".">
        <cmp x="852" y="1320" width="7" height="8" />
      </word>
      <word id="m01-110-03-02" sentence-start="yes" tag="CS" text="If">
        <cmp x="1005" y="1243" width="75" height="106" />
        <cmp x="1006" y="1255" width="39" height="64" />
      </word>
      <word id="m01-110-03-03" tag="PP1AS" text="we">
        <cmp x="1129" y="1292" width="86" height="35" />
      </word>
      <word id="m01-110-03-04" tag="MD" text="can">
        <cmp x="1299" y="1298" width="35" height="33" />
        <cmp x="1333" y="1303" width="105" height="32" />
      </word>
      <word id="m01-110-03-05" tag="VB" text="avoid">
        <cmp x="1520" y="1314" width="40" height="28" />
        <cmp x="1574" y="1317" width="37" height="24" />
        <cmp x="1624" y="1317" width="32" height="20" />
        <cmp x="1678" y="1317" width="15" height="19" />
        <cmp x="1707" y="1289" width="8" height="13" />
        <cmp x="1709" y="1281" width="76" height="59" />
      </word>
      <word id="m01-110-03-06" tag="JJ" text="undue">
        <cmp x="1844" y="1315" width="113" height="31" />
        <cmp x="1991" y="1296" width="130" height="57" />
      </word>
      <upper-contour>
        <point x="423" y="1214" />
        <point x="2122" y="1214" />
      </upper-contour>
      <lower-contour>
        <point x="423" y="1355" />
        <point x="2122" y="1355" />
      </lower-contour>
    </line>
    <line ass="-463" asx="0" asy="1452" character-width="999" dss="-463" dsx="0" dsy="1564" fd0="13836" fd1="3606" fd2="1333" filter-width="4" id="m01-110-04" lbs="-474" lbx="0" lby="1520" segmentation="ok" slant="55000" stroke-width="6746" threshold="159" text="prominence, it may be that we can" ubs="-442" ubx="0" uby="1500">
      <word id="m01-110-04-00" tag="NN" text="prominence">
        <cmp x="397" y="1494" width="60" height="75" />
        <cmp x="475" y="1500" width="55" height="31" />
        <cmp x="537" y="1507" width="62" height="18" />
        <cmp x="611" y="1506" width="16" height="18" />
        <cmp x="627" y="1480" width="7" height="11" />
        <cmp x="629" y="1502" width="138" height="27" />
        <cmp x="792" y="1509" width="78" height="24" />
      </word>
      <word id="m01-110-04-01" tag="," text=",">
        <cmp x="887" y="1533" width="25" height="38" />
      </word>
      <word id="m01-110-04-02" tag="PP3" text="it">
        <cmp x="1048" y="1506" width="18" height="30" />
        <cmp x="1061" y="1484" width="9" height="10" />
        <cmp x="1088" y="1466" width="36" height="65" />
      </word>
      <word id="m01-110-04-03" tag="MD" text="may">
        <cmp x="1196" y="1495" width="68" height="30" />
        <cmp x="1286" y="1504" width="37" height="18" />
        <cmp x="1332" y="1501" width="38" height="50" />
      </word>
      <word id="m01-110-04-04" tag="BE" text="be">
        <cmp x="1466" y="1474" width="70" height="57" />
      </word>
      <word id="m01-110-04-05" tag="CS" text="that">
        <cmp x="1602" y="1466" width="79" height="63" />
        <cmp x="1689" y="1512" width="26" height="18" />
        <cmp x="1735" y="1470" width="49" height="59" />
      </word>
      <word id="m01-110-04-06" tag="PP1AS" text="we">
        <cmp x="1839" y="1516" width="78" height="31" />
      </word>
      <word id="m01-110-04-07" tag="MD" text="can">
        <cmp x="1983" y="1512" width="36" height="33" />
        <cmp x="2025" y="1514" width="97" height="28" />
      </word>
      <upper-contour>
        <point x="423" y="1355" />
        <point x="2122" y="1355" />
      </upper-contour>
      <lower-contour>
        <point x="400" y="1571" />
        <point x="2025" y="1571" />
      </lower-contour>
    </line>
    <line ass="63" asx="0" asy="1612" character-width="999" dss="63" dsx="0" dsy="1754" fd0="14214" fd1="3151" fd2="220" filter-width="5" id="m01-110-05" lbs="21" lbx="0" lby="1703" segmentation="ok" slant="52000" stroke-width="7183" threshold="155" text="move about pretty freely without" ubs="147" ubx="0" uby="1681">
      <word id="m01-110-05-00" tag="VB" text="move">
        <cmp x="402" y="1675" width="69" height="28" />
        <cmp x="481" y="1674" width="35" height="28" />
        <cmp x="530" y="1667" width="65" height="29" />
      </word>
      <word id="m01-110-05-01" tag="RP" text="about">
        <cmp x="769" y="1652" width="71" height="61" />
        <cmp x="848" y="1684" width="29" height="29" />
        <cmp x="883" y="1683" width="51" height="26" />
        <cmp x="946" y="1646" width="32" height="61" />
      </word>
      <word id="m01-110-05-02" tag="RB" text="pretty">
        <cmp x="1083" y="1674" width="59" height="80" />
        <cmp x="1146" y="1679" width="74" height="21" />
        <cmp x="1238" y="1638" width="80" height="92" />
      </word>
      <word id="m01-110-05-03" tag="RB" text="freely">
        <cmp x="1396" y="1611" width="141" height="122" />
        <cmp x="1564" y="1637" width="82" height="76" />
      </word>
      <word id="m01-110-05-04" tag="IN" text="without">
        <cmp x="1728" y="1676" width="80" height="35" />
        <cmp x="1805" y="1665" width="9" height="10" />
        <cmp x="1806" y="1634" width="57" height="70" />
        <cmp x="1853" y="1639" width="31" height="57" />
        <cmp x="1877" y="1677" width="75" height="26" />
        <cmp x="1983" y="1652" width="41" height="41" />
      </word>
      <upper-contour>
        <point x="400" y="1571" />
        <point x="2025" y="1571" />
      </upper-contour>
      <lower-contour>
        <point x="441" y="1754" />
        <point x="2025" y="1754" />
      </lower-contour>
    </line>
    <line ass="-230" asx="0" asy="1796" character-width="999" dss="-230" dsx="0" dsy="1925" fd0="13823" fd1="3782" fd2="972" filter-width="4" id="m01-110-06" lbs="-296" lbx="0" lby="1876" segmentation="ok" slant="56000" stroke-width="7004" threshold="157" text="detection. If we can - well, then we" ubs="-98" ubx="0" uby="1854">
      <word id="m01-110-06-00" tag="NN" text="detection">
        <cmp x="443" y="1821" width="84" height="81" />
        <cmp x="545" y="1814" width="52" height="78" />
        <cmp x="608" y="1859" width="28" height="29" />
        <cmp x="651" y="1815" width="55" height="62" />
        <cmp x="720" y="1851" width="103" height="24" />
        <cmp x="731" y="1826" width="7" height="10" />
      </word>
      <word id="m01-110-06-01" tag="." text=".">
        <cmp x="866" y="1870" width="8" height="9" />
      </word>
      <word id="m01-110-06-02" sentence-start="yes" tag="CS" text="If">
        <cmp x="1051" y="1801" width="59" height="75" />
      </word>
      <word id="m01-110-06-03" tag="PP1AS" text="we">
        <cmp x="1119" y="1837" width="75" height="37" />
      </word>
      <word id="m01-110-06-04" tag="MD" text="can">
        <cmp x="1313" y="1845" width="86" height="37" />
      </word>
      <word id="m01-110-06-05" tag="*-" text="-">
        <cmp x="1457" y="1843" width="50" height="11" />
      </word>
      <word id="m01-110-06-06" tag="UH" text="well">
        <cmp x="1563" y="1852" width="103" height="37" />
        <cmp x="1658" y="1829" width="56" height="68" />
      </word>
      <word id="m01-110-06-07" tag="," text=",">
        <cmp x="1691" y="1903" width="26" height="28" />
      </word>
      <word id="m01-110-06-08" tag="RN" text="then">
        <cmp x="1748" y="1827" width="201" height="82" />
      </word>
      <word id="m01-110-06-09" tag="PP1AS" text="we">
        <cmp x="2049" y="1849" width="91" height="42" />
      </word>
      <upper-contour>
        <point x="441" y="1754" />
        <point x="2025" y="1754" />
      </upper-contour>
      <lower-contour>
        <point x="441" y="1933" />
        <point x="2037" y="1933" />
      </lower-contour>
    </line>
    <line ass="530" asx="0" asy="2016" character-width="999" dss="530" dsx="0" dsy="2118" fd0="12371" fd1="3263" fd2="811" filter-width="5" id="m01-110-07" lbs="528" lbx="0" lby="2079" segmentation="err" slant="54000" stroke-width="7439" threshold="156" text="may be able to promote our own" ubs="534" ubx="0" uby="2054">
      <word id="m01-110-07-00" tag="MD" text="may">
        <cmp x="418" y="2045" width="60" height="26" />
        <cmp x="489" y="2040" width="78" height="75" />
      </word>
      <word id="m01-110-07-01" tag="BE" text="be">
        <cmp x="743" y="2021" width="64" height="57" />
      </word>
      <word id="m01-110-07-02" tag="JJ" text="able">
        <cmp x="926" y="2047" width="37" height="32" />
        <cmp x="976" y="2014" width="42" height="64" />
        <cmp x="1020" y="2017" width="45" height="69" />
      </word>
      <word id="m01-110-07-03" tag="TO" text="to">
        <cmp x="1177" y="2009" width="77" height="81" />
      </word>
      <word id="m01-110-07-04" tag="VB" text="promote">
        <cmp x="1379" y="2017" width="72" height="83" />
        <cmp x="1447" y="2025" width="184" height="32" />
        <cmp x="1654" y="2001" width="119" height="70" />
      </word>
      <word id="m01-110-07-05" tag="PP$" text="our">
        <cmp x="1892" y="2043" width="82" height="27" />
      </word>
      <word id="m01-110-07-06" tag="AP" text="own">
        <cmp x="1998" y="2040" width="38" height="26" />
      </word>
      <upper-contour>
        <point x="441" y="1933" />
        <point x="2037" y="1933" />
      </upper-contour>
      <lower-contour>
        <point x="436" y="2114" />
        <point x="2037" y="2114" />
      </lower-contour>
    </line>
    <line ass="229" asx="0" asy="2175" character-width="999" dss="229" dsx="0" dsy="2260" fd0="13515" fd1="3272" fd2="897" filter-width="4" id="m01-110-08" lbs="236" lbx="0" lby="2250" segmentation="ok" slant="62000" stroke-width="6949" threshold="156" text="interests. What those interests" ubs="215" ubx="0" uby="2223">
      <word id="m01-110-08-00" tag="NNS" text="interests">
        <cmp x="438" y="2222" width="89" height="31" />
        <cmp x="509" y="2176" width="10" height="13" />
        <cmp x="528" y="2174" width="183" height="85" />
        <cmp x="727" y="2193" width="59" height="59" />
      </word>
      <word id="m01-110-08-01" tag="." text=".">
        <cmp x="859" y="2237" width="9" height="9" />
      </word>
      <word id="m01-110-08-02" sentence-start="yes" tag="WDT" text="What">
        <cmp x="996" y="2174" width="70" height="63" />
        <cmp x="1081" y="2183" width="43" height="59" />
        <cmp x="1130" y="2225" width="31" height="17" />
        <cmp x="1175" y="2171" width="45" height="73" />
      </word>
      <word id="m01-110-08-03" tag="DTS" text="those">
        <cmp x="1393" y="2171" width="96" height="81" />
        <cmp x="1503" y="2214" width="27" height="25" />
        <cmp x="1543" y="2209" width="27" height="35" />
        <cmp x="1578" y="2218" width="29" height="28" />
      </word>
      <word id="m01-110-08-04" tag="NNS" text="interests">
        <cmp x="1741" y="2211" width="77" height="30" />
        <cmp x="1805" y="2186" width="8" height="9" />
        <cmp x="1823" y="2177" width="194" height="72" />
        <cmp x="2042" y="2197" width="77" height="56" />
      </word>
      <upper-contour>
        <point x="436" y="2114" />
        <point x="2037" y="2114" />
      </upper-contour>
      <lower-contour>
        <point x="436" y="2258" />
        <point x="2120" y="2258" />
      </lower-contour>
    </line>
    <line ass="-555" asx="0" asy="2339" character-width="999" dss="-555" dsx="0" dsy="2475" fd0="13604" fd1="3771" fd2="818" filter-width="4" id="m01-110-09" lbs="-549" lbx="0" lby="2409" segmentation="ok" slant="53000" stroke-width="6732" threshold="158" text="are, beyond personal security," ubs="-567" ubx="0" uby="2387">
      <word id="m01-110-09-00" tag="BER" text="are">
        <cmp x="427" y="2384" width="142" height="36" />
      </word>
      <word id="m01-110-09-01" tag="," text=",">
        <cmp x="641" y="2431" width="24" height="44" />
      </word>
      <word id="m01-110-09-02" tag="IN" text="beyond">
        <cmp x="787" y="2356" width="95" height="72" />
        <cmp x="867" y="2398" width="66" height="88" />
        <cmp x="948" y="2394" width="105" height="26" />
        <cmp x="1089" y="2359" width="72" height="62" />
      </word>
      <word id="m01-110-09-03" tag="JJ" text="personal">
        <cmp x="1229" y="2363" width="141" height="91" />
        <cmp x="1386" y="2378" width="32" height="37" />
        <cmp x="1436" y="2385" width="127" height="25" />
        <cmp x="1567" y="2390" width="37" height="17" />
        <cmp x="1594" y="2355" width="55" height="76" />
      </word>
      <word id="m01-110-09-04" tag="NN" text="security">
        <cmp x="1770" y="2392" width="78" height="44" />
        <cmp x="1879" y="2405" width="118" height="30" />
        <cmp x="2003" y="2410" width="62" height="24" />
        <cmp x="2080" y="2360" width="67" height="85" />
        <cmp x="2084" y="2377" width="7" height="12" />
      </word>
      <word id="m01-110-09-05" tag="," text=",">
        <cmp x="2142" y="2437" width="30" height="50" />
      </word>
      <upper-contour>
        <point x="436" y="2258" />
        <point x="2120" y="2258" />
      </upper-contour>
      <lower-contour>
        <point x="448" y="2490" />
        <point x="2173" y="2490" />
      </lower-contour>
    </line>
    <line ass="48" asx="0" asy="2518" character-width="999" dss="48" dsx="0" dsy="2663" fd0="14331" fd1="3781" fd2="1362" filter-width="4" id="m01-110-10" lbs="13" lbx="0" lby="2599" segmentation="ok" slant="63000" stroke-width="6504" threshold="159" text="I haven&apos;t a clue; but, who knows," ubs="117" ubx="0" uby="2575">
      <word id="m01-110-10-00" tag="PP1A" text="I">
        <cmp x="450" y="2547" width="22" height="55" />
      </word>
      <word id="m01-110-10-01" tag="HVX" text="haven&apos;t">
        <cmp x="537" y="2526" width="48" height="77" />
        <cmp x="605" y="2580" width="29" height="19" />
        <cmp x="638" y="2577" width="140" height="26" />
        <cmp x="810" y="2538" width="20" height="38" />
        <cmp x="831" y="2527" width="38" height="71" />
      </word>
      <word id="m01-110-10-02" tag="AT" text="a">
        <cmp x="973" y="2575" width="27" height="16" />
      </word>
      <word id="m01-110-10-03" tag="NN" text="clue">
        <cmp x="1078" y="2564" width="39" height="37" />
        <cmp x="1131" y="2521" width="124" height="84" />
      </word>
      <word id="m01-110-10-04" tag=";" text=";">
        <cmp x="1263" y="2598" width="38" height="64" />
        <cmp x="1290" y="2573" width="7" height="9" />
      </word>
      <word id="m01-110-10-05" tag="CC" text="but">
        <cmp x="1448" y="2518" width="48" height="85" />
        <cmp x="1482" y="2573" width="46" height="28" />
        <cmp x="1554" y="2539" width="44" height="64" />
      </word>
      <word id="m01-110-10-06" tag="," text=",">
        <cmp x="1591" y="2610" width="18" height="31" />
      </word>
      <word id="m01-110-10-07" tag="WP" text="who">
        <cmp x="1675" y="2555" width="61" height="48" />
        <cmp x="1738" y="2535" width="41" height="63" />
        <cmp x="1791" y="2575" width="31" height="26" />
      </word>
      <word id="m01-110-10-08" tag="VBZ" text="knows">
        <cmp x="1927" y="2537" width="40" height="56" />
        <cmp x="1978" y="2570" width="63" height="23" />
        <cmp x="2052" y="2571" width="37" height="29" />
        <cmp x="2099" y="2569" width="63" height="32" />
        <cmp x="2154" y="2570" width="34" height="39" />
      </word>
      <word id="m01-110-10-09" tag="," text=",">
        <cmp x="2181" y="2614" width="33" height="42" />
      </word>
      <upper-contour>
        <point x="448" y="2490" />
        <point x="2173" y="2490" />
      </upper-contour>
      <lower-contour>
        <point x="454" y="2662" />
        <point x="2215" y="2662" />
      </lower-contour>
    </line>
    <line ass="-508" asx="0" asy="2671" character-width="999" dss="-508" dsx="0" dsy="2789" fd0="12733" fd1="2695" fd2="-697" filter-width="3" id="m01-110-11" lbs="-509" lbx="0" lby="2762" segmentation="err" slant="59000" stroke-width="5697" threshold="158" text="we may form the nucleus around ..." ubs="-506" ubx="0" uby="2740">
      <word id="m01-110-11-00" tag="PP1AS" text="we">
        <cmp x="456" y="2745" width="93" height="41" />
      </word>
      <word id="m01-110-11-01" tag="MD" text="may">
        <cmp x="578" y="2680" width="1585" height="118" />
      </word>
      <word id="m01-110-11-02" tag="VB" text="form">
        <cmp x="648" y="2747" width="47" height="26" />
      </word>
      <word id="m01-110-11-03" tag="ATI" text="the">
        <cmp x="578" y="2680" width="1585" height="118" />
      </word>
      <word id="m01-110-11-04" tag="NN" text="nucleus">
        <cmp x="578" y="2680" width="1585" height="118" />
        <cmp x="1286" y="2698" width="135" height="87" />
        <cmp x="1535" y="2752" width="58" height="24" />
        <cmp x="1604" y="2750" width="40" height="26" />
        <cmp x="1664" y="2752" width="36" height="34" />
        <cmp x="1717" y="2713" width="124" height="67" />
        <cmp x="1840" y="2744" width="33" height="47" />
        <cmp x="1944" y="2742" width="186" height="43" />
        <cmp x="2145" y="2754" width="46" height="23" />
      </word>
      <word id="m01-110-11-05" tag="IN" text="around">
        <cmp x="2198" y="2728" width="76" height="58" />
        <cmp x="2302" y="2780" width="7" height="7" />
        <cmp x="2327" y="2777" width="13" height="7" />
      </word>
      <word id="m01-110-11-06" tag="..." text="...">
        <cmp x="2360" y="2778" width="7" height="7" />
      </word>
      <upper-contour>
        <point x="454" y="2662" />
        <point x="2215" y="2662" />
      </upper-contour>
    </line>
  </handwritten-part>
</form>

