<?xml version="1.0" encoding="ISO-8859-1"?>

<!DOCTYPE form SYSTEM 'http://www.iam.unibe.ch/~fki/iamdb/form-metadata.dtd'>

<form created="2002-01-25" height="3542" id="m02-059" last-modified="2002-07-17" skew="0" status="final" version="3.0_beta" width="2479" writer-id="523">
  <machine-printed-part>
    <machine-print-line text="Sometimes she took Harry around with her, but never her husband, a fact he accepted" />
    <machine-print-line text="as inevitable. &amp;quot;I guess Sally made a mistake about me,&amp;quot; he said one evening, when" />
    <machine-print-line text="he had been left to cook his own meal. All Sally&apos;s relations were 4makrodeb now," />
    <machine-print-line text="but Tom was a Static Mib, the middle-income-bracket equivalent to 4sub-lil on the" />
    <machine-print-line text="lower." />
  </machine-printed-part>
  <handwritten-part>
    <line ass="-494" asx="0" asy="716" character-width="999" dss="-494" dsx="0" dsy="875" fd0="12731" fd1="3136" fd2="-917" filter-width="3" id="m02-059-00" lbs="-497" lbx="0" lby="828" segmentation="err" slant="86000" stroke-width="5643" threshold="176" text="Sometimes she took Harry around with her, but" ubs="-488" ubx="0" uby="791">
      <word id="m02-059-00-00" sentence-start="yes" tag="RB" text="Sometimes">
        <cmp x="369" y="741" width="66" height="95" />
        <cmp x="437" y="794" width="43" height="42" />
        <cmp x="482" y="793" width="31" height="36" />
        <cmp x="508" y="722" width="38" height="104" />
        <cmp x="553" y="799" width="7" height="35" />
        <cmp x="560" y="775" width="7" height="6" />
        <cmp x="566" y="796" width="85" height="43" />
        <cmp x="659" y="801" width="29" height="44" />
      </word>
      <word id="m02-059-00-01" tag="PP3A" text="she">
        <cmp x="748" y="803" width="28" height="35" />
        <cmp x="777" y="731" width="60" height="115" />
      </word>
      <word id="m02-059-00-02" tag="VBD" text="took">
        <cmp x="892" y="741" width="84" height="99" />
        <cmp x="985" y="757" width="48" height="92" />
      </word>
      <word id="m02-059-00-03" tag="NP" text="Harry">
        <cmp x="1065" y="764" width="33" height="71" />
        <cmp x="1080" y="760" width="3" height="3" />
        <cmp x="1101" y="756" width="15" height="86" />
        <cmp x="1114" y="808" width="34" height="32" />
        <cmp x="1155" y="796" width="18" height="39" />
        <cmp x="1181" y="791" width="25" height="45" />
        <cmp x="1185" y="787" width="54" height="100" />
      </word>
      <word id="m02-059-00-04" tag="RP" text="around">
        <cmp x="1289" y="796" width="35" height="43" />
        <cmp x="1334" y="799" width="16" height="34" />
        <cmp x="1350" y="803" width="37" height="44" />
        <cmp x="1391" y="803" width="32" height="41" />
        <cmp x="1424" y="807" width="27" height="35" />
        <cmp x="1455" y="749" width="37" height="97" />
      </word>
      <word id="m02-059-00-05" tag="IN" text="with">
        <cmp x="1557" y="790" width="68" height="50" />
        <cmp x="1626" y="804" width="7" height="31" />
        <cmp x="1635" y="774" width="7" height="6" />
        <cmp x="1643" y="757" width="26" height="83" />
        <cmp x="1660" y="746" width="5" height="7" />
        <cmp x="1675" y="745" width="26" height="99" />
      </word>
      <word id="m02-059-00-06" tag="PP3O" text="her">
        <cmp x="1731" y="749" width="27" height="97" />
        <cmp x="1764" y="812" width="29" height="31" />
        <cmp x="1803" y="811" width="22" height="34" />
        <cmp x="1824" y="823" width="17" height="36" />
      </word>
      <word id="m02-059-00-07" tag="," text=",">
        <cmp x="1874" y="755" width="32" height="86" />
      </word>
      <word id="m02-059-00-08" tag="CC" text="but">
        <cmp x="1909" y="814" width="20" height="27" />
        <cmp x="1932" y="818" width="3" height="5" />
        <cmp x="1940" y="740" width="31" height="111" />
      </word>
      <lower-contour>
        <point x="367" y="887" />
        <point x="1972" y="887" />
      </lower-contour>
    </line>
    <line ass="-138" asx="0" asy="901" character-width="999" dss="-138" dsx="0" dsy="1068" fd0="12647" fd1="2845" fd2="-1300" filter-width="3" id="m02-059-01" lbs="-157" lbx="0" lby="1016" segmentation="ok" slant="84000" stroke-width="5454" threshold="176" text="never her husband, a fact he accepted as inevitable. &amp;quot;I guess" ubs="-100" ubx="0" uby="981">
      <word id="m02-059-01-00" tag="RB" text="never">
        <cmp x="351" y="969" width="60" height="54" />
        <cmp x="418" y="975" width="26" height="40" />
        <cmp x="440" y="980" width="24" height="41" />
        <cmp x="469" y="980" width="15" height="37" />
      </word>
      <word id="m02-059-01-01" tag="PP$" text="her">
        <cmp x="523" y="913" width="29" height="107" />
        <cmp x="555" y="985" width="31" height="35" />
        <cmp x="591" y="981" width="21" height="39" />
      </word>
      <word id="m02-059-01-02" tag="NN" text="husband">
        <cmp x="652" y="919" width="34" height="102" />
        <cmp x="697" y="987" width="22" height="32" />
        <cmp x="721" y="982" width="21" height="36" />
        <cmp x="749" y="904" width="54" height="117" />
        <cmp x="809" y="977" width="25" height="40" />
        <cmp x="843" y="927" width="34" height="95" />
        <cmp x="862" y="986" width="5" height="5" />
      </word>
      <word id="m02-059-01-03" tag="," text=",">
        <cmp x="885" y="1008" width="11" height="28" />
      </word>
      <word id="m02-059-01-04" tag="AT" text="a">
        <cmp x="921" y="980" width="34" height="39" />
      </word>
      <word id="m02-059-01-05" tag="NN" text="fact">
        <cmp x="989" y="915" width="41" height="156" />
        <cmp x="1016" y="980" width="30" height="42" />
        <cmp x="1047" y="985" width="27" height="34" />
        <cmp x="1079" y="916" width="25" height="104" />
      </word>
      <word id="m02-059-01-06" tag="PP3A" text="he">
        <cmp x="1132" y="930" width="23" height="93" />
        <cmp x="1158" y="992" width="34" height="33" />
      </word>
      <word id="m02-059-01-07" tag="VBD" text="accepted">
        <cmp x="1223" y="982" width="37" height="39" />
        <cmp x="1258" y="980" width="23" height="40" />
        <cmp x="1280" y="979" width="61" height="43" />
        <cmp x="1334" y="982" width="42" height="87" />
        <cmp x="1375" y="905" width="30" height="120" />
        <cmp x="1397" y="994" width="28" height="30" />
        <cmp x="1420" y="934" width="44" height="94" />
      </word>
      <word id="m02-059-01-08" tag="CS" text="as">
        <cmp x="1507" y="980" width="33" height="40" />
        <cmp x="1530" y="983" width="29" height="41" />
      </word>
      <word id="m02-059-01-09" tag="JJ" text="inevitable">
        <cmp x="1596" y="987" width="6" height="32" />
        <cmp x="1601" y="964" width="7" height="7" />
        <cmp x="1608" y="978" width="19" height="40" />
        <cmp x="1635" y="984" width="18" height="36" />
        <cmp x="1656" y="986" width="31" height="27" />
        <cmp x="1688" y="994" width="12" height="27" />
        <cmp x="1698" y="967" width="8" height="6" />
        <cmp x="1709" y="923" width="32" height="98" />
        <cmp x="1729" y="992" width="31" height="39" />
        <cmp x="1767" y="930" width="22" height="94" />
        <cmp x="1794" y="914" width="24" height="107" />
        <cmp x="1807" y="995" width="31" height="31" />
      </word>
      <word id="m02-059-01-10" tag="." text=".">
        <cmp x="1854" y="1007" width="7" height="11" />
      </word>
      <word id="m02-059-01-11" sentence-start="yes" tag="*&apos;" text="&quot;">
        <cmp x="1886" y="938" width="10" height="21" />
        <cmp x="1900" y="930" width="15" height="36" />
      </word>
      <word id="m02-059-01-12" tag="PP1A" text="I">
        <cmp x="1912" y="937" width="48" height="84" />
      </word>
      <word id="m02-059-01-13" tag="VB" text="guess">
        <cmp x="2013" y="978" width="28" height="83" />
        <cmp x="2048" y="987" width="27" height="33" />
        <cmp x="2078" y="978" width="68" height="41" />
      </word>
      <upper-contour>
        <point x="367" y="887" />
        <point x="1972" y="887" />
      </upper-contour>
      <lower-contour>
        <point x="349" y="1071" />
        <point x="1910" y="1071" />
      </lower-contour>
    </line>
    <line ass="-174" asx="0" asy="1075" character-width="999" dss="-174" dsx="0" dsy="1220" fd0="12679" fd1="2849" fd2="-1091" filter-width="3" id="m02-059-02" lbs="-265" lbx="0" lby="1194" segmentation="ok" slant="89000" stroke-width="5594" threshold="176" text="Sally made a mistake about me,&amp;quot; he said one" ubs="7" ubx="0" uby="1164">
      <word id="m02-059-02-00" tag="NP" text="Sally">
        <cmp x="346" y="1120" width="61" height="77" />
        <cmp x="406" y="1078" width="29" height="118" />
        <cmp x="428" y="1078" width="29" height="118" />
        <cmp x="450" y="1159" width="33" height="63" />
      </word>
      <word id="m02-059-02-01" tag="VBD" text="made">
        <cmp x="538" y="1152" width="47" height="47" />
        <cmp x="588" y="1157" width="24" height="40" />
        <cmp x="615" y="1098" width="31" height="97" />
        <cmp x="653" y="1164" width="31" height="36" />
      </word>
      <word id="m02-059-02-02" tag="AT" text="a">
        <cmp x="748" y="1157" width="34" height="37" />
      </word>
      <word id="m02-059-02-03" tag="NN" text="mistake">
        <cmp x="844" y="1156" width="43" height="36" />
        <cmp x="897" y="1160" width="9" height="33" />
        <cmp x="908" y="1140" width="5" height="6" />
        <cmp x="908" y="1159" width="25" height="38" />
        <cmp x="929" y="1159" width="3" height="5" />
        <cmp x="935" y="1088" width="30" height="109" />
        <cmp x="966" y="1156" width="33" height="42" />
        <cmp x="1007" y="1087" width="39" height="115" />
        <cmp x="1043" y="1169" width="23" height="36" />
      </word>
      <word id="m02-059-02-04" tag="IN" text="about">
        <cmp x="1141" y="1163" width="33" height="38" />
        <cmp x="1179" y="1087" width="27" height="115" />
        <cmp x="1189" y="1095" width="3" height="3" />
        <cmp x="1210" y="1172" width="59" height="32" />
        <cmp x="1267" y="1091" width="29" height="106" />
      </word>
      <word id="m02-059-02-05" tag="PP1O" text="me">
        <cmp x="1314" y="1162" width="40" height="41" />
        <cmp x="1359" y="1169" width="19" height="31" />
      </word>
      <word id="m02-059-02-06" tag="," text=",">
        <cmp x="1387" y="1189" width="12" height="31" />
      </word>
      <word id="m02-059-02-07" tag="**&apos;" text="&quot;">
        <cmp x="1401" y="1120" width="20" height="19" />
        <cmp x="1421" y="1129" width="16" height="20" />
      </word>
      <word id="m02-059-02-08" tag="PP3A" text="he">
        <cmp x="1476" y="1097" width="28" height="104" />
        <cmp x="1515" y="1168" width="32" height="38" />
      </word>
      <word id="m02-059-02-09" tag="VBD" text="said">
        <cmp x="1585" y="1163" width="58" height="40" />
        <cmp x="1652" y="1170" width="8" height="31" />
        <cmp x="1661" y="1099" width="57" height="105" />
        <cmp x="1662" y="1147" width="3" height="5" />
      </word>
      <word id="m02-059-02-10" tag="CD1" text="one">
        <cmp x="1794" y="1153" width="42" height="42" />
        <cmp x="1839" y="1149" width="28" height="49" />
        <cmp x="1872" y="1162" width="37" height="40" />
      </word>
      <upper-contour>
        <point x="349" y="1071" />
        <point x="1910" y="1071" />
      </upper-contour>
      <lower-contour>
        <point x="349" y="1222" />
        <point x="1910" y="1222" />
      </lower-contour>
    </line>
    <line ass="-71" asx="0" asy="1252" character-width="999" dss="-71" dsx="0" dsy="1413" fd0="12583" fd1="2982" fd2="-701" filter-width="3" id="m02-059-03" lbs="9" lbx="0" lby="1379" segmentation="ok" slant="87000" stroke-width="5536" threshold="176" text="evening, when he had been left to cook his own meal." ubs="-232" ubx="0" uby="1332">
      <word id="m02-059-03-00" tag="NN" text="evening">
        <cmp x="351" y="1331" width="39" height="44" />
        <cmp x="391" y="1328" width="39" height="44" />
        <cmp x="423" y="1335" width="26" height="43" />
        <cmp x="452" y="1337" width="24" height="45" />
        <cmp x="486" y="1347" width="11" height="39" />
        <cmp x="499" y="1324" width="6" height="6" />
        <cmp x="506" y="1341" width="11" height="36" />
        <cmp x="515" y="1338" width="18" height="32" />
        <cmp x="540" y="1331" width="31" height="72" />
      </word>
      <word id="m02-059-03-01" tag="," text=",">
        <cmp x="583" y="1373" width="10" height="28" />
      </word>
      <word id="m02-059-03-02" tag="WRB" text="when">
        <cmp x="632" y="1331" width="61" height="51" />
        <cmp x="701" y="1274" width="26" height="104" />
        <cmp x="732" y="1335" width="23" height="39" />
        <cmp x="759" y="1333" width="27" height="45" />
      </word>
      <word id="m02-059-03-03" tag="PP3A" text="he">
        <cmp x="833" y="1269" width="27" height="106" />
        <cmp x="871" y="1339" width="27" height="32" />
      </word>
      <word id="m02-059-03-04" tag="HVD" text="had">
        <cmp x="947" y="1277" width="30" height="95" />
        <cmp x="981" y="1349" width="22" height="30" />
        <cmp x="1007" y="1275" width="37" height="101" />
      </word>
      <word id="m02-059-03-05" tag="BEN" text="been">
        <cmp x="1109" y="1279" width="58" height="101" />
        <cmp x="1170" y="1342" width="22" height="37" />
        <cmp x="1196" y="1342" width="22" height="38" />
      </word>
      <word id="m02-059-03-06" tag="VBN" text="left">
        <cmp x="1279" y="1255" width="35" height="109" />
        <cmp x="1291" y="1256" width="66" height="160" />
        <cmp x="1343" y="1297" width="27" height="83" />
      </word>
      <word id="m02-059-03-07" tag="TO" text="to">
        <cmp x="1423" y="1286" width="27" height="87" />
        <cmp x="1450" y="1343" width="35" height="35" />
      </word>
      <word id="m02-059-03-08" tag="VB" text="cook">
        <cmp x="1527" y="1337" width="95" height="45" />
        <cmp x="1625" y="1282" width="31" height="99" />
      </word>
      <word id="m02-059-03-09" tag="PP$" text="his">
        <cmp x="1710" y="1285" width="30" height="105" />
        <cmp x="1753" y="1350" width="11" height="30" />
        <cmp x="1765" y="1346" width="28" height="45" />
        <cmp x="1774" y="1318" width="5" height="6" />
      </word>
      <word id="m02-059-03-10" tag="AP" text="own">
        <cmp x="1851" y="1343" width="42" height="39" />
        <cmp x="1903" y="1334" width="89" height="50" />
      </word>
      <word id="m02-059-03-11" tag="NN" text="meal">
        <cmp x="2036" y="1332" width="41" height="44" />
        <cmp x="2078" y="1346" width="41" height="35" />
        <cmp x="2123" y="1256" width="42" height="125" />
      </word>
      <word id="m02-059-03-12" tag="." text=".">
        <cmp x="2163" y="1374" width="6" height="6" />
      </word>
      <upper-contour>
        <point x="349" y="1222" />
        <point x="1910" y="1222" />
      </upper-contour>
      <lower-contour>
        <point x="349" y="1403" />
        <point x="1312" y="1416" />
        <point x="2119" y="1416" />
      </lower-contour>
    </line>
    <line ass="-529" asx="0" asy="1409" character-width="999" dss="-529" dsx="0" dsy="1588" fd0="12545" fd1="2757" fd2="-1360" filter-width="3" id="m02-059-04" lbs="-543" lbx="0" lby="1546" segmentation="err" slant="87000" stroke-width="5650" threshold="176" text="All Sally&apos;s relations were 4makrodeb now, but Tom" ubs="-501" ubx="0" uby="1508">
      <word id="m02-059-04-00" sentence-start="yes" tag="ABN" text="All">
        <cmp x="344" y="1437" width="48" height="119" />
        <cmp x="396" y="1433" width="25" height="114" />
        <cmp x="415" y="1414" width="33" height="127" />
      </word>
      <word id="m02-059-04-01" tag="NP$" text="Sally&apos;s">
        <cmp x="477" y="1470" width="58" height="86" />
        <cmp x="543" y="1431" width="24" height="128" />
        <cmp x="564" y="1417" width="27" height="136" />
        <cmp x="580" y="1519" width="37" height="75" />
        <cmp x="640" y="1497" width="10" height="20" />
        <cmp x="656" y="1513" width="30" height="49" />
      </word>
      <word id="m02-059-04-02" tag="NNS" text="relations">
        <cmp x="761" y="1514" width="27" height="46" />
        <cmp x="787" y="1522" width="30" height="38" />
        <cmp x="833" y="1432" width="30" height="120" />
        <cmp x="840" y="1526" width="27" height="35" />
        <cmp x="868" y="1444" width="32" height="112" />
        <cmp x="903" y="1528" width="6" height="29" />
        <cmp x="905" y="1507" width="5" height="4" />
        <cmp x="915" y="1526" width="33" height="36" />
        <cmp x="949" y="1519" width="27" height="47" />
        <cmp x="979" y="1526" width="21" height="44" />
      </word>
      <word id="m02-059-04-03" tag="BED" text="were">
        <cmp x="1100" y="1508" width="67" height="46" />
        <cmp x="1153" y="1513" width="27" height="47" />
        <cmp x="1188" y="1512" width="20" height="48" />
        <cmp x="1205" y="1515" width="38" height="44" />
      </word>
      <word id="m02-059-04-04" tag="NN" text="4makrodeb">
        <cmp x="1309" y="1476" width="43" height="79" />
        <cmp x="1347" y="1526" width="47" height="37" />
        <cmp x="1395" y="1529" width="30" height="28" />
        <cmp x="1432" y="1463" width="41" height="96" />
        <cmp x="1468" y="1532" width="16" height="32" />
        <cmp x="1485" y="1470" width="71" height="94" />
        <cmp x="1500" y="1541" width="3" height="3" />
        <cmp x="1554" y="1531" width="19" height="30" />
        <cmp x="1583" y="1465" width="33" height="97" />
      </word>
      <word id="m02-059-04-05" tag="RN" text="now">
        <cmp x="1661" y="1520" width="31" height="37" />
        <cmp x="1697" y="1522" width="29" height="45" />
        <cmp x="1717" y="1525" width="3" height="3" />
        <cmp x="1730" y="1520" width="58" height="42" />
        <cmp x="1776" y="1552" width="16" height="30" />
      </word>
      <word id="m02-059-04-06" tag="," text=",">
        <cmp x="1839" y="1471" width="36" height="86" />
      </word>
      <word id="m02-059-04-07" tag="CC" text="but">
        <cmp x="1877" y="1539" width="27" height="26" />
        <cmp x="1915" y="1461" width="38" height="102" />
      </word>
      <word id="m02-059-04-08" tag="NP" text="Tom">
        <cmp x="1982" y="1480" width="78" height="17" />
        <cmp x="2003" y="1491" width="21" height="69" />
        <cmp x="2029" y="1525" width="89" height="42" />
      </word>
      <upper-contour>
        <point x="349" y="1403" />
        <point x="1312" y="1416" />
        <point x="2119" y="1416" />
      </upper-contour>
      <lower-contour>
        <point x="342" y="1594" />
        <point x="2119" y="1594" />
      </lower-contour>
    </line>
    <line ass="112" asx="0" asy="1618" character-width="999" dss="112" dsx="0" dsy="1769" fd0="12766" fd1="3169" fd2="-1125" filter-width="4" id="m02-059-05" lbs="139" lbx="0" lby="1738" segmentation="ok" slant="86000" stroke-width="5808" threshold="176" text="was a Static Mib, the middle-income-bracket equivalent" ubs="57" ubx="0" uby="1701">
      <word id="m02-059-05-00" tag="BEDZ" text="was">
        <cmp x="342" y="1687" width="67" height="58" />
        <cmp x="397" y="1699" width="36" height="37" />
        <cmp x="431" y="1692" width="30" height="50" />
      </word>
      <word id="m02-059-05-01" tag="AT" text="a">
        <cmp x="535" y="1694" width="33" height="40" />
      </word>
      <word id="m02-059-05-02" tag="JJ" text="Static">
        <cmp x="635" y="1669" width="32" height="64" />
        <cmp x="668" y="1663" width="31" height="69" />
        <cmp x="695" y="1712" width="27" height="31" />
        <cmp x="722" y="1651" width="31" height="93" />
        <cmp x="751" y="1717" width="11" height="27" />
        <cmp x="760" y="1701" width="7" height="6" />
        <cmp x="768" y="1708" width="35" height="32" />
      </word>
      <word id="m02-059-05-03" tag="NP" text="Mib">
        <cmp x="835" y="1636" width="71" height="103" />
        <cmp x="896" y="1703" width="13" height="32" />
        <cmp x="906" y="1679" width="5" height="5" />
        <cmp x="929" y="1634" width="32" height="97" />
      </word>
      <word id="m02-059-05-04" tag="," text=",">
        <cmp x="966" y="1726" width="13" height="39" />
      </word>
      <word id="m02-059-05-05" tag="ATI" text="the">
        <cmp x="1020" y="1643" width="37" height="96" />
        <cmp x="1057" y="1646" width="57" height="91" />
      </word>
      <word id="m02-059-05-06" tag="JJB" text="middle-income-bracket">
        <cmp x="1166" y="1692" width="44" height="42" />
        <cmp x="1218" y="1705" width="8" height="30" />
        <cmp x="1228" y="1683" width="5" height="6" />
        <cmp x="1229" y="1636" width="40" height="95" />
        <cmp x="1260" y="1628" width="38" height="110" />
        <cmp x="1312" y="1624" width="25" height="105" />
        <cmp x="1332" y="1703" width="23" height="31" />
        <cmp x="1381" y="1706" width="24" height="12" />
        <cmp x="1424" y="1697" width="8" height="43" />
        <cmp x="1430" y="1676" width="5" height="8" />
        <cmp x="1446" y="1696" width="26" height="42" />
        <cmp x="1474" y="1699" width="25" height="44" />
        <cmp x="1502" y="1699" width="65" height="43" />
        <cmp x="1573" y="1701" width="22" height="27" />
        <cmp x="1613" y="1710" width="22" height="7" />
        <cmp x="1657" y="1633" width="26" height="103" />
        <cmp x="1691" y="1696" width="18" height="38" />
        <cmp x="1708" y="1700" width="30" height="37" />
        <cmp x="1740" y="1702" width="29" height="30" />
        <cmp x="1774" y="1627" width="37" height="106" />
        <cmp x="1802" y="1711" width="29" height="27" />
        <cmp x="1827" y="1617" width="30" height="119" />
      </word>
      <word id="m02-059-05-07" tag="NN" text="equivalent">
        <cmp x="1895" y="1702" width="62" height="65" />
        <cmp x="1965" y="1695" width="32" height="37" />
        <cmp x="2004" y="1703" width="7" height="30" />
        <cmp x="2016" y="1675" width="6" height="8" />
        <cmp x="2027" y="1694" width="52" height="41" />
        <cmp x="2089" y="1615" width="28" height="111" />
        <cmp x="2113" y="1705" width="24" height="28" />
        <cmp x="2140" y="1702" width="26" height="38" />
        <cmp x="2168" y="1632" width="35" height="108" />
      </word>
      <upper-contour>
        <point x="342" y="1594" />
        <point x="2119" y="1594" />
      </upper-contour>
      <lower-contour>
        <point x="340" y="1766" />
        <point x="1260" y="1766" />
      </lower-contour>
    </line>
    <line ass="-415" asx="0" asy="1777" character-width="999" dss="-415" dsx="0" dsy="1924" fd0="12944" fd1="2969" fd2="-954" filter-width="3" id="m02-059-06" lbs="-437" lbx="0" lby="1909" segmentation="ok" slant="81000" stroke-width="5623" threshold="176" text="to 4sub-lil on the lower." ubs="-371" ubx="0" uby="1876">
      <word id="m02-059-06-00" tag="IN" text="to">
        <cmp x="330" y="1817" width="42" height="99" />
        <cmp x="364" y="1883" width="37" height="34" />
      </word>
      <word id="m02-059-06-01" tag="NN" text="4sub-lil">
        <cmp x="476" y="1835" width="43" height="70" />
        <cmp x="522" y="1879" width="18" height="36" />
        <cmp x="547" y="1887" width="39" height="25" />
        <cmp x="588" y="1803" width="28" height="114" />
        <cmp x="630" y="1888" width="23" height="12" />
        <cmp x="661" y="1798" width="40" height="131" />
        <cmp x="681" y="1893" width="13" height="26" />
        <cmp x="696" y="1867" width="6" height="7" />
        <cmp x="707" y="1797" width="40" height="122" />
      </word>
      <word id="m02-059-06-02" tag="IN" text="on">
        <cmp x="789" y="1876" width="35" height="37" />
        <cmp x="824" y="1867" width="32" height="43" />
      </word>
      <word id="m02-059-06-03" tag="ATI" text="the">
        <cmp x="892" y="1817" width="43" height="93" />
        <cmp x="938" y="1823" width="60" height="94" />
      </word>
      <word id="m02-059-06-04" tag="JJR" text="lower">
        <cmp x="1075" y="1785" width="52" height="134" />
        <cmp x="1097" y="1887" width="31" height="35" />
        <cmp x="1136" y="1884" width="56" height="38" />
        <cmp x="1188" y="1887" width="24" height="35" />
        <cmp x="1227" y="1883" width="17" height="35" />
      </word>
      <word id="m02-059-06-05" tag="." text=".">
        <cmp x="1252" y="1913" width="8" height="6" />
      </word>
      <upper-contour>
        <point x="340" y="1766" />
        <point x="1260" y="1766" />
      </upper-contour>
    </line>
  </handwritten-part>
</form>

