<?xml version="1.0" encoding="ISO-8859-1"?>

<!DOCTYPE form SYSTEM 'http://www.iam.unibe.ch/~fki/iamdb/form-metadata.dtd'>

<form created="2002-01-25" height="3542" id="m02-066" last-modified="2002-07-17" skew="-30" status="final" version="3.0_beta" width="2479" writer-id="524">
  <machine-printed-part>
    <machine-print-line text="All Aristotle was excited at the time, not by the prospect of the U.S. President&apos;s" />
    <machine-print-line text="visit, but by a great storm in the photosphere of the sun. A matter which on Earth" />
    <machine-print-line text="would hardly penetrate beyond the minds of astronomers was of general interest to" />
    <machine-print-line text="the Mos, doubtless because their habitat is not submerged beneath a deep natural" />
    <machine-print-line text="atmosphere." />
  </machine-printed-part>
  <handwritten-part>
    <line ass="-55" asx="0" asy="738" character-width="999" dss="-55" dsx="0" dsy="877" fd0="13788" fd1="2330" fd2="-1557" filter-width="3" id="m02-066-00" lbs="-60" lbx="0" lby="825" segmentation="ok" slant="61000" stroke-width="5647" threshold="176" text="All Aristotle was excited at the time, not by the prospect of the" ubs="-45" ubx="0" uby="799">
      <word id="m02-066-00-00" sentence-start="yes" tag="ABN" text="All">
        <cmp x="347" y="793" width="15" height="26" />
        <cmp x="347" y="825" width="14" height="9" />
        <cmp x="362" y="822" width="3" height="3" />
        <cmp x="367" y="758" width="86" height="70" />
        <cmp x="370" y="771" width="24" height="15" />
      </word>
      <word id="m02-066-00-01" tag="NP" text="Aristotle">
        <cmp x="483" y="754" width="232" height="79" />
        <cmp x="576" y="780" width="4" height="4" />
      </word>
      <word id="m02-066-00-02" tag="BEDZ" text="was">
        <cmp x="752" y="799" width="77" height="31" />
      </word>
      <word id="m02-066-00-03" tag="VBN" text="excited">
        <cmp x="862" y="755" width="170" height="83" />
        <cmp x="964" y="771" width="5" height="5" />
      </word>
      <word id="m02-066-00-04" tag="IN" text="at">
        <cmp x="1039" y="755" width="80" height="78" />
      </word>
      <word id="m02-066-00-05" tag="ATI" text="the">
        <cmp x="1131" y="760" width="63" height="73" />
      </word>
      <word id="m02-066-00-06" tag="NN" text="time">
        <cmp x="1218" y="751" width="102" height="77" />
        <cmp x="1289" y="759" width="15" height="13" />
      </word>
      <word id="m02-066-00-07" tag="," text=",">
        <cmp x="1331" y="825" width="15" height="19" />
      </word>
      <word id="m02-066-00-08" tag="XNOT" text="not">
        <cmp x="1378" y="788" width="48" height="36" />
        <cmp x="1418" y="754" width="76" height="74" />
      </word>
      <word id="m02-066-00-09" tag="IN" text="by">
        <cmp x="1502" y="754" width="68" height="126" />
      </word>
      <word id="m02-066-00-10" tag="ATI" text="the">
        <cmp x="1602" y="749" width="77" height="85" />
      </word>
      <word id="m02-066-00-11" tag="NN" text="prospect">
        <cmp x="1693" y="740" width="259" height="115" />
      </word>
      <word id="m02-066-00-12" tag="INO" text="of">
        <cmp x="1952" y="746" width="81" height="101" />
      </word>
      <word id="m02-066-00-13" tag="ATI" text="the">
        <cmp x="2025" y="744" width="99" height="93" />
      </word>
      <lower-contour>
        <point x="345" y="880" />
        <point x="2125" y="880" />
      </lower-contour>
    </line>
    <line ass="-650" asx="0" asy="890" character-width="999" dss="-650" dsx="0" dsy="1049" fd0="13801" fd1="2704" fd2="-847" filter-width="4" id="m02-066-01" lbs="-720" lbx="0" lby="988" segmentation="ok" slant="64000" stroke-width="5892" threshold="176" text="U.S. President&apos;s visit, but by a great storm in the photo-" ubs="-509" ubx="0" uby="961">
      <word id="m02-066-01-00" tag="NP" text="U.S.">
        <cmp x="338" y="951" width="48" height="58" />
        <cmp x="380" y="998" width="7" height="6" />
        <cmp x="401" y="955" width="32" height="59" />
        <cmp x="454" y="996" width="7" height="5" />
      </word>
      <word id="m02-066-01-01" tag="NPT$" text="President&apos;s">
        <cmp x="502" y="951" width="24" height="44" />
        <cmp x="528" y="942" width="32" height="26" />
        <cmp x="530" y="931" width="180" height="74" />
        <cmp x="666" y="942" width="5" height="6" />
        <cmp x="681" y="927" width="109" height="78" />
        <cmp x="697" y="943" width="6" height="9" />
        <cmp x="808" y="919" width="13" height="23" />
        <cmp x="801" y="953" width="28" height="45" />
      </word>
      <word id="m02-066-01-02" tag="NN" text="visit">
        <cmp x="866" y="963" width="41" height="35" />
        <cmp x="908" y="965" width="54" height="38" />
        <cmp x="945" y="913" width="18" height="17" />
        <cmp x="960" y="927" width="72" height="74" />
        <cmp x="1010" y="923" width="9" height="11" />
      </word>
      <word id="m02-066-01-03" tag="," text=",">
        <cmp x="1016" y="1001" width="15" height="20" />
      </word>
      <word id="m02-066-01-04" tag="CC" text="but">
        <cmp x="1057" y="921" width="117" height="86" />
      </word>
      <word id="m02-066-01-05" tag="IN" text="by">
        <cmp x="1177" y="931" width="80" height="133" />
      </word>
      <word id="m02-066-01-06" tag="AT" text="a">
        <cmp x="1281" y="964" width="43" height="41" />
      </word>
      <word id="m02-066-01-07" tag="JJ" text="great">
        <cmp x="1368" y="907" width="173" height="144" />
      </word>
      <word id="m02-066-01-08" tag="NN" text="storm">
        <cmp x="1560" y="975" width="23" height="30" />
        <cmp x="1586" y="940" width="113" height="66" />
      </word>
      <word id="m02-066-01-09" tag="IN" text="in">
        <cmp x="1724" y="976" width="67" height="35" />
        <cmp x="1784" y="947" width="5" height="4" />
      </word>
      <word id="m02-066-01-10" tag="ATI" text="the">
        <cmp x="1826" y="939" width="102" height="75" />
      </word>
      <word id="m02-066-01-11" tag="NN-" text="photo-">
        <cmp x="1956" y="920" width="158" height="105" />
        <cmp x="2126" y="984" width="26" height="5" />
      </word>
      <upper-contour>
        <point x="345" y="880" />
        <point x="2125" y="880" />
      </upper-contour>
      <lower-contour>
        <point x="336" y="1064" />
        <point x="2112" y="1064" />
      </lower-contour>
    </line>
    <line ass="246" asx="0" asy="1103" character-width="999" dss="246" dsx="0" dsy="1258" fd0="13568" fd1="2623" fd2="-1160" filter-width="4" id="m02-066-02" lbs="194" lbx="0" lby="1190" segmentation="ok" slant="62000" stroke-width="6005" threshold="176" text="sphere of the sun. A matter which on Earth would hardly" ubs="350" ubx="0" uby="1159">
      <word id="m02-066-02-00" tag="-NN" text="sphere">
        <cmp x="327" y="1143" width="54" height="51" />
        <cmp x="379" y="1102" width="113" height="92" />
      </word>
      <word id="m02-066-02-01" tag="INO" text="of">
        <cmp x="531" y="1111" width="76" height="107" />
      </word>
      <word id="m02-066-02-02" tag="ATI" text="the">
        <cmp x="617" y="1102" width="92" height="94" />
      </word>
      <word id="m02-066-02-03" tag="NN" text="sun">
        <cmp x="739" y="1148" width="34" height="40" />
        <cmp x="766" y="1153" width="110" height="41" />
      </word>
      <word id="m02-066-02-04" tag="." text=".">
        <cmp x="895" y="1181" width="6" height="7" />
      </word>
      <word id="m02-066-02-05" sentence-start="yes" tag="AT" text="A">
        <cmp x="944" y="1122" width="55" height="64" />
      </word>
      <word id="m02-066-02-06" tag="NN" text="matter">
        <cmp x="1005" y="1116" width="162" height="83" />
      </word>
      <word id="m02-066-02-07" tag="WDT" text="which">
        <cmp x="1211" y="1153" width="53" height="34" />
        <cmp x="1265" y="1108" width="127" height="78" />
        <cmp x="1346" y="1125" width="20" height="11" />
      </word>
      <word id="m02-066-02-08" tag="IN" text="on">
        <cmp x="1426" y="1151" width="88" height="35" />
      </word>
      <word id="m02-066-02-09" tag="NN" text="Earth">
        <cmp x="1551" y="1102" width="138" height="89" />
      </word>
      <word id="m02-066-02-10" tag="MD" text="would">
        <cmp x="1745" y="1104" width="164" height="81" />
      </word>
      <word id="m02-066-02-11" tag="RB" text="hardly">
        <cmp x="1931" y="1105" width="180" height="146" />
      </word>
      <upper-contour>
        <point x="336" y="1064" />
        <point x="2112" y="1064" />
      </upper-contour>
      <lower-contour>
        <point x="336" y="1251" />
        <point x="2063" y="1251" />
      </lower-contour>
    </line>
    <line ass="233" asx="0" asy="1277" character-width="999" dss="233" dsx="0" dsy="1422" fd0="13814" fd1="2365" fd2="-1429" filter-width="3" id="m02-066-03" lbs="194" lbx="0" lby="1380" segmentation="ok" slant="63000" stroke-width="5326" threshold="176" text="penetrate beyond the minds of astronomers was of general" ubs="312" ubx="0" uby="1350">
      <word id="m02-066-03-00" tag="VB" text="penetrate">
        <cmp x="338" y="1346" width="80" height="49" />
        <cmp x="411" y="1293" width="223" height="90" />
      </word>
      <word id="m02-066-03-01" tag="IN" text="beyond">
        <cmp x="675" y="1300" width="215" height="121" />
      </word>
      <word id="m02-066-03-02" tag="ATI" text="the">
        <cmp x="913" y="1308" width="72" height="78" />
      </word>
      <word id="m02-066-03-03" tag="NNS" text="minds">
        <cmp x="1037" y="1344" width="53" height="34" />
        <cmp x="1085" y="1309" width="123" height="70" />
        <cmp x="1123" y="1289" width="10" height="10" />
      </word>
      <word id="m02-066-03-04" tag="INO" text="of">
        <cmp x="1251" y="1272" width="89" height="133" />
        <cmp x="1331" y="1296" width="4" height="7" />
      </word>
      <word id="m02-066-03-05" tag="NNS" text="astronomers">
        <cmp x="1355" y="1338" width="55" height="45" />
        <cmp x="1411" y="1300" width="59" height="82" />
        <cmp x="1467" y="1337" width="146" height="44" />
      </word>
      <word id="m02-066-03-06" tag="BEDZ" text="was">
        <cmp x="1663" y="1335" width="95" height="45" />
      </word>
      <word id="m02-066-03-07" tag="INO" text="of">
        <cmp x="1784" y="1299" width="70" height="82" />
      </word>
      <word id="m02-066-03-08" tag="JJ" text="general">
        <cmp x="1857" y="1301" width="205" height="107" />
        <cmp x="2054" y="1309" width="5" height="8" />
      </word>
      <upper-contour>
        <point x="336" y="1251" />
        <point x="2063" y="1251" />
      </upper-contour>
      <lower-contour>
        <point x="336" y="1421" />
        <point x="1227" y="1407" />
        <point x="1868" y="1408" />
        <point x="1997" y="1371" />
        <point x="2063" y="1371" />
      </lower-contour>
    </line>
    <line ass="794" asx="0" asy="1431" character-width="999" dss="794" dsx="0" dsy="1565" fd0="13878" fd1="2124" fd2="-1732" filter-width="4" id="m02-066-04" lbs="758" lbx="0" lby="1522" segmentation="err" slant="59999" stroke-width="5759" threshold="176" text="interest to the Mos, doubtless because their habitat is" ubs="865" ubx="0" uby="1494">
      <word id="m02-066-04-00" tag="NN" text="interest">
        <cmp x="327" y="1447" width="206" height="71" />
        <cmp x="530" y="1489" width="61" height="36" />
        <cmp x="534" y="1479" width="23" height="6" />
        <cmp x="570" y="1437" width="125" height="92" />
        <cmp x="591" y="1458" width="7" height="7" />
        <cmp x="692" y="1457" width="39" height="66" />
      </word>
      <word id="m02-066-04-01" tag="IN" text="to">
        <cmp x="741" y="1456" width="52" height="70" />
      </word>
      <word id="m02-066-04-02" tag="ATI" text="the">
        <cmp x="852" y="1457" width="48" height="67" />
      </word>
      <word id="m02-066-04-03" tag="NPS" text="Mos">
        <cmp x="927" y="1452" width="93" height="77" />
      </word>
      <word id="m02-066-04-04" tag="," text=",">
        <cmp x="1019" y="1522" width="24" height="29" />
      </word>
      <word id="m02-066-04-05" tag="RB" text="doubtless">
        <cmp x="1067" y="1417" width="268" height="105" />
        <cmp x="1223" y="1438" width="6" height="7" />
      </word>
      <word id="m02-066-04-06" tag="CS" text="because">
        <cmp x="1365" y="1427" width="229" height="81" />
      </word>
      <word id="m02-066-04-07" tag="PP$" text="their">
        <cmp x="1607" y="1409" width="147" height="106" />
        <cmp x="1678" y="1422" width="5" height="8" />
        <cmp x="1733" y="1441" width="8" height="6" />
      </word>
      <word id="m02-066-04-08" tag="NN" text="habitat">
        <cmp x="1777" y="1419" width="58" height="83" />
        <cmp x="1820" y="1409" width="192" height="115" />
        <cmp x="1957" y="1436" width="6" height="7" />
      </word>
      <word id="m02-066-04-09" tag="BEZ" text="is">
        <cmp x="2054" y="1467" width="48" height="39" />
        <cmp x="2079" y="1441" width="7" height="7" />
      </word>
      <upper-contour>
        <point x="336" y="1421" />
        <point x="1227" y="1407" />
        <point x="1868" y="1408" />
        <point x="1997" y="1371" />
        <point x="2063" y="1371" />
      </upper-contour>
      <lower-contour>
        <point x="344" y="1551" />
        <point x="2015" y="1551" />
      </lower-contour>
    </line>
    <line ass="409" asx="0" asy="1591" character-width="999" dss="409" dsx="0" dsy="1738" fd0="14152" fd1="2129" fd2="-2029" filter-width="3" id="m02-066-05" lbs="495" lbx="0" lby="1697" segmentation="err" slant="59000" stroke-width="5466" threshold="176" text="not submerged beneath a deep natural atmosphere." ubs="236" ubx="0" uby="1660">
      <word id="m02-066-05-00" tag="XNOT" text="not">
        <cmp x="346" y="1591" width="130" height="99" />
      </word>
      <word id="m02-066-05-01" tag="VBN" text="submerged">
        <cmp x="477" y="1649" width="42" height="36" />
        <cmp x="510" y="1655" width="43" height="33" />
        <cmp x="540" y="1656" width="101" height="40" />
        <cmp x="571" y="1652" width="4" height="5" />
        <cmp x="574" y="1630" width="14" height="22" />
        <cmp x="636" y="1627" width="159" height="108" />
      </word>
      <word id="m02-066-05-02" tag="IN" text="beneath">
        <cmp x="819" y="1627" width="60" height="73" />
        <cmp x="871" y="1595" width="201" height="107" />
        <cmp x="891" y="1676" width="3" height="4" />
      </word>
      <word id="m02-066-05-03" tag="AT" text="a">
        <cmp x="1082" y="1652" width="48" height="31" />
      </word>
      <word id="m02-066-05-04" tag="JJ" text="deep">
        <cmp x="1171" y="1611" width="151" height="98" />
      </word>
      <word id="m02-066-05-05" tag="JJ" text="natural">
        <cmp x="1348" y="1622" width="120" height="78" />
        <cmp x="1428" y="1599" width="168" height="89" />
      </word>
      <word id="m02-066-05-06" tag="NN" text="atmosphere">
        <cmp x="1647" y="1578" width="281" height="131" />
        <cmp x="1917" y="1630" width="61" height="41" />
      </word>
      <word id="m02-066-05-07" tag="." text=".">
        <cmp x="2000" y="1671" width="14" height="13" />
      </word>
      <upper-contour>
        <point x="344" y="1551" />
        <point x="2015" y="1551" />
      </upper-contour>
    </line>
  </handwritten-part>
</form>

