<?xml version="1.0" encoding="ISO-8859-1"?>

<!DOCTYPE form SYSTEM 'http://www.iam.unibe.ch/~fki/iamdb/form-metadata.dtd'>

<form created="2002-01-25" height="3542" id="m02-055" last-modified="2002-07-17" skew="-30" status="final" version="3.0_beta" width="2479" writer-id="522">
  <machine-printed-part>
    <machine-print-line text="They had been married for six years, but the salary raise, on the expectation of" />
    <machine-print-line text="which they had done so, had not materialised. &amp;quot;Do you know, I had to send back" />
    <machine-print-line text="our bedroom furniture in the second year,&amp;quot; she moaned. She had contacts in political" />
    <machine-print-line text="circles, a schoolfriend of hers having married Lester Peron, a Mocrat Senator with a" />
    <machine-print-line text="seat on the (literally) all-powerful Rocket Release Board." />
  </machine-printed-part>
  <handwritten-part>
    <line ass="-161" asx="0" asy="731" character-width="999" dss="-161" dsx="0" dsy="838" fd0="12975" fd1="2421" fd2="-1410" filter-width="3" id="m02-055-00" lbs="-103" lbx="0" lby="809" segmentation="ok" slant="107000" stroke-width="5601" threshold="182" text="They had been married for six years, but the" ubs="-275" ubx="0" uby="771">
      <word id="m02-055-00-00" sentence-start="yes" tag="PP3AS" text="They">
        <cmp x="319" y="737" width="129" height="74" />
        <cmp x="341" y="754" width="14" height="52" />
        <cmp x="436" y="769" width="36" height="58" />
      </word>
      <word id="m02-055-00-01" tag="HVD" text="had">
        <cmp x="527" y="733" width="132" height="78" />
      </word>
      <word id="m02-055-00-02" tag="BEN" text="been">
        <cmp x="697" y="744" width="169" height="69" />
      </word>
      <word id="m02-055-00-03" tag="VBN" text="married">
        <cmp x="898" y="775" width="137" height="46" />
        <cmp x="1031" y="752" width="15" height="9" />
        <cmp x="1037" y="778" width="18" height="40" />
        <cmp x="1057" y="738" width="86" height="82" />
      </word>
      <word id="m02-055-00-04" tag="IN" text="for">
        <cmp x="1206" y="744" width="98" height="75" />
      </word>
      <word id="m02-055-00-05" tag="CD" text="six">
        <cmp x="1355" y="771" width="49" height="44" />
        <cmp x="1394" y="758" width="14" height="14" />
        <cmp x="1402" y="779" width="51" height="38" />
      </word>
      <word id="m02-055-00-06" tag="NNS" text="years">
        <cmp x="1491" y="780" width="48" height="63" />
        <cmp x="1542" y="772" width="91" height="52" />
        <cmp x="1625" y="773" width="67" height="42" />
      </word>
      <word id="m02-055-00-07" tag="," text=",">
        <cmp x="1701" y="791" width="8" height="36" />
      </word>
      <word id="m02-055-00-08" tag="CC" text="but">
        <cmp x="1743" y="746" width="108" height="67" />
      </word>
      <word id="m02-055-00-09" tag="ATI" text="the">
        <cmp x="1901" y="754" width="32" height="58" />
        <cmp x="1925" y="749" width="91" height="68" />
      </word>
      <lower-contour>
        <point x="327" y="843" />
        <point x="2016" y="843" />
      </lower-contour>
    </line>
    <line ass="-504" asx="0" asy="906" character-width="999" dss="-504" dsx="0" dsy="1014" fd0="12985" fd1="2546" fd2="-1620" filter-width="3" id="m02-055-01" lbs="-747" lbx="0" lby="979" segmentation="ok" slant="101000" stroke-width="5575" threshold="182" text="salary raise, on the expectation of which they" ubs="-18" ubx="0" uby="958">
      <word id="m02-055-01-00" tag="NN" text="salary">
        <cmp x="329" y="938" width="107" height="50" />
        <cmp x="435" y="923" width="102" height="73" />
        <cmp x="535" y="959" width="43" height="60" />
      </word>
      <word id="m02-055-01-01" tag="NN" text="raise">
        <cmp x="646" y="953" width="106" height="43" />
        <cmp x="710" y="927" width="8" height="13" />
        <cmp x="740" y="944" width="90" height="47" />
      </word>
      <word id="m02-055-01-02" tag="," text=",">
        <cmp x="842" y="977" width="12" height="40" />
      </word>
      <word id="m02-055-01-03" tag="IN" text="on">
        <cmp x="883" y="947" width="87" height="48" />
      </word>
      <word id="m02-055-01-04" tag="ATI" text="the">
        <cmp x="1043" y="930" width="94" height="70" />
      </word>
      <word id="m02-055-01-05" tag="NN" text="expectation">
        <cmp x="1172" y="951" width="88" height="49" />
        <cmp x="1262" y="952" width="122" height="71" />
        <cmp x="1374" y="926" width="83" height="72" />
        <cmp x="1444" y="927" width="41" height="70" />
        <cmp x="1467" y="930" width="14" height="10" />
        <cmp x="1487" y="954" width="82" height="45" />
      </word>
      <word id="m02-055-01-06" tag="INO" text="of">
        <cmp x="1621" y="930" width="78" height="77" />
      </word>
      <word id="m02-055-01-07" tag="WDT" text="which">
        <cmp x="1764" y="924" width="87" height="73" />
        <cmp x="1855" y="966" width="10" height="33" />
        <cmp x="1858" y="937" width="7" height="15" />
        <cmp x="1870" y="923" width="71" height="80" />
      </word>
      <word id="m02-055-01-08" tag="PP3AS" text="they">
        <cmp x="1982" y="941" width="26" height="55" />
        <cmp x="2005" y="927" width="80" height="79" />
        <cmp x="2076" y="972" width="36" height="57" />
      </word>
      <upper-contour>
        <point x="327" y="843" />
        <point x="2016" y="843" />
      </upper-contour>
      <lower-contour>
        <point x="342" y="1030" />
        <point x="2109" y="1030" />
      </lower-contour>
    </line>
    <line ass="-450" asx="0" asy="1089" character-width="999" dss="-450" dsx="0" dsy="1192" fd0="12945" fd1="2310" fd2="-1433" filter-width="3" id="m02-055-02" lbs="-349" lbx="0" lby="1167" segmentation="ok" slant="102000" stroke-width="5657" threshold="182" text="had done so, had not materialised. &amp;quot;Do you" ubs="-651" ubx="0" uby="1125">
      <word id="m02-055-02-00" tag="HVD" text="had">
        <cmp x="344" y="1093" width="121" height="79" />
      </word>
      <word id="m02-055-02-01" tag="VBN" text="done">
        <cmp x="532" y="1096" width="175" height="80" />
      </word>
      <word id="m02-055-02-02" tag="PN" text="so">
        <cmp x="767" y="1129" width="87" height="41" />
      </word>
      <word id="m02-055-02-03" tag="," text=",">
        <cmp x="864" y="1152" width="6" height="43" />
      </word>
      <word id="m02-055-02-04" tag="HVD" text="had">
        <cmp x="952" y="1107" width="127" height="75" />
      </word>
      <word id="m02-055-02-05" tag="XNOT" text="not">
        <cmp x="1140" y="1109" width="104" height="71" />
      </word>
      <word id="m02-055-02-06" tag="VBN" text="materialised">
        <cmp x="1298" y="1107" width="182" height="74" />
        <cmp x="1472" y="1118" width="18" height="12" />
        <cmp x="1484" y="1142" width="11" height="39" />
        <cmp x="1496" y="1135" width="62" height="46" />
        <cmp x="1549" y="1115" width="51" height="64" />
        <cmp x="1591" y="1141" width="14" height="34" />
        <cmp x="1605" y="1111" width="120" height="71" />
      </word>
      <word id="m02-055-02-07" tag="." text=".">
        <cmp x="1734" y="1171" width="6" height="6" />
      </word>
      <word id="m02-055-02-08" sentence-start="yes" tag="*&apos;" text="&quot;">
        <cmp x="1798" y="1113" width="18" height="31" />
      </word>
      <word id="m02-055-02-09" tag="DO" text="Do">
        <cmp x="1847" y="1125" width="97" height="57" />
      </word>
      <word id="m02-055-02-10" tag="PP2" text="you">
        <cmp x="1985" y="1147" width="123" height="62" />
      </word>
      <upper-contour>
        <point x="342" y="1030" />
        <point x="2109" y="1030" />
      </upper-contour>
      <lower-contour>
        <point x="349" y="1195" />
        <point x="1893" y="1195" />
      </lower-contour>
    </line>
    <line ass="-517" asx="0" asy="1262" character-width="999" dss="-517" dsx="0" dsy="1363" fd0="12947" fd1="2406" fd2="-1257" filter-width="3" id="m02-055-03" lbs="-518" lbx="0" lby="1342" segmentation="ok" slant="104000" stroke-width="5625" threshold="182" text="know, I had to send back our bedroom" ubs="-515" ubx="0" uby="1302">
      <word id="m02-055-03-00" tag="VB" text="know">
        <cmp x="351" y="1276" width="16" height="64" />
        <cmp x="367" y="1300" width="174" height="50" />
      </word>
      <word id="m02-055-03-01" tag="," text=",">
        <cmp x="583" y="1328" width="11" height="41" />
      </word>
      <word id="m02-055-03-02" tag="PP1A" text="I">
        <cmp x="646" y="1286" width="14" height="60" />
      </word>
      <word id="m02-055-03-03" tag="HVD" text="had">
        <cmp x="700" y="1278" width="120" height="77" />
      </word>
      <word id="m02-055-03-04" tag="TO" text="to">
        <cmp x="896" y="1292" width="80" height="61" />
      </word>
      <word id="m02-055-03-05" tag="VB" text="send">
        <cmp x="1026" y="1279" width="160" height="80" />
      </word>
      <word id="m02-055-03-06" tag="RP" text="back">
        <cmp x="1240" y="1282" width="97" height="76" />
        <cmp x="1329" y="1275" width="51" height="80" />
        <cmp x="1378" y="1317" width="34" height="43" />
      </word>
      <word id="m02-055-03-07" tag="PP$" text="our">
        <cmp x="1449" y="1312" width="115" height="52" />
      </word>
      <word id="m02-055-03-08" tag="NN" text="bedroom">
        <cmp x="1620" y="1289" width="112" height="72" />
        <cmp x="1737" y="1313" width="23" height="42" />
        <cmp x="1761" y="1316" width="131" height="43" />
      </word>
      <upper-contour>
        <point x="349" y="1195" />
        <point x="1893" y="1195" />
      </upper-contour>
      <lower-contour>
        <point x="349" y="1369" />
        <point x="1893" y="1369" />
      </lower-contour>
    </line>
    <line ass="-106" asx="0" asy="1456" character-width="999" dss="-106" dsx="0" dsy="1562" fd0="13066" fd1="2668" fd2="-1469" filter-width="3" id="m02-055-04" lbs="6" lbx="0" lby="1534" segmentation="ok" slant="101000" stroke-width="5522" threshold="182" text="furniture in the second year,&amp;quot; she moaned. She" ubs="-333" ubx="0" uby="1487">
      <word id="m02-055-04-00" tag="NN" text="furniture">
        <cmp x="336" y="1460" width="97" height="80" />
        <cmp x="438" y="1487" width="34" height="43" />
        <cmp x="475" y="1470" width="16" height="9" />
        <cmp x="480" y="1499" width="12" height="32" />
        <cmp x="511" y="1463" width="66" height="72" />
        <cmp x="576" y="1491" width="24" height="43" />
        <cmp x="603" y="1485" width="49" height="47" />
      </word>
      <word id="m02-055-04-01" tag="IN" text="in">
        <cmp x="714" y="1467" width="12" height="12" />
        <cmp x="719" y="1487" width="16" height="44" />
        <cmp x="738" y="1494" width="35" height="43" />
      </word>
      <word id="m02-055-04-02" tag="ATI" text="the">
        <cmp x="813" y="1460" width="97" height="73" />
      </word>
      <word id="m02-055-04-03" tag="OD" text="second">
        <cmp x="957" y="1494" width="119" height="48" />
        <cmp x="1072" y="1466" width="119" height="76" />
      </word>
      <word id="m02-055-04-04" tag="NN" text="year">
        <cmp x="1234" y="1503" width="29" height="27" />
        <cmp x="1247" y="1497" width="30" height="68" />
        <cmp x="1278" y="1492" width="88" height="48" />
        <cmp x="1361" y="1491" width="35" height="45" />
      </word>
      <word id="m02-055-04-05" tag="," text=",">
        <cmp x="1404" y="1521" width="7" height="28" />
      </word>
      <word id="m02-055-04-06" tag="**&apos;" text="&quot;">
        <cmp x="1450" y="1478" width="19" height="47" />
      </word>
      <word id="m02-055-04-07" tag="PP3A" text="she">
        <cmp x="1538" y="1493" width="49" height="40" />
        <cmp x="1582" y="1463" width="81" height="72" />
      </word>
      <word id="m02-055-04-08" tag="VBD" text="moaned">
        <cmp x="1719" y="1487" width="147" height="55" />
        <cmp x="1840" y="1520" width="3" height="3" />
        <cmp x="1865" y="1460" width="116" height="75" />
      </word>
      <word id="m02-055-04-09" tag="." text=".">
        <cmp x="1989" y="1517" width="7" height="9" />
      </word>
      <word id="m02-055-04-10" sentence-start="yes" tag="PP3A" text="She">
        <cmp x="2026" y="1479" width="47" height="52" />
        <cmp x="2071" y="1463" width="82" height="78" />
      </word>
      <upper-contour>
        <point x="349" y="1369" />
        <point x="1893" y="1369" />
      </upper-contour>
      <lower-contour>
        <point x="342" y="1565" />
        <point x="2139" y="1565" />
      </lower-contour>
    </line>
    <line ass="-266" asx="0" asy="1627" character-width="999" dss="-266" dsx="0" dsy="1740" fd0="13154" fd1="2320" fd2="-1855" filter-width="3" id="m02-055-05" lbs="-192" lbx="0" lby="1709" segmentation="ok" slant="104000" stroke-width="5589" threshold="182" text="had contacts in political circles, a school-" ubs="-415" ubx="0" uby="1670">
      <word id="m02-055-05-00" tag="HVD" text="had">
        <cmp x="344" y="1629" width="131" height="84" />
      </word>
      <word id="m02-055-05-01" tag="NNS" text="contacts">
        <cmp x="555" y="1663" width="89" height="51" />
        <cmp x="581" y="1684" width="3" height="3" />
        <cmp x="643" y="1673" width="34" height="37" />
        <cmp x="688" y="1643" width="68" height="73" />
        <cmp x="749" y="1668" width="57" height="49" />
        <cmp x="794" y="1638" width="31" height="76" />
        <cmp x="824" y="1664" width="47" height="55" />
      </word>
      <word id="m02-055-05-02" tag="IN" text="in">
        <cmp x="917" y="1647" width="11" height="13" />
        <cmp x="924" y="1678" width="13" height="39" />
        <cmp x="933" y="1678" width="36" height="38" />
      </word>
      <word id="m02-055-05-03" tag="JJ" text="political">
        <cmp x="1020" y="1663" width="129" height="83" />
        <cmp x="1133" y="1655" width="18" height="12" />
        <cmp x="1156" y="1649" width="25" height="67" />
        <cmp x="1191" y="1676" width="12" height="42" />
        <cmp x="1197" y="1648" width="8" height="22" />
        <cmp x="1212" y="1679" width="46" height="48" />
        <cmp x="1248" y="1639" width="100" height="79" />
      </word>
      <word id="m02-055-05-04" tag="NNS" text="circles">
        <cmp x="1429" y="1668" width="64" height="47" />
        <cmp x="1479" y="1648" width="8" height="7" />
        <cmp x="1500" y="1673" width="67" height="40" />
        <cmp x="1571" y="1653" width="136" height="68" />
      </word>
      <word id="m02-055-05-05" tag="," text=",">
        <cmp x="1743" y="1698" width="7" height="34" />
      </word>
      <word id="m02-055-05-06" tag="AT" text="a">
        <cmp x="1770" y="1678" width="58" height="45" />
      </word>
      <word id="m02-055-05-07" tag="NN-" text="school-">
        <cmp x="1860" y="1646" width="226" height="82" />
        <cmp x="2096" y="1695" width="43" height="11" />
      </word>
      <upper-contour>
        <point x="342" y="1565" />
        <point x="2139" y="1565" />
      </upper-contour>
      <lower-contour>
        <point x="342" y="1746" />
        <point x="2139" y="1746" />
      </lower-contour>
    </line>
    <line ass="-217" asx="0" asy="1806" character-width="999" dss="-217" dsx="0" dsy="1947" fd0="13041" fd1="2710" fd2="-1608" filter-width="3" id="m02-055-06" lbs="-166" lbx="0" lby="1889" segmentation="ok" slant="101000" stroke-width="5671" threshold="182" text="friend of hers having married Lester Peron," ubs="-320" ubx="0" uby="1846">
      <word id="m02-055-06-00" tag="-NN" text="friend">
        <cmp x="339" y="1819" width="52" height="80" />
        <cmp x="396" y="1850" width="14" height="46" />
        <cmp x="398" y="1834" width="8" height="10" />
        <cmp x="407" y="1818" width="130" height="76" />
      </word>
      <word id="m02-055-06-01" tag="INO" text="of">
        <cmp x="622" y="1847" width="47" height="45" />
        <cmp x="678" y="1810" width="31" height="99" />
      </word>
      <word id="m02-055-06-02" tag="PP$$" text="hers">
        <cmp x="796" y="1817" width="149" height="76" />
      </word>
      <word id="m02-055-06-03" tag="HVG" text="having">
        <cmp x="1052" y="1834" width="44" height="62" />
        <cmp x="1096" y="1855" width="96" height="42" />
        <cmp x="1189" y="1831" width="13" height="17" />
        <cmp x="1198" y="1858" width="13" height="34" />
        <cmp x="1216" y="1859" width="31" height="35" />
        <cmp x="1249" y="1864" width="37" height="88" />
      </word>
      <word id="m02-055-06-04" tag="VBN" text="married">
        <cmp x="1328" y="1848" width="173" height="52" />
        <cmp x="1502" y="1829" width="12" height="8" />
        <cmp x="1507" y="1859" width="7" height="31" />
        <cmp x="1520" y="1849" width="44" height="47" />
        <cmp x="1567" y="1856" width="48" height="40" />
        <cmp x="1590" y="1820" width="15" height="63" />
      </word>
      <word id="m02-055-06-05" tag="NP" text="Lester">
        <cmp x="1715" y="1824" width="41" height="66" />
        <cmp x="1756" y="1826" width="163" height="77" />
      </word>
      <word id="m02-055-06-06" tag="NP" text="Peron">
        <cmp x="1960" y="1829" width="42" height="66" />
        <cmp x="1995" y="1855" width="106" height="47" />
        <cmp x="2107" y="1857" width="42" height="43" />
      </word>
      <word id="m02-055-06-07" tag="," text=",">
        <cmp x="2152" y="1883" width="8" height="28" />
      </word>
      <upper-contour>
        <point x="342" y="1746" />
        <point x="2139" y="1746" />
      </upper-contour>
      <lower-contour>
        <point x="342" y="1952" />
        <point x="1951" y="1952" />
      </lower-contour>
    </line>
    <line ass="-464" asx="0" asy="1981" character-width="999" dss="-464" dsx="0" dsy="2073" fd0="12899" fd1="2512" fd2="-1460" filter-width="3" id="m02-055-07" lbs="-497" lbx="0" lby="2062" segmentation="ok" slant="102000" stroke-width="5599" threshold="182" text="a Mocrat Senator with a seat on the" ubs="-400" ubx="0" uby="2020">
      <word id="m02-055-07-00" tag="AT" text="a">
        <cmp x="344" y="2008" width="59" height="56" />
      </word>
      <word id="m02-055-07-01" tag="NP" text="Mocrat">
        <cmp x="485" y="1998" width="130" height="77" />
        <cmp x="615" y="2024" width="84" height="53" />
        <cmp x="692" y="1991" width="31" height="80" />
      </word>
      <word id="m02-055-07-02" tag="NPT" text="Senator">
        <cmp x="830" y="1999" width="284" height="84" />
      </word>
      <word id="m02-055-07-03" tag="IN" text="with">
        <cmp x="1162" y="2026" width="74" height="52" />
        <cmp x="1229" y="2012" width="12" height="12" />
        <cmp x="1237" y="2034" width="10" height="44" />
        <cmp x="1264" y="1994" width="34" height="82" />
        <cmp x="1288" y="1992" width="41" height="87" />
      </word>
      <word id="m02-055-07-04" tag="AT" text="a">
        <cmp x="1382" y="2029" width="62" height="51" />
      </word>
      <word id="m02-055-07-05" tag="NN" text="seat">
        <cmp x="1501" y="2025" width="145" height="52" />
        <cmp x="1637" y="2000" width="27" height="72" />
      </word>
      <word id="m02-055-07-06" tag="IN" text="on">
        <cmp x="1733" y="2033" width="47" height="41" />
        <cmp x="1781" y="2033" width="39" height="43" />
      </word>
      <word id="m02-055-07-07" tag="ATI" text="the">
        <cmp x="1850" y="2004" width="33" height="69" />
        <cmp x="1878" y="1998" width="28" height="78" />
        <cmp x="1908" y="2030" width="43" height="52" />
      </word>
      <upper-contour>
        <point x="342" y="1952" />
        <point x="1951" y="1952" />
      </upper-contour>
      <lower-contour>
        <point x="350" y="2083" />
        <point x="1951" y="2083" />
      </lower-contour>
    </line>
    <line ass="-310" asx="0" asy="2156" character-width="999" dss="-310" dsx="0" dsy="2273" fd0="12997" fd1="2376" fd2="-2087" filter-width="3" id="m02-055-08" lbs="-169" lbx="0" lby="2247" segmentation="err" slant="92000" stroke-width="5500" threshold="176" text="(literally) all-powerful Rocket Release" ubs="-593" ubx="0" uby="2202">
      <word id="m02-055-08-00" tag="(" text="(">
        <cmp x="352" y="2169" width="31" height="81" />
      </word>
      <word id="m02-055-08-01" tag="RB" text="literally">
        <cmp x="394" y="2172" width="52" height="74" />
        <cmp x="436" y="2167" width="10" height="12" />
        <cmp x="451" y="2174" width="100" height="83" />
        <cmp x="551" y="2211" width="61" height="41" />
        <cmp x="601" y="2175" width="102" height="96" />
        <cmp x="699" y="2161" width="16" height="87" />
      </word>
      <word id="m02-055-08-02" tag=")" text=")">
        <cmp x="790" y="2185" width="144" height="71" />
      </word>
      <word id="m02-055-08-03" tag="JJ" text="all-powerful">
        <cmp x="943" y="2229" width="31" height="9" />
        <cmp x="995" y="2206" width="80" height="74" />
        <cmp x="1078" y="2203" width="134" height="54" />
        <cmp x="1150" y="2238" width="4" height="3" />
        <cmp x="1217" y="2171" width="33" height="86" />
        <cmp x="1243" y="2212" width="40" height="40" />
        <cmp x="1285" y="2188" width="48" height="58" />
      </word>
      <word id="m02-055-08-04" tag="NN" text="Rocket">
        <cmp x="1404" y="2194" width="56" height="65" />
        <cmp x="1453" y="2170" width="92" height="88" />
        <cmp x="1546" y="2214" width="59" height="49" />
        <cmp x="1600" y="2180" width="27" height="66" />
      </word>
      <word id="m02-055-08-05" tag="NN" text="Release">
        <cmp x="1703" y="2188" width="139" height="74" />
        <cmp x="1840" y="2210" width="85" height="52" />
        <cmp x="1913" y="2214" width="74" height="44" />
      </word>
      <upper-contour>
        <point x="350" y="2083" />
        <point x="1951" y="2083" />
      </upper-contour>
      <lower-contour>
        <point x="378" y="2257" />
        <point x="600" y="2257" />
      </lower-contour>
    </line>
    <line ass="-376" asx="0" asy="2341" character-width="999" dss="-376" dsx="0" dsy="2424" fd0="12886" fd1="2363" fd2="-2009" filter-width="3" id="m02-055-09" lbs="1199" lbx="0" lby="2433" segmentation="ok" slant="102000" stroke-width="5391" threshold="176" text="Board." ubs="-3528" ubx="0" uby="2370">
      <word id="m02-055-09-00" tag="NN" text="Board">
        <cmp x="380" y="2368" width="14" height="51" />
        <cmp x="382" y="2348" width="159" height="80" />
        <cmp x="485" y="2409" width="3" height="4" />
        <cmp x="538" y="2346" width="48" height="77" />
      </word>
      <word id="m02-055-09-01" tag="." text=".">
        <cmp x="593" y="2415" width="7" height="8" />
      </word>
      <upper-contour>
        <point x="378" y="2257" />
        <point x="600" y="2257" />
      </upper-contour>
      <lower-contour>
        <point x="378" y="2428" />
        <point x="600" y="2428" />
      </lower-contour>
    </line>
    <line ass="516" asx="0" asy="2689" character-width="999" dss="516" dsx="0" dsy="2801" fd0="12021" fd1="2128" fd2="-3285" filter-width="3" id="m02-055-10" lbs="33" lbx="0" lby="2792" segmentation="ok" slant="90000" stroke-width="5443" threshold="176" text="Hostettler" ubs="1483" ubx="0" uby="2741">
      <word id="m02-055-10-00" sentence-start="yes" tag="NP" text="Hostettler">
        <cmp x="378" y="2689" width="366" height="107" />
        <cmp x="624" y="2685" width="35" height="105" />
      </word>
      <upper-contour>
        <point x="378" y="2428" />
        <point x="600" y="2428" />
      </upper-contour>
    </line>
  </handwritten-part>
</form>

