<?xml version="1.0" encoding="ISO-8859-1"?>

<!DOCTYPE form SYSTEM 'http://www.iam.unibe.ch/~fki/iamdb/form-metadata.dtd'>

<form created="2002-01-25" height="3542" id="m02-102" last-modified="2002-07-17" skew="-30" status="final" version="3.0_beta" width="2479" writer-id="533">
  <machine-printed-part>
    <machine-print-line text="At the centre of each circle stood personnel managers of corporations, together with" />
    <machine-print-line text="professors and their filing clerks. The students had bought their college education" />
    <machine-print-line text="forward and were now being bought forward in their turn. By comparing personal" />
    <machine-print-line text="appearances with university records, the agents of the businesses would pick on young" />
    <machine-print-line text="men and women who interested them, and contracts would be initialled at the end of" />
    <machine-print-line text="the parade." />
  </machine-printed-part>
  <handwritten-part>
    <line ass="-151" asx="0" asy="811" character-width="999" dss="-151" dsx="0" dsy="904" fd0="13008" fd1="3390" fd2="-172" filter-width="3" id="m02-102-00" lbs="-145" lbx="0" lby="877" segmentation="ok" slant="81000" stroke-width="5569" threshold="176" text="At the centre of each circle stood personnel" ubs="-164" ubx="0" uby="847">
      <word id="m02-102-00-00" sentence-start="yes" tag="IN" text="At">
        <cmp x="348" y="818" width="33" height="59" />
        <cmp x="386" y="821" width="14" height="53" />
      </word>
      <word id="m02-102-00-01" tag="ATI" text="the">
        <cmp x="461" y="825" width="107" height="53" />
      </word>
      <word id="m02-102-00-02" tag="NN" text="centre">
        <cmp x="625" y="848" width="96" height="37" />
        <cmp x="729" y="829" width="83" height="55" />
      </word>
      <word id="m02-102-00-03" tag="INO" text="of">
        <cmp x="884" y="850" width="28" height="34" />
        <cmp x="917" y="816" width="35" height="87" />
      </word>
      <word id="m02-102-00-04" tag="DT" text="each">
        <cmp x="1000" y="851" width="27" height="31" />
        <cmp x="1037" y="849" width="44" height="29" />
        <cmp x="1083" y="828" width="73" height="61" />
      </word>
      <word id="m02-102-00-05" tag="NN" text="circle">
        <cmp x="1229" y="853" width="49" height="30" />
        <cmp x="1287" y="861" width="25" height="26" />
        <cmp x="1288" y="816" width="7" height="13" />
        <cmp x="1315" y="851" width="23" height="26" />
        <cmp x="1343" y="821" width="60" height="63" />
      </word>
      <word id="m02-102-00-06" tag="VBD" text="stood">
        <cmp x="1473" y="849" width="32" height="35" />
        <cmp x="1511" y="828" width="83" height="63" />
        <cmp x="1592" y="821" width="60" height="49" />
      </word>
      <word id="m02-102-00-07" tag="NNS" text="personnel">
        <cmp x="1712" y="851" width="41" height="58" />
        <cmp x="1754" y="850" width="105" height="39" />
        <cmp x="1861" y="855" width="98" height="26" />
        <cmp x="1962" y="823" width="80" height="56" />
      </word>
      <lower-contour>
        <point x="346" y="910" />
        <point x="2043" y="910" />
      </lower-contour>
    </line>
    <line ass="-40" asx="0" asy="991" character-width="999" dss="-40" dsx="0" dsy="1119" fd0="13037" fd1="2519" fd2="-800" filter-width="4" id="m02-102-01" lbs="-113" lbx="0" lby="1060" segmentation="err" slant="84000" stroke-width="6500" threshold="182" text="managers of corporations, together with professors" ubs="105" ubx="0" uby="1032">
      <word id="m02-102-01-00" tag="NNS" text="managers">
        <cmp x="322" y="1024" width="66" height="44" />
        <cmp x="396" y="1023" width="89" height="40" />
        <cmp x="489" y="1025" width="138" height="96" />
        <cmp x="625" y="1026" width="27" height="41" />
      </word>
      <word id="m02-102-01-01" tag="INO" text="of">
        <cmp x="684" y="1032" width="35" height="24" />
        <cmp x="733" y="993" width="27" height="86" />
      </word>
      <word id="m02-102-01-02" tag="NNS" text="corporations">
        <cmp x="843" y="1022" width="175" height="63" />
        <cmp x="1021" y="1022" width="55" height="36" />
        <cmp x="1084" y="999" width="108" height="63" />
        <cmp x="1116" y="993" width="6" height="9" />
        <cmp x="1193" y="1029" width="30" height="31" />
        <cmp x="1205" y="1054" width="15" height="25" />
      </word>
      <word id="m02-102-01-03" tag="," text=",">
        <cmp x="1283" y="1000" width="50" height="68" />
      </word>
      <word id="m02-102-01-04" tag="RB" text="together">
        <cmp x="1337" y="998" width="199" height="110" />
      </word>
      <word id="m02-102-01-05" tag="IN" text="with">
        <cmp x="1598" y="1028" width="100" height="36" />
        <cmp x="1704" y="1001" width="7" height="8" />
        <cmp x="1709" y="1004" width="24" height="62" />
        <cmp x="1735" y="1002" width="43" height="62" />
      </word>
      <word id="m02-102-01-06" tag="NNS" text="professors">
        <cmp x="1864" y="1034" width="46" height="61" />
        <cmp x="1912" y="1034" width="51" height="40" />
        <cmp x="1964" y="1002" width="92" height="77" />
        <cmp x="2069" y="1021" width="33" height="34" />
        <cmp x="2097" y="1015" width="23" height="42" />
      </word>
      <upper-contour>
        <point x="346" y="910" />
        <point x="2043" y="910" />
      </upper-contour>
      <lower-contour>
        <point x="320" y="1121" />
        <point x="2026" y="1121" />
      </lower-contour>
    </line>
    <line ass="193" asx="0" asy="1169" character-width="999" dss="193" dsx="0" dsy="1289" fd0="13334" fd1="2919" fd2="97" filter-width="4" id="m02-102-02" lbs="181" lbx="0" lby="1246" segmentation="ok" slant="64000" stroke-width="6585" threshold="182" text="and their filing clerks. The students had" ubs="217" ubx="0" uby="1217">
      <word id="m02-102-02-00" tag="CC" text="and">
        <cmp x="318" y="1212" width="94" height="32" />
        <cmp x="422" y="1185" width="49" height="55" />
      </word>
      <word id="m02-102-02-01" tag="PP$" text="their">
        <cmp x="547" y="1185" width="136" height="64" />
        <cmp x="675" y="1185" width="8" height="6" />
        <cmp x="695" y="1209" width="22" height="33" />
      </word>
      <word id="m02-102-02-02" tag="JJ" text="filing">
        <cmp x="795" y="1179" width="48" height="75" />
        <cmp x="849" y="1184" width="8" height="7" />
        <cmp x="857" y="1191" width="63" height="60" />
        <cmp x="916" y="1180" width="8" height="10" />
        <cmp x="926" y="1233" width="39" height="12" />
        <cmp x="973" y="1220" width="21" height="66" />
      </word>
      <word id="m02-102-02-03" tag="NNS" text="clerks">
        <cmp x="1056" y="1178" width="178" height="67" />
        <cmp x="1118" y="1206" width="4" height="6" />
        <cmp x="1236" y="1202" width="22" height="39" />
      </word>
      <word id="m02-102-02-04" tag="." text=".">
        <cmp x="1287" y="1233" width="14" height="12" />
      </word>
      <word id="m02-102-02-05" sentence-start="yes" tag="ATI" text="The">
        <cmp x="1345" y="1180" width="33" height="79" />
        <cmp x="1356" y="1165" width="136" height="73" />
      </word>
      <word id="m02-102-02-06" tag="NNS" text="students">
        <cmp x="1542" y="1207" width="32" height="37" />
        <cmp x="1573" y="1184" width="64" height="61" />
        <cmp x="1641" y="1197" width="95" height="48" />
        <cmp x="1755" y="1184" width="38" height="64" />
      </word>
      <word id="m02-102-02-07" tag="HVD" text="had">
        <cmp x="1869" y="1186" width="45" height="63" />
        <cmp x="1925" y="1215" width="26" height="27" />
        <cmp x="1969" y="1183" width="56" height="57" />
      </word>
      <upper-contour>
        <point x="320" y="1121" />
        <point x="2026" y="1121" />
      </upper-contour>
      <lower-contour>
        <point x="321" y="1286" />
        <point x="2026" y="1286" />
      </lower-contour>
    </line>
    <line ass="117" asx="0" asy="1342" character-width="999" dss="117" dsx="0" dsy="1485" fd0="13189" fd1="2788" fd2="-350" filter-width="4" id="m02-102-03" lbs="193" lbx="0" lby="1428" segmentation="err" slant="74000" stroke-width="6279" threshold="182" text="bought their college education forward and" ubs="-34" ubx="0" uby="1391">
      <word id="m02-102-03-00" tag="VBN" text="bought">
        <cmp x="323" y="1342" width="112" height="85" />
        <cmp x="415" y="1394" width="55" height="75" />
        <cmp x="471" y="1357" width="37" height="62" />
        <cmp x="526" y="1356" width="15" height="63" />
      </word>
      <word id="m02-102-03-01" tag="PP$" text="their">
        <cmp x="664" y="1364" width="147" height="62" />
        <cmp x="819" y="1357" width="6" height="10" />
        <cmp x="820" y="1387" width="31" height="35" />
      </word>
      <word id="m02-102-03-02" tag="NN" text="college">
        <cmp x="958" y="1393" width="80" height="40" />
        <cmp x="1051" y="1377" width="84" height="57" />
        <cmp x="1125" y="1395" width="75" height="89" />
      </word>
      <word id="m02-102-03-03" tag="NN" text="education">
        <cmp x="1257" y="1386" width="31" height="30" />
        <cmp x="1307" y="1346" width="53" height="77" />
        <cmp x="1355" y="1380" width="37" height="36" />
        <cmp x="1406" y="1385" width="21" height="33" />
        <cmp x="1435" y="1378" width="33" height="38" />
        <cmp x="1488" y="1358" width="122" height="68" />
        <cmp x="1535" y="1362" width="7" height="17" />
        <cmp x="1629" y="1419" width="5" height="7" />
      </word>
      <word id="m02-102-03-04" tag="RB" text="forward">
        <cmp x="1699" y="1346" width="101" height="89" />
        <cmp x="1795" y="1397" width="56" height="31" />
        <cmp x="1861" y="1386" width="72" height="38" />
        <cmp x="1928" y="1368" width="55" height="65" />
      </word>
      <word id="m02-102-03-05" tag="CC" text="and">
        <cmp x="2023" y="1389" width="90" height="30" />
        <cmp x="2125" y="1364" width="53" height="60" />
      </word>
      <upper-contour>
        <point x="321" y="1286" />
        <point x="2026" y="1286" />
      </upper-contour>
      <lower-contour>
        <point x="321" y="1484" />
        <point x="2081" y="1484" />
      </lower-contour>
    </line>
    <line ass="77" asx="0" asy="1535" character-width="999" dss="77" dsx="0" dsy="1657" fd0="13492" fd1="3063" fd2="145" filter-width="4" id="m02-102-04" lbs="40" lbx="0" lby="1603" segmentation="ok" slant="71000" stroke-width="6069" threshold="176" text="were now being bought forward in their" ubs="150" ubx="0" uby="1576">
      <word id="m02-102-04-00" tag="BED" text="were">
        <cmp x="319" y="1558" width="170" height="51" />
      </word>
      <word id="m02-102-04-01" tag="RN" text="now">
        <cmp x="591" y="1563" width="41" height="39" />
        <cmp x="642" y="1571" width="99" height="41" />
      </word>
      <word id="m02-102-04-02" tag="BEG" text="being">
        <cmp x="856" y="1560" width="97" height="49" />
        <cmp x="948" y="1547" width="9" height="14" />
        <cmp x="959" y="1576" width="32" height="25" />
        <cmp x="984" y="1578" width="63" height="79" />
      </word>
      <word id="m02-102-04-03" tag="VBN" text="bought">
        <cmp x="1132" y="1543" width="15" height="54" />
        <cmp x="1140" y="1578" width="28" height="22" />
        <cmp x="1181" y="1573" width="24" height="20" />
        <cmp x="1211" y="1566" width="32" height="38" />
        <cmp x="1239" y="1578" width="38" height="78" />
        <cmp x="1289" y="1539" width="39" height="69" />
        <cmp x="1337" y="1545" width="25" height="71" />
      </word>
      <word id="m02-102-04-04" tag="RB" text="forward">
        <cmp x="1437" y="1544" width="209" height="76" />
        <cmp x="1651" y="1564" width="34" height="29" />
        <cmp x="1685" y="1534" width="16" height="55" />
      </word>
      <word id="m02-102-04-05" tag="IN" text="in">
        <cmp x="1775" y="1571" width="17" height="35" />
        <cmp x="1796" y="1572" width="32" height="27" />
        <cmp x="1803" y="1538" width="6" height="9" />
      </word>
      <word id="m02-102-04-06" tag="PP$" text="their">
        <cmp x="1909" y="1545" width="124" height="63" />
        <cmp x="2052" y="1570" width="28" height="41" />
        <cmp x="2061" y="1543" width="6" height="12" />
      </word>
      <upper-contour>
        <point x="321" y="1484" />
        <point x="2081" y="1484" />
      </upper-contour>
      <lower-contour>
        <point x="334" y="1657" />
        <point x="2081" y="1657" />
      </lower-contour>
    </line>
    <line ass="-10" asx="0" asy="1693" character-width="999" dss="-10" dsx="0" dsy="1836" fd0="13008" fd1="2349" fd2="-784" filter-width="4" id="m02-102-05" lbs="-3" lbx="0" lby="1776" segmentation="ok" slant="75000" stroke-width="6631" threshold="182" text="turn. By comparing personal appearances" ubs="-22" ubx="0" uby="1749">
      <word id="m02-102-05-00" tag="NN" text="turn">
        <cmp x="336" y="1697" width="24" height="78" />
        <cmp x="365" y="1708" width="45" height="66" />
        <cmp x="419" y="1733" width="74" height="43" />
      </word>
      <word id="m02-102-05-01" tag="." text=".">
        <cmp x="535" y="1773" width="8" height="12" />
      </word>
      <word id="m02-102-05-02" sentence-start="yes" tag="IN" text="By">
        <cmp x="652" y="1695" width="49" height="67" />
        <cmp x="690" y="1736" width="44" height="91" />
      </word>
      <word id="m02-102-05-03" tag="VBG" text="comparing">
        <cmp x="830" y="1738" width="149" height="40" />
        <cmp x="986" y="1748" width="127" height="53" />
        <cmp x="1120" y="1766" width="31" height="11" />
        <cmp x="1121" y="1715" width="5" height="9" />
        <cmp x="1150" y="1760" width="49" height="77" />
      </word>
      <word id="m02-102-05-04" tag="JJ" text="personal">
        <cmp x="1311" y="1749" width="111" height="70" />
        <cmp x="1415" y="1744" width="32" height="36" />
        <cmp x="1446" y="1742" width="67" height="39" />
        <cmp x="1519" y="1744" width="61" height="30" />
        <cmp x="1579" y="1721" width="21" height="57" />
        <cmp x="1580" y="1738" width="5" height="6" />
      </word>
      <word id="m02-102-05-05" tag="NNS" text="appearances">
        <cmp x="1682" y="1746" width="39" height="31" />
        <cmp x="1722" y="1747" width="44" height="72" />
        <cmp x="1762" y="1741" width="253" height="66" />
        <cmp x="2016" y="1742" width="78" height="39" />
      </word>
      <upper-contour>
        <point x="334" y="1657" />
        <point x="2081" y="1657" />
      </upper-contour>
      <lower-contour>
        <point x="344" y="1837" />
        <point x="2095" y="1837" />
      </lower-contour>
    </line>
    <line ass="-458" asx="0" asy="1878" character-width="999" dss="-458" dsx="0" dsy="2028" fd0="13269" fd1="2602" fd2="-544" filter-width="4" id="m02-102-06" lbs="-491" lbx="0" lby="1951" segmentation="ok" slant="71000" stroke-width="6379" threshold="182" text="with university records, the agents of the" ubs="-394" ubx="0" uby="1924">
      <word id="m02-102-06-00" tag="IN" text="with">
        <cmp x="346" y="1930" width="93" height="40" />
        <cmp x="457" y="1884" width="13" height="73" />
        <cmp x="480" y="1885" width="42" height="63" />
      </word>
      <word id="m02-102-06-01" tag="NN" text="university">
        <cmp x="614" y="1924" width="122" height="35" />
        <cmp x="756" y="1934" width="20" height="27" />
        <cmp x="777" y="1900" width="5" height="11" />
        <cmp x="779" y="1923" width="106" height="42" />
        <cmp x="907" y="1938" width="9" height="21" />
        <cmp x="926" y="1897" width="5" height="4" />
        <cmp x="934" y="1896" width="64" height="141" />
      </word>
      <word id="m02-102-06-02" tag="NNS" text="records">
        <cmp x="1104" y="1919" width="58" height="49" />
        <cmp x="1163" y="1927" width="109" height="38" />
        <cmp x="1269" y="1889" width="48" height="62" />
        <cmp x="1307" y="1913" width="31" height="39" />
      </word>
      <word id="m02-102-06-03" tag="," text=",">
        <cmp x="1322" y="1944" width="21" height="33" />
      </word>
      <word id="m02-102-06-04" tag="ATI" text="the">
        <cmp x="1430" y="1902" width="111" height="70" />
      </word>
      <word id="m02-102-06-05" tag="NNS" text="agents">
        <cmp x="1626" y="1931" width="37" height="32" />
        <cmp x="1648" y="1924" width="129" height="104" />
        <cmp x="1798" y="1912" width="25" height="64" />
        <cmp x="1814" y="1937" width="42" height="31" />
      </word>
      <word id="m02-102-06-06" tag="INO" text="of">
        <cmp x="1887" y="1932" width="36" height="33" />
        <cmp x="1934" y="1897" width="35" height="88" />
      </word>
      <word id="m02-102-06-07" tag="ATI" text="the">
        <cmp x="1992" y="1901" width="112" height="70" />
      </word>
      <upper-contour>
        <point x="344" y="1837" />
        <point x="2095" y="1837" />
      </upper-contour>
      <lower-contour>
        <point x="345" y="2037" />
        <point x="2022" y="2037" />
      </lower-contour>
    </line>
    <line ass="-54" asx="0" asy="2062" character-width="999" dss="-54" dsx="0" dsy="2217" fd0="13738" fd1="2892" fd2="-756" filter-width="4" id="m02-102-07" lbs="-40" lbx="0" lby="2136" segmentation="err" slant="73000" stroke-width="6348" threshold="182" text="businesses would pick on young men" ubs="-81" ubx="0" uby="2103">
      <word id="m02-102-07-00" tag="NNS" text="businesses">
        <cmp x="347" y="2064" width="37" height="65" />
        <cmp x="389" y="2100" width="88" height="38" />
        <cmp x="477" y="2077" width="6" height="7" />
        <cmp x="478" y="2091" width="98" height="49" />
        <cmp x="569" y="2093" width="29" height="49" />
        <cmp x="601" y="2091" width="39" height="44" />
        <cmp x="638" y="2092" width="29" height="52" />
      </word>
      <word id="m02-102-07-01" tag="MD" text="would">
        <cmp x="819" y="2106" width="53" height="35" />
        <cmp x="884" y="2102" width="29" height="32" />
        <cmp x="915" y="2106" width="44" height="29" />
        <cmp x="965" y="2074" width="36" height="68" />
        <cmp x="987" y="2078" width="47" height="57" />
      </word>
      <word id="m02-102-07-02" tag="VB" text="pick">
        <cmp x="1126" y="2094" width="40" height="76" />
        <cmp x="1172" y="2115" width="17" height="24" />
        <cmp x="1196" y="2101" width="26" height="39" />
        <cmp x="1226" y="2079" width="36" height="60" />
      </word>
      <word id="m02-102-07-03" tag="IN" text="on">
        <cmp x="1360" y="2098" width="102" height="41" />
      </word>
      <word id="m02-102-07-04" tag="JJ" text="young">
        <cmp x="1566" y="2102" width="48" height="117" />
        <cmp x="1623" y="2102" width="84" height="33" />
        <cmp x="1711" y="2110" width="49" height="36" />
        <cmp x="1728" y="2122" width="80" height="93" />
      </word>
      <word id="m02-102-07-05" tag="NNS" text="men">
        <cmp x="1867" y="2097" width="154" height="47" />
      </word>
      <upper-contour>
        <point x="345" y="2037" />
        <point x="2022" y="2037" />
      </upper-contour>
      <lower-contour>
        <point x="345" y="2219" />
        <point x="2022" y="2219" />
      </lower-contour>
    </line>
    <line ass="-21" asx="0" asy="2254" character-width="999" dss="-21" dsx="0" dsy="2349" fd0="13312" fd1="2633" fd2="-720" filter-width="4" id="m02-102-08" lbs="25" lbx="0" lby="2319" segmentation="ok" slant="77000" stroke-width="6461" threshold="182" text="and women who interested them, and contracts" ubs="-115" ubx="0" uby="2285">
      <word id="m02-102-08-00" tag="CC" text="and">
        <cmp x="341" y="2279" width="104" height="43" />
        <cmp x="463" y="2265" width="47" height="48" />
      </word>
      <word id="m02-102-08-01" tag="NNS" text="women">
        <cmp x="617" y="2282" width="167" height="40" />
        <cmp x="791" y="2278" width="77" height="41" />
      </word>
      <word id="m02-102-08-02" tag="WP" text="who">
        <cmp x="995" y="2279" width="69" height="40" />
        <cmp x="1065" y="2257" width="40" height="62" />
        <cmp x="1108" y="2286" width="30" height="31" />
      </word>
      <word id="m02-102-08-03" tag="VBD" text="interested">
        <cmp x="1242" y="2292" width="12" height="33" />
        <cmp x="1257" y="2299" width="35" height="28" />
        <cmp x="1261" y="2267" width="5" height="6" />
        <cmp x="1317" y="2268" width="93" height="51" />
        <cmp x="1398" y="2279" width="30" height="35" />
        <cmp x="1432" y="2256" width="33" height="75" />
        <cmp x="1477" y="2271" width="52" height="50" />
      </word>
      <word id="m02-102-08-04" tag="PP3OS" text="them">
        <cmp x="1576" y="2261" width="53" height="66" />
        <cmp x="1628" y="2278" width="95" height="44" />
      </word>
      <word id="m02-102-08-05" tag="," text=",">
        <cmp x="1723" y="2318" width="20" height="32" />
      </word>
      <word id="m02-102-08-06" tag="CC" text="and">
        <cmp x="1819" y="2297" width="33" height="23" />
        <cmp x="1852" y="2285" width="15" height="40" />
        <cmp x="1870" y="2271" width="48" height="50" />
      </word>
      <word id="m02-102-08-07" tag="NNS" text="contracts">
        <cmp x="1953" y="2282" width="34" height="33" />
        <cmp x="1995" y="2283" width="59" height="34" />
        <cmp x="2060" y="2256" width="69" height="68" />
        <cmp x="2128" y="2293" width="25" height="23" />
        <cmp x="2157" y="2268" width="42" height="73" />
      </word>
      <upper-contour>
        <point x="345" y="2219" />
        <point x="2022" y="2219" />
      </upper-contour>
      <lower-contour>
        <point x="350" y="2350" />
        <point x="2040" y="2350" />
      </lower-contour>
    </line>
    <line ass="-43" asx="0" asy="2427" character-width="999" dss="-43" dsx="0" dsy="2532" fd0="13429" fd1="3109" fd2="550" filter-width="4" id="m02-102-09" lbs="-86" lbx="0" lby="2494" segmentation="ok" slant="77000" stroke-width="6338" threshold="182" text="would be initialled at the end of" ubs="42" ubx="0" uby="2466">
      <word id="m02-102-09-00" tag="MD" text="would">
        <cmp x="352" y="2463" width="144" height="42" />
        <cmp x="502" y="2435" width="30" height="52" />
        <cmp x="521" y="2436" width="51" height="58" />
      </word>
      <word id="m02-102-09-01" tag="BE" text="be">
        <cmp x="655" y="2441" width="89" height="60" />
      </word>
      <word id="m02-102-09-02" tag="VBN" text="initialled">
        <cmp x="853" y="2473" width="13" height="25" />
        <cmp x="873" y="2467" width="33" height="34" />
        <cmp x="878" y="2433" width="7" height="8" />
        <cmp x="933" y="2482" width="7" height="28" />
        <cmp x="940" y="2442" width="7" height="8" />
        <cmp x="970" y="2438" width="31" height="67" />
        <cmp x="1007" y="2441" width="7" height="11" />
        <cmp x="1023" y="2477" width="37" height="20" />
        <cmp x="1081" y="2436" width="25" height="54" />
        <cmp x="1099" y="2438" width="93" height="62" />
        <cmp x="1197" y="2434" width="18" height="55" />
      </word>
      <word id="m02-102-09-03" tag="IN" text="at">
        <cmp x="1329" y="2470" width="38" height="27" />
        <cmp x="1401" y="2430" width="22" height="65" />
      </word>
      <word id="m02-102-09-04" tag="ATI" text="the">
        <cmp x="1532" y="2430" width="30" height="53" />
        <cmp x="1562" y="2440" width="75" height="59" />
      </word>
      <word id="m02-102-09-05" tag="NN" text="end">
        <cmp x="1688" y="2463" width="97" height="32" />
        <cmp x="1808" y="2445" width="60" height="57" />
      </word>
      <word id="m02-102-09-06" tag="INO" text="of">
        <cmp x="1961" y="2476" width="23" height="27" />
        <cmp x="2003" y="2431" width="36" height="103" />
      </word>
      <upper-contour>
        <point x="350" y="2350" />
        <point x="2040" y="2350" />
      </upper-contour>
      <lower-contour>
        <point x="352" y="2505" />
        <point x="822" y="2505" />
      </lower-contour>
    </line>
    <line ass="1589" asx="0" asy="2609" character-width="999" dss="1589" dsx="0" dsy="2711" fd0="12966" fd1="2939" fd2="-378" filter-width="4" id="m02-102-10" lbs="1550" lbx="0" lby="2684" segmentation="err" slant="81000" stroke-width="6483" threshold="182" text="the parade." ubs="1669" ubx="0" uby="2649">
      <word id="m02-102-10-00" tag="ATI" text="the">
        <cmp x="354" y="2600" width="104" height="80" />
      </word>
      <word id="m02-102-10-01" tag="NN" text="parade">
        <cmp x="561" y="2625" width="39" height="71" />
        <cmp x="599" y="2631" width="79" height="37" />
        <cmp x="682" y="2628" width="29" height="40" />
      </word>
      <word id="m02-102-10-02" tag="." text=".">
        <cmp x="728" y="2600" width="94" height="66" />
      </word>
      <upper-contour>
        <point x="352" y="2505" />
        <point x="822" y="2505" />
      </upper-contour>
    </line>
  </handwritten-part>
</form>

