<?xml version="1.0" encoding="ISO-8859-1"?>

<!DOCTYPE form SYSTEM 'http://www.iam.unibe.ch/~fki/iamdb/form-metadata.dtd'>

<form created="2002-01-25" height="3542" id="m02-048" last-modified="2002-07-17" skew="-63" status="final" version="3.0_beta" width="2479" writer-id="520">
  <machine-printed-part>
    <machine-print-line text="Then he would go back to Plato for a final spell of real days and would return to New" />
    <machine-print-line text="York in late January or early February. Angelina might be a little sorry if we were" />
    <machine-print-line text="not back for Christmas as arranged, but he consoled himself by thinking that he and" />
    <machine-print-line text="Angelina would have plenty of time together in the future. And Heaven alone knew" />
    <machine-print-line text="when, if ever, he would be back on Moon again, and able to do research at first hand" />
    <machine-print-line text="into matters on which the future of everyone, including Angelina, depended..." />
  </machine-printed-part>
  <handwritten-part>
    <line ass="-821" asx="0" asy="706" character-width="999" dss="-821" dsx="0" dsy="850" fd0="14691" fd1="3533" fd2="-339" filter-width="3" id="m02-048-00" lbs="-843" lbx="0" lby="801" segmentation="ok" slant="63000" stroke-width="5564" threshold="191" text="Then he would go back to Plato for a final spell of" ubs="-776" ubx="0" uby="769">
      <word id="m02-048-00-00" sentence-start="yes" tag="RN" text="Then">
        <cmp x="365" y="735" width="66" height="63" />
        <cmp x="424" y="780" width="36" height="23" />
        <cmp x="459" y="781" width="30" height="28" />
      </word>
      <word id="m02-048-00-01" tag="PP3A" text="he">
        <cmp x="567" y="741" width="35" height="62" />
        <cmp x="605" y="782" width="32" height="26" />
      </word>
      <word id="m02-048-00-02" tag="MD" text="would">
        <cmp x="696" y="785" width="59" height="29" />
        <cmp x="751" y="787" width="31" height="27" />
        <cmp x="781" y="786" width="31" height="26" />
        <cmp x="817" y="749" width="20" height="62" />
        <cmp x="832" y="766" width="33" height="44" />
      </word>
      <word id="m02-048-00-03" tag="VB" text="go">
        <cmp x="892" y="787" width="41" height="67" />
        <cmp x="938" y="793" width="37" height="26" />
      </word>
      <word id="m02-048-00-04" tag="RP" text="back">
        <cmp x="1009" y="744" width="40" height="81" />
        <cmp x="1046" y="794" width="40" height="27" />
        <cmp x="1090" y="792" width="31" height="30" />
        <cmp x="1118" y="753" width="43" height="73" />
      </word>
      <word id="m02-048-00-05" tag="IN" text="to">
        <cmp x="1204" y="748" width="39" height="79" />
        <cmp x="1229" y="790" width="40" height="31" />
      </word>
      <word id="m02-048-00-06" tag="NP" text="Plato">
        <cmp x="1313" y="743" width="89" height="81" />
        <cmp x="1374" y="795" width="31" height="25" />
        <cmp x="1408" y="750" width="41" height="73" />
        <cmp x="1424" y="799" width="35" height="28" />
      </word>
      <word id="m02-048-00-07" tag="IN" text="for">
        <cmp x="1490" y="739" width="74" height="134" />
        <cmp x="1536" y="801" width="42" height="29" />
        <cmp x="1575" y="802" width="19" height="27" />
      </word>
      <word id="m02-048-00-08" tag="AT" text="a">
        <cmp x="1641" y="806" width="37" height="29" />
      </word>
      <word id="m02-048-00-09" tag="JJ" text="final">
        <cmp x="1697" y="731" width="76" height="144" />
        <cmp x="1738" y="804" width="14" height="24" />
        <cmp x="1754" y="789" width="27" height="39" />
        <cmp x="1762" y="770" width="9" height="21" />
        <cmp x="1786" y="802" width="36" height="26" />
        <cmp x="1827" y="754" width="27" height="74" />
      </word>
      <word id="m02-048-00-10" tag="NN" text="spell">
        <cmp x="1869" y="787" width="101" height="76" />
        <cmp x="1870" y="784" width="44" height="39" />
        <cmp x="1969" y="746" width="54" height="79" />
      </word>
      <word id="m02-048-00-11" tag="INO" text="of">
        <cmp x="2040" y="747" width="87" height="108" />
        <cmp x="2127" y="742" width="5" height="5" />
      </word>
      <lower-contour>
        <point x="367" y="875" />
        <point x="2050" y="875" />
      </lower-contour>
    </line>
    <line ass="-989" asx="0" asy="885" character-width="999" dss="-989" dsx="0" dsy="1005" fd0="14628" fd1="2839" fd2="-458" filter-width="3" id="m02-048-01" lbs="-999" lbx="0" lby="974" segmentation="ok" slant="63000" stroke-width="5395" threshold="191" text="real days and would return to New York in late" ubs="-967" ubx="0" uby="944">
      <word id="m02-048-01-00" tag="JJ" text="real">
        <cmp x="369" y="932" width="53" height="45" />
        <cmp x="417" y="951" width="33" height="28" />
        <cmp x="461" y="906" width="24" height="73" />
      </word>
      <word id="m02-048-01-01" tag="NNS" text="days">
        <cmp x="526" y="917" width="55" height="78" />
        <cmp x="562" y="955" width="37" height="35" />
        <cmp x="579" y="912" width="6" height="4" />
        <cmp x="587" y="950" width="48" height="66" />
        <cmp x="628" y="953" width="26" height="35" />
      </word>
      <word id="m02-048-01-02" tag="CC" text="and">
        <cmp x="715" y="957" width="81" height="29" />
        <cmp x="799" y="928" width="49" height="60" />
      </word>
      <word id="m02-048-01-03" tag="MD" text="would">
        <cmp x="896" y="954" width="45" height="33" />
        <cmp x="941" y="962" width="28" height="26" />
        <cmp x="969" y="965" width="36" height="25" />
        <cmp x="1007" y="921" width="30" height="76" />
        <cmp x="1026" y="967" width="21" height="23" />
        <cmp x="1047" y="925" width="28" height="68" />
      </word>
      <word id="m02-048-01-04" tag="VB" text="return">
        <cmp x="1098" y="959" width="49" height="34" />
        <cmp x="1150" y="912" width="38" height="90" />
        <cmp x="1173" y="965" width="34" height="30" />
        <cmp x="1205" y="966" width="61" height="29" />
      </word>
      <word id="m02-048-01-05" tag="IN" text="to">
        <cmp x="1305" y="930" width="45" height="73" />
        <cmp x="1330" y="969" width="40" height="32" />
      </word>
      <word id="m02-048-01-06" tag="NP" text="New">
        <cmp x="1444" y="928" width="82" height="79" />
        <cmp x="1493" y="971" width="31" height="30" />
        <cmp x="1523" y="968" width="60" height="33" />
      </word>
      <word id="m02-048-01-07" tag="NP" text="York">
        <cmp x="1606" y="930" width="69" height="87" />
        <cmp x="1655" y="966" width="67" height="33" />
        <cmp x="1715" y="928" width="40" height="77" />
      </word>
      <word id="m02-048-01-08" tag="IN" text="in">
        <cmp x="1818" y="971" width="19" height="26" />
        <cmp x="1838" y="974" width="34" height="30" />
        <cmp x="1842" y="939" width="8" height="19" />
      </word>
      <word id="m02-048-01-09" tag="JJ" text="late">
        <cmp x="1919" y="928" width="46" height="86" />
        <cmp x="1949" y="983" width="32" height="24" />
        <cmp x="1990" y="920" width="45" height="92" />
        <cmp x="2019" y="978" width="31" height="33" />
      </word>
      <upper-contour>
        <point x="367" y="875" />
        <point x="2050" y="875" />
      </upper-contour>
      <lower-contour>
        <point x="367" y="1017" />
        <point x="2050" y="1017" />
      </lower-contour>
    </line>
    <line ass="-907" asx="0" asy="1057" character-width="999" dss="-907" dsx="0" dsy="1215" fd0="14580" fd1="2818" fd2="-687" filter-width="3" id="m02-048-02" lbs="-1011" lbx="0" lby="1163" segmentation="err" slant="61000" stroke-width="5553" threshold="191" text="January or early February. Angelina might be a" ubs="-699" ubx="0" uby="1135">
      <word id="m02-048-02-00" tag="NR" text="January">
        <cmp x="349" y="1090" width="59" height="115" />
        <cmp x="405" y="1134" width="75" height="33" />
        <cmp x="486" y="1142" width="30" height="22" />
        <cmp x="524" y="1139" width="38" height="25" />
        <cmp x="564" y="1141" width="27" height="22" />
        <cmp x="593" y="1134" width="44" height="78" />
      </word>
      <word id="m02-048-02-01" tag="CC" text="or">
        <cmp x="700" y="1128" width="43" height="38" />
        <cmp x="746" y="1130" width="25" height="32" />
      </word>
      <word id="m02-048-02-02" tag="JJ" text="early">
        <cmp x="829" y="1131" width="37" height="37" />
        <cmp x="856" y="1132" width="45" height="37" />
        <cmp x="899" y="1135" width="29" height="32" />
        <cmp x="929" y="1090" width="33" height="79" />
        <cmp x="946" y="1132" width="43" height="65" />
      </word>
      <word id="m02-048-02-03" tag="NR" text="February">
        <cmp x="1057" y="1095" width="67" height="80" />
        <cmp x="1071" y="1146" width="41" height="33" />
        <cmp x="1103" y="1098" width="47" height="83" />
        <cmp x="1140" y="1146" width="29" height="40" />
        <cmp x="1170" y="1155" width="41" height="27" />
        <cmp x="1221" y="1153" width="40" height="31" />
        <cmp x="1271" y="1154" width="23" height="25" />
        <cmp x="1291" y="1139" width="61" height="77" />
      </word>
      <word id="m02-048-02-04" tag="." text=".">
        <cmp x="1355" y="1166" width="10" height="11" />
      </word>
      <word id="m02-048-02-05" sentence-start="yes" tag="NP" text="Angelina">
        <cmp x="1435" y="1101" width="68" height="82" />
        <cmp x="1480" y="1148" width="33" height="26" />
        <cmp x="1488" y="1145" width="59" height="88" />
        <cmp x="1550" y="1145" width="42" height="36" />
        <cmp x="1583" y="1113" width="44" height="76" />
        <cmp x="1606" y="1162" width="13" height="20" />
        <cmp x="1622" y="1154" width="42" height="35" />
        <cmp x="1638" y="1128" width="4" height="6" />
        <cmp x="1670" y="1157" width="37" height="30" />
      </word>
      <word id="m02-048-02-06" tag="MD" text="might">
        <cmp x="1765" y="1147" width="57" height="37" />
        <cmp x="1824" y="1160" width="62" height="85" />
        <cmp x="1826" y="1162" width="17" height="28" />
        <cmp x="1858" y="1131" width="5" height="10" />
        <cmp x="1898" y="1124" width="29" height="65" />
        <cmp x="1930" y="1116" width="36" height="72" />
      </word>
      <word id="m02-048-02-07" tag="BE" text="be">
        <cmp x="1999" y="1116" width="49" height="80" />
        <cmp x="2062" y="1160" width="36" height="29" />
      </word>
      <word id="m02-048-02-08" tag="RB21" text="a">
        <cmp x="2153" y="1154" width="43" height="34" />
        <cmp x="2187" y="1092" width="3" height="4" />
      </word>
      <upper-contour>
        <point x="367" y="1017" />
        <point x="2050" y="1017" />
      </upper-contour>
      <lower-contour>
        <point x="364" y="1245" />
        <point x="2182" y="1245" />
      </lower-contour>
    </line>
    <line ass="-802" asx="0" asy="1233" character-width="999" dss="-802" dsx="0" dsy="1398" fd0="15059" fd1="3000" fd2="-644" filter-width="3" id="m02-048-03" lbs="-670" lbx="0" lby="1335" segmentation="ok" slant="59000" stroke-width="5371" threshold="191" text="little sorry if we were not back for Christmas" ubs="-1065" ubx="0" uby="1299">
      <word id="m02-048-03-00" tag="RB22" text="little">
        <cmp x="366" y="1257" width="46" height="78" />
        <cmp x="392" y="1304" width="19" height="29" />
        <cmp x="408" y="1260" width="41" height="88" />
        <cmp x="422" y="1279" width="6" height="7" />
        <cmp x="432" y="1260" width="39" height="81" />
        <cmp x="452" y="1263" width="34" height="78" />
        <cmp x="471" y="1308" width="28" height="32" />
      </word>
      <word id="m02-048-03-01" tag="JJ" text="sorry">
        <cmp x="589" y="1306" width="78" height="41" />
        <cmp x="665" y="1310" width="23" height="30" />
        <cmp x="688" y="1309" width="25" height="35" />
        <cmp x="688" y="1308" width="79" height="101" />
      </word>
      <word id="m02-048-03-02" tag="CS" text="if">
        <cmp x="842" y="1316" width="25" height="31" />
        <cmp x="853" y="1264" width="72" height="132" />
        <cmp x="873" y="1283" width="5" height="12" />
        <cmp x="917" y="1289" width="3" height="4" />
      </word>
      <word id="m02-048-03-03" tag="PP1AS" text="we">
        <cmp x="945" y="1318" width="52" height="32" />
        <cmp x="992" y="1323" width="29" height="26" />
      </word>
      <word id="m02-048-03-04" tag="BED" text="were">
        <cmp x="1077" y="1323" width="60" height="32" />
        <cmp x="1120" y="1327" width="37" height="28" />
        <cmp x="1156" y="1327" width="51" height="30" />
      </word>
      <word id="m02-048-03-05" tag="XNOT" text="not">
        <cmp x="1306" y="1311" width="43" height="46" />
        <cmp x="1348" y="1328" width="34" height="24" />
        <cmp x="1387" y="1266" width="51" height="94" />
      </word>
      <word id="m02-048-03-06" tag="RP" text="back">
        <cmp x="1467" y="1272" width="54" height="80" />
        <cmp x="1510" y="1324" width="40" height="30" />
        <cmp x="1548" y="1327" width="32" height="33" />
        <cmp x="1582" y="1269" width="51" height="97" />
      </word>
      <word id="m02-048-03-07" tag="IN" text="for">
        <cmp x="1684" y="1257" width="87" height="144" />
        <cmp x="1726" y="1322" width="33" height="36" />
        <cmp x="1751" y="1326" width="34" height="34" />
      </word>
      <word id="m02-048-03-08" tag="NP" text="Christmas">
        <cmp x="1855" y="1286" width="77" height="72" />
        <cmp x="1899" y="1289" width="42" height="72" />
        <cmp x="1939" y="1337" width="29" height="21" />
        <cmp x="1961" y="1338" width="19" height="25" />
        <cmp x="1982" y="1332" width="29" height="29" />
        <cmp x="1997" y="1312" width="5" height="10" />
        <cmp x="2010" y="1287" width="50" height="75" />
        <cmp x="2056" y="1334" width="63" height="25" />
        <cmp x="2122" y="1334" width="34" height="28" />
        <cmp x="2150" y="1336" width="31" height="33" />
      </word>
      <upper-contour>
        <point x="364" y="1245" />
        <point x="2182" y="1245" />
      </upper-contour>
      <lower-contour>
        <point x="379" y="1409" />
        <point x="2096" y="1409" />
      </lower-contour>
    </line>
    <line ass="-880" asx="0" asy="1422" character-width="999" dss="-880" dsx="0" dsy="1576" fd0="15058" fd1="2845" fd2="-558" filter-width="3" id="m02-048-04" lbs="-882" lbx="0" lby="1509" segmentation="ok" slant="59999" stroke-width="5387" threshold="191" text="as arranged, but he consoled himself by" ubs="-875" ubx="0" uby="1481">
      <word id="m02-048-04-00" tag="CS" text="as">
        <cmp x="381" y="1479" width="37" height="38" />
        <cmp x="417" y="1481" width="33" height="35" />
      </word>
      <word id="m02-048-04-01" tag="VBN" text="arranged">
        <cmp x="529" y="1483" width="47" height="38" />
        <cmp x="571" y="1485" width="33" height="32" />
        <cmp x="598" y="1484" width="115" height="35" />
        <cmp x="675" y="1496" width="79" height="92" />
        <cmp x="773" y="1492" width="36" height="31" />
        <cmp x="806" y="1454" width="46" height="75" />
      </word>
      <word id="m02-048-04-02" tag="," text=",">
        <cmp x="850" y="1510" width="31" height="47" />
      </word>
      <word id="m02-048-04-03" tag="CC" text="but">
        <cmp x="952" y="1447" width="48" height="78" />
        <cmp x="1000" y="1502" width="39" height="26" />
        <cmp x="1051" y="1440" width="39" height="82" />
      </word>
      <word id="m02-048-04-04" tag="PP3A" text="he">
        <cmp x="1158" y="1452" width="41" height="85" />
        <cmp x="1198" y="1502" width="48" height="32" />
      </word>
      <word id="m02-048-04-05" tag="VBD" text="consoled">
        <cmp x="1332" y="1484" width="74" height="44" />
        <cmp x="1401" y="1499" width="42" height="30" />
        <cmp x="1454" y="1498" width="31" height="36" />
        <cmp x="1492" y="1500" width="55" height="33" />
        <cmp x="1529" y="1506" width="3" height="3" />
        <cmp x="1536" y="1499" width="7" height="4" />
        <cmp x="1542" y="1452" width="43" height="80" />
        <cmp x="1562" y="1501" width="30" height="27" />
        <cmp x="1589" y="1498" width="30" height="33" />
        <cmp x="1607" y="1467" width="38" height="70" />
      </word>
      <word id="m02-048-04-06" tag="PPL" text="himself">
        <cmp x="1694" y="1459" width="46" height="76" />
        <cmp x="1730" y="1507" width="22" height="30" />
        <cmp x="1753" y="1507" width="70" height="37" />
        <cmp x="1768" y="1466" width="8" height="12" />
        <cmp x="1841" y="1510" width="25" height="31" />
        <cmp x="1877" y="1508" width="44" height="30" />
        <cmp x="1911" y="1456" width="67" height="103" />
        <cmp x="1973" y="1464" width="3" height="5" />
      </word>
      <word id="m02-048-04-07" tag="IN" text="by">
        <cmp x="2002" y="1460" width="52" height="87" />
        <cmp x="2031" y="1520" width="65" height="55" />
      </word>
      <upper-contour>
        <point x="379" y="1409" />
        <point x="2096" y="1409" />
      </upper-contour>
      <lower-contour>
        <point x="382" y="1588" />
        <point x="2096" y="1588" />
      </lower-contour>
    </line>
    <line ass="-795" asx="0" asy="1609" character-width="999" dss="-795" dsx="0" dsy="1752" fd0="14913" fd1="2960" fd2="-857" filter-width="3" id="m02-048-05" lbs="-783" lbx="0" lby="1697" segmentation="ok" slant="62000" stroke-width="5522" threshold="191" text="thinking that he and Angelina would have" ubs="-820" ubx="0" uby="1666">
      <word id="m02-048-05-00" tag="VBG" text="thinking">
        <cmp x="384" y="1616" width="46" height="91" />
        <cmp x="413" y="1622" width="33" height="72" />
        <cmp x="449" y="1648" width="30" height="50" />
        <cmp x="473" y="1667" width="28" height="31" />
        <cmp x="509" y="1633" width="46" height="77" />
        <cmp x="547" y="1680" width="18" height="26" />
        <cmp x="572" y="1657" width="7" height="8" />
        <cmp x="574" y="1679" width="36" height="30" />
        <cmp x="616" y="1681" width="33" height="67" />
      </word>
      <word id="m02-048-05-01" tag="CS" text="that">
        <cmp x="722" y="1633" width="46" height="88" />
        <cmp x="757" y="1630" width="36" height="77" />
        <cmp x="782" y="1676" width="13" height="27" />
        <cmp x="804" y="1679" width="35" height="31" />
        <cmp x="840" y="1640" width="60" height="82" />
      </word>
      <word id="m02-048-05-02" tag="PP3A" text="he">
        <cmp x="941" y="1632" width="45" height="89" />
        <cmp x="989" y="1678" width="42" height="33" />
      </word>
      <word id="m02-048-05-03" tag="CC" text="and">
        <cmp x="1083" y="1679" width="101" height="31" />
        <cmp x="1184" y="1632" width="69" height="78" />
      </word>
      <word id="m02-048-05-04" tag="NP" text="Angelina">
        <cmp x="1348" y="1639" width="67" height="74" />
        <cmp x="1402" y="1682" width="35" height="29" />
        <cmp x="1407" y="1689" width="60" height="85" />
        <cmp x="1482" y="1686" width="36" height="28" />
        <cmp x="1508" y="1654" width="45" height="73" />
        <cmp x="1536" y="1694" width="15" height="24" />
        <cmp x="1555" y="1685" width="41" height="33" />
        <cmp x="1562" y="1666" width="6" height="7" />
        <cmp x="1601" y="1691" width="35" height="31" />
      </word>
      <word id="m02-048-05-05" tag="MD" text="would">
        <cmp x="1701" y="1678" width="53" height="39" />
        <cmp x="1747" y="1693" width="38" height="26" />
        <cmp x="1796" y="1684" width="38" height="34" />
        <cmp x="1838" y="1648" width="37" height="68" />
        <cmp x="1847" y="1656" width="71" height="71" />
      </word>
      <word id="m02-048-05-06" tag="HV" text="have">
        <cmp x="1936" y="1646" width="55" height="93" />
        <cmp x="1986" y="1697" width="43" height="33" />
        <cmp x="2038" y="1696" width="27" height="29" />
        <cmp x="2072" y="1697" width="33" height="31" />
      </word>
      <upper-contour>
        <point x="382" y="1588" />
        <point x="2096" y="1588" />
      </upper-contour>
      <lower-contour>
        <point x="382" y="1774" />
        <point x="2106" y="1774" />
      </lower-contour>
    </line>
    <line ass="-811" asx="0" asy="1775" character-width="999" dss="-811" dsx="0" dsy="1947" fd0="14851" fd1="3186" fd2="-425" filter-width="3" id="m02-048-06" lbs="-718" lbx="0" lby="1873" segmentation="ok" slant="59999" stroke-width="5603" threshold="191" text="plenty of time together in the future. And" ubs="-998" ubx="0" uby="1835">
      <word id="m02-048-06-00" tag="NN" text="plenty">
        <cmp x="371" y="1789" width="70" height="87" />
        <cmp x="408" y="1798" width="52" height="72" />
        <cmp x="428" y="1847" width="80" height="26" />
        <cmp x="516" y="1796" width="46" height="94" />
        <cmp x="524" y="1837" width="57" height="70" />
      </word>
      <word id="m02-048-06-01" tag="INO" text="of">
        <cmp x="683" y="1849" width="35" height="30" />
        <cmp x="719" y="1786" width="59" height="125" />
      </word>
      <word id="m02-048-06-02" tag="NN" text="time">
        <cmp x="825" y="1796" width="67" height="97" />
        <cmp x="868" y="1845" width="24" height="37" />
        <cmp x="890" y="1845" width="60" height="36" />
        <cmp x="902" y="1819" width="7" height="10" />
        <cmp x="966" y="1850" width="31" height="30" />
      </word>
      <word id="m02-048-06-03" tag="RB" text="together">
        <cmp x="1094" y="1811" width="57" height="86" />
        <cmp x="1120" y="1861" width="42" height="35" />
        <cmp x="1146" y="1862" width="57" height="103" />
        <cmp x="1212" y="1861" width="41" height="32" />
        <cmp x="1252" y="1806" width="48" height="91" />
        <cmp x="1281" y="1810" width="35" height="81" />
        <cmp x="1321" y="1858" width="33" height="34" />
        <cmp x="1351" y="1862" width="37" height="34" />
      </word>
      <word id="m02-048-06-04" tag="IN" text="in">
        <cmp x="1433" y="1870" width="27" height="37" />
        <cmp x="1470" y="1865" width="39" height="32" />
        <cmp x="1473" y="1833" width="8" height="15" />
      </word>
      <word id="m02-048-06-05" tag="ATI" text="the">
        <cmp x="1557" y="1805" width="62" height="95" />
        <cmp x="1586" y="1814" width="53" height="85" />
        <cmp x="1613" y="1867" width="15" height="25" />
        <cmp x="1635" y="1864" width="33" height="27" />
      </word>
      <word id="m02-048-06-06" tag="NN" text="future">
        <cmp x="1705" y="1803" width="73" height="123" />
        <cmp x="1750" y="1865" width="36" height="32" />
        <cmp x="1780" y="1818" width="51" height="94" />
        <cmp x="1817" y="1870" width="43" height="32" />
        <cmp x="1860" y="1876" width="27" height="28" />
        <cmp x="1900" y="1874" width="28" height="33" />
      </word>
      <word id="m02-048-06-07" tag="." text=".">
        <cmp x="1965" y="1884" width="15" height="13" />
      </word>
      <word id="m02-048-06-08" sentence-start="yes" tag="CC" text="And">
        <cmp x="2039" y="1815" width="68" height="80" />
        <cmp x="2093" y="1824" width="100" height="74" />
      </word>
      <upper-contour>
        <point x="382" y="1774" />
        <point x="2106" y="1774" />
      </upper-contour>
      <lower-contour>
        <point x="376" y="1965" />
        <point x="2189" y="1965" />
      </lower-contour>
    </line>
    <line ass="-680" asx="0" asy="1972" character-width="999" dss="-680" dsx="0" dsy="2105" fd0="14597" fd1="2527" fd2="-783" filter-width="3" id="m02-048-07" lbs="-693" lbx="0" lby="2052" segmentation="ok" slant="57000" stroke-width="5672" threshold="191" text="Heaven alone knew when, if ever, he would be" ubs="-654" ubx="0" uby="2023">
      <word id="m02-048-07-00" tag="NN" text="Heaven">
        <cmp x="378" y="1977" width="66" height="83" />
        <cmp x="419" y="2020" width="35" height="29" />
        <cmp x="447" y="2021" width="38" height="36" />
        <cmp x="491" y="2028" width="110" height="39" />
      </word>
      <word id="m02-048-07-01" tag="RB" text="alone">
        <cmp x="680" y="2026" width="34" height="35" />
        <cmp x="718" y="1983" width="57" height="81" />
        <cmp x="775" y="2031" width="34" height="34" />
        <cmp x="819" y="2036" width="35" height="29" />
      </word>
      <word id="m02-048-07-02" tag="VBD" text="knew">
        <cmp x="951" y="1988" width="70" height="81" />
        <cmp x="1000" y="2043" width="30" height="23" />
        <cmp x="1037" y="2042" width="33" height="29" />
        <cmp x="1082" y="2039" width="58" height="31" />
      </word>
      <word id="m02-048-07-03" tag="WRB" text="when">
        <cmp x="1238" y="2038" width="72" height="35" />
        <cmp x="1312" y="2007" width="84" height="63" />
      </word>
      <word id="m02-048-07-04" tag="," text=",">
        <cmp x="1380" y="2061" width="52" height="63" />
      </word>
      <word id="m02-048-07-05" tag="CS" text="if">
        <cmp x="1454" y="2048" width="18" height="24" />
        <cmp x="1458" y="1989" width="79" height="120" />
        <cmp x="1487" y="2015" width="6" height="6" />
      </word>
      <word id="m02-048-07-06" tag="RB" text="ever">
        <cmp x="1533" y="2031" width="43" height="36" />
        <cmp x="1569" y="2035" width="39" height="34" />
        <cmp x="1599" y="2036" width="42" height="34" />
        <cmp x="1631" y="2037" width="35" height="33" />
      </word>
      <word id="m02-048-07-07" tag="," text=",">
        <cmp x="1658" y="2057" width="28" height="36" />
      </word>
      <word id="m02-048-07-08" tag="PP3A" text="he">
        <cmp x="1749" y="1992" width="52" height="80" />
        <cmp x="1791" y="2040" width="36" height="32" />
      </word>
      <word id="m02-048-07-09" tag="MD" text="would">
        <cmp x="1880" y="2038" width="60" height="38" />
        <cmp x="1929" y="2043" width="94" height="33" />
        <cmp x="2022" y="2001" width="39" height="72" />
        <cmp x="2035" y="1999" width="63" height="75" />
      </word>
      <word id="m02-048-07-10" tag="BE" text="be">
        <cmp x="2106" y="1999" width="46" height="75" />
        <cmp x="2141" y="2046" width="47" height="42" />
      </word>
      <upper-contour>
        <point x="376" y="1965" />
        <point x="2189" y="1965" />
      </upper-contour>
      <lower-contour>
        <point x="376" y="2124" />
        <point x="2040" y="2124" />
      </lower-contour>
    </line>
    <line ass="-1242" asx="0" asy="2135" character-width="999" dss="-1242" dsx="0" dsy="2274" fd0="14488" fd1="2814" fd2="-562" filter-width="4" id="m02-048-08" lbs="-1224" lbx="0" lby="2228" segmentation="ok" slant="63000" stroke-width="5723" threshold="191" text="back on Moon again, and able to do" ubs="-1279" ubx="0" uby="2197">
      <word id="m02-048-08-00" tag="RP" text="back">
        <cmp x="370" y="2160" width="52" height="70" />
        <cmp x="423" y="2207" width="50" height="28" />
        <cmp x="481" y="2209" width="27" height="26" />
        <cmp x="509" y="2160" width="43" height="92" />
      </word>
      <word id="m02-048-08-01" tag="IN" text="on">
        <cmp x="629" y="2200" width="44" height="39" />
        <cmp x="683" y="2210" width="47" height="26" />
      </word>
      <word id="m02-048-08-02" tag="NP" text="Moon">
        <cmp x="809" y="2173" width="97" height="84" />
        <cmp x="876" y="2214" width="39" height="27" />
        <cmp x="916" y="2219" width="29" height="27" />
        <cmp x="952" y="2221" width="38" height="26" />
      </word>
      <word id="m02-048-08-03" tag="RB" text="again">
        <cmp x="1067" y="2212" width="44" height="38" />
        <cmp x="1097" y="2221" width="62" height="78" />
        <cmp x="1171" y="2218" width="40" height="38" />
        <cmp x="1201" y="2229" width="26" height="44" />
        <cmp x="1227" y="2188" width="18" height="25" />
        <cmp x="1239" y="2232" width="36" height="26" />
      </word>
      <word id="m02-048-08-04" tag="," text=",">
        <cmp x="1288" y="2240" width="23" height="39" />
      </word>
      <word id="m02-048-08-05" tag="CC" text="and">
        <cmp x="1358" y="2226" width="56" height="33" />
        <cmp x="1418" y="2235" width="54" height="26" />
        <cmp x="1487" y="2198" width="62" height="68" />
      </word>
      <word id="m02-048-08-06" tag="JJ" text="able">
        <cmp x="1625" y="2234" width="39" height="32" />
        <cmp x="1662" y="2172" width="56" height="90" />
        <cmp x="1702" y="2173" width="51" height="97" />
        <cmp x="1721" y="2232" width="38" height="37" />
      </word>
      <word id="m02-048-08-07" tag="TO" text="to">
        <cmp x="1822" y="2187" width="62" height="88" />
        <cmp x="1853" y="2232" width="44" height="32" />
      </word>
      <word id="m02-048-08-08" tag="DO" text="do">
        <cmp x="1955" y="2201" width="73" height="69" />
        <cmp x="1992" y="2234" width="47" height="39" />
      </word>
      <upper-contour>
        <point x="376" y="2124" />
        <point x="2040" y="2124" />
      </upper-contour>
      <lower-contour>
        <point x="368" y="2299" />
        <point x="2040" y="2299" />
      </lower-contour>
    </line>
    <line ass="-1018" asx="0" asy="2312" character-width="999" dss="-1018" dsx="0" dsy="2461" fd0="14851" fd1="2729" fd2="-746" filter-width="3" id="m02-048-09" lbs="-985" lbx="0" lby="2407" segmentation="ok" slant="59999" stroke-width="5579" threshold="191" text="research at first hand into matters on which" ubs="-1083" ubx="0" uby="2377">
      <word id="m02-048-09-00" tag="NN" text="research">
        <cmp x="338" y="2361" width="94" height="57" />
        <cmp x="428" y="2380" width="34" height="36" />
        <cmp x="461" y="2379" width="48" height="39" />
        <cmp x="503" y="2390" width="30" height="24" />
        <cmp x="532" y="2382" width="31" height="33" />
        <cmp x="565" y="2345" width="48" height="72" />
      </word>
      <word id="m02-048-09-01" tag="IN" text="at">
        <cmp x="671" y="2387" width="51" height="37" />
        <cmp x="721" y="2332" width="46" height="89" />
      </word>
      <word id="m02-048-09-02" tag="OD" text="first">
        <cmp x="779" y="2328" width="92" height="148" />
        <cmp x="838" y="2389" width="24" height="25" />
        <cmp x="855" y="2389" width="35" height="30" />
        <cmp x="870" y="2363" width="6" height="10" />
        <cmp x="884" y="2331" width="76" height="103" />
      </word>
      <word id="m02-048-09-03" tag="NN" text="hand">
        <cmp x="1004" y="2339" width="48" height="85" />
        <cmp x="1053" y="2397" width="107" height="31" />
        <cmp x="1172" y="2399" width="32" height="27" />
        <cmp x="1202" y="2357" width="42" height="66" />
      </word>
      <word id="m02-048-09-04" tag="IN" text="into">
        <cmp x="1292" y="2406" width="25" height="32" />
        <cmp x="1314" y="2399" width="37" height="34" />
        <cmp x="1335" y="2360" width="6" height="11" />
        <cmp x="1367" y="2355" width="52" height="84" />
        <cmp x="1393" y="2404" width="47" height="31" />
      </word>
      <word id="m02-048-09-05" tag="NNS" text="matters">
        <cmp x="1509" y="2410" width="65" height="30" />
        <cmp x="1587" y="2415" width="32" height="23" />
        <cmp x="1623" y="2361" width="48" height="82" />
        <cmp x="1643" y="2360" width="54" height="78" />
        <cmp x="1657" y="2412" width="55" height="30" />
        <cmp x="1717" y="2411" width="19" height="33" />
      </word>
      <word id="m02-048-09-06" tag="IN" text="on">
        <cmp x="1810" y="2408" width="42" height="31" />
        <cmp x="1854" y="2414" width="47" height="28" />
      </word>
      <word id="m02-048-09-07" tag="WDT" text="which">
        <cmp x="1963" y="2391" width="76" height="60" />
        <cmp x="2037" y="2414" width="35" height="31" />
        <cmp x="2041" y="2397" width="13" height="12" />
        <cmp x="2070" y="2388" width="47" height="59" />
      </word>
      <upper-contour>
        <point x="368" y="2299" />
        <point x="2040" y="2299" />
      </upper-contour>
      <lower-contour>
        <point x="336" y="2476" />
        <point x="2118" y="2476" />
      </lower-contour>
    </line>
    <line ass="-1301" asx="0" asy="2474" character-width="999" dss="-1301" dsx="0" dsy="2653" fd0="14743" fd1="2961" fd2="-829" filter-width="4" id="m02-048-10" lbs="-1248" lbx="0" lby="2584" segmentation="ok" slant="63000" stroke-width="5841" threshold="191" text="the future of everyone, including Angelina, depended..." ubs="-1407" ubx="0" uby="2555">
      <word id="m02-048-10-00" tag="ATI" text="the">
        <cmp x="324" y="2513" width="53" height="85" />
        <cmp x="358" y="2508" width="45" height="78" />
        <cmp x="397" y="2559" width="35" height="29" />
      </word>
      <word id="m02-048-10-01" tag="NN" text="future">
        <cmp x="454" y="2487" width="87" height="161" />
        <cmp x="521" y="2555" width="33" height="32" />
        <cmp x="558" y="2487" width="45" height="103" />
        <cmp x="583" y="2553" width="38" height="30" />
        <cmp x="625" y="2554" width="62" height="34" />
      </word>
      <word id="m02-048-10-02" tag="INO" text="of">
        <cmp x="757" y="2562" width="38" height="34" />
        <cmp x="782" y="2494" width="75" height="140" />
      </word>
      <word id="m02-048-10-03" tag="PN" text="everyone">
        <cmp x="915" y="2568" width="43" height="34" />
        <cmp x="951" y="2570" width="37" height="32" />
        <cmp x="983" y="2576" width="35" height="29" />
        <cmp x="1014" y="2576" width="26" height="33" />
        <cmp x="1036" y="2572" width="66" height="80" />
        <cmp x="1093" y="2575" width="42" height="35" />
        <cmp x="1136" y="2577" width="32" height="28" />
        <cmp x="1172" y="2581" width="29" height="27" />
      </word>
      <word id="m02-048-10-04" tag="," text=",">
        <cmp x="1184" y="2595" width="52" height="66" />
      </word>
      <word id="m02-048-10-05" tag="IN" text="including">
        <cmp x="1273" y="2573" width="32" height="44" />
        <cmp x="1302" y="2582" width="36" height="28" />
        <cmp x="1311" y="2550" width="4" height="12" />
        <cmp x="1351" y="2584" width="35" height="31" />
        <cmp x="1387" y="2547" width="38" height="72" />
        <cmp x="1410" y="2588" width="37" height="27" />
        <cmp x="1449" y="2557" width="55" height="63" />
        <cmp x="1486" y="2595" width="14" height="22" />
        <cmp x="1507" y="2592" width="36" height="24" />
        <cmp x="1519" y="2563" width="5" height="7" />
        <cmp x="1533" y="2667" width="12" height="9" />
        <cmp x="1547" y="2592" width="34" height="82" />
      </word>
      <word id="m02-048-10-06" tag="NP" text="Angelina">
        <cmp x="1626" y="2532" width="130" height="161" />
        <cmp x="1752" y="2548" width="88" height="80" />
        <cmp x="1807" y="2596" width="20" height="22" />
        <cmp x="1826" y="2590" width="44" height="37" />
        <cmp x="1844" y="2560" width="9" height="14" />
        <cmp x="1878" y="2592" width="39" height="37" />
      </word>
      <word id="m02-048-10-07" tag="," text=",">
        <cmp x="1915" y="2618" width="30" height="40" />
      </word>
      <word id="m02-048-10-08" tag="VBD" text="depended">
        <cmp x="1969" y="2565" width="66" height="61" />
        <cmp x="2000" y="2593" width="58" height="66" />
        <cmp x="2058" y="2603" width="30" height="27" />
        <cmp x="2085" y="2605" width="37" height="28" />
        <cmp x="2119" y="2572" width="54" height="63" />
        <cmp x="2151" y="2607" width="26" height="34" />
      </word>
      <word id="m02-048-10-09" tag="..." text="...">
        <cmp x="2192" y="2635" width="9" height="8" />
        <cmp x="2217" y="2629" width="8" height="9" />
      </word>
      <upper-contour>
        <point x="336" y="2476" />
        <point x="2118" y="2476" />
      </upper-contour>
    </line>
  </handwritten-part>
</form>

