<?xml version="1.0" encoding="ISO-8859-1"?>

<!DOCTYPE form SYSTEM 'http://www.iam.unibe.ch/~fki/iamdb/form-metadata.dtd'>

<form created="2002-01-25" height="3542" id="m02-112" last-modified="2002-07-17" skew="-30" status="final" version="3.0_beta" width="2479" writer-id="535">
  <machine-printed-part>
    <machine-print-line text="So once again the metaphysics were depressing, and in absolute contrast to the phys-" />
    <machine-print-line text="ical display. Mos have an un-American love of parades, and these young ones, on" />
    <machine-print-line text="parade for jobs which they had to get to pay off their college bills, were naturally" />
    <machine-print-line text="putting their best foot forward." />
  </machine-printed-part>
  <handwritten-part>
    <line ass="79" asx="0" asy="727" character-width="999" dss="79" dsx="0" dsy="841" fd0="14750" fd1="2624" fd2="-1894" filter-width="3" id="m02-112-00" lbs="113" lbx="0" lby="795" segmentation="ok" slant="56000" stroke-width="5478" threshold="161" text="So once again the metaphysics were depressing," ubs="10" ubx="0" uby="754">
      <word id="m02-112-00-00" sentence-start="yes" tag="RB" text="So">
        <cmp x="341" y="727" width="60" height="70" />
        <cmp x="391" y="755" width="39" height="42" />
      </word>
      <word id="m02-112-00-01" tag="RB" text="once">
        <cmp x="510" y="753" width="45" height="43" />
        <cmp x="553" y="755" width="49" height="42" />
        <cmp x="599" y="757" width="37" height="38" />
        <cmp x="637" y="753" width="41" height="44" />
      </word>
      <word id="m02-112-00-02" tag="RB" text="again">
        <cmp x="749" y="752" width="45" height="40" />
        <cmp x="785" y="755" width="95" height="84" />
        <cmp x="878" y="756" width="24" height="33" />
        <cmp x="893" y="754" width="55" height="44" />
        <cmp x="909" y="736" width="5" height="8" />
      </word>
      <word id="m02-112-00-03" tag="ATI" text="the">
        <cmp x="1009" y="730" width="39" height="62" />
        <cmp x="1032" y="730" width="46" height="64" />
        <cmp x="1072" y="755" width="38" height="40" />
      </word>
      <word id="m02-112-00-04" tag="NNS" text="metaphysics">
        <cmp x="1153" y="750" width="72" height="52" />
        <cmp x="1219" y="749" width="36" height="39" />
        <cmp x="1252" y="728" width="44" height="58" />
        <cmp x="1279" y="755" width="51" height="36" />
        <cmp x="1315" y="752" width="64" height="58" />
        <cmp x="1374" y="739" width="53" height="52" />
        <cmp x="1417" y="750" width="65" height="62" />
        <cmp x="1460" y="750" width="42" height="38" />
        <cmp x="1498" y="753" width="26" height="36" />
        <cmp x="1513" y="752" width="44" height="40" />
        <cmp x="1536" y="733" width="6" height="8" />
        <cmp x="1546" y="749" width="47" height="46" />
      </word>
      <word id="m02-112-00-05" tag="BED" text="were">
        <cmp x="1647" y="755" width="65" height="37" />
        <cmp x="1708" y="748" width="65" height="38" />
        <cmp x="1761" y="750" width="37" height="44" />
      </word>
      <word id="m02-112-00-06" tag="JJ" text="depressing">
        <cmp x="1848" y="741" width="63" height="52" />
        <cmp x="1896" y="747" width="73" height="54" />
        <cmp x="1963" y="748" width="41" height="36" />
        <cmp x="1989" y="745" width="86" height="46" />
        <cmp x="2064" y="748" width="24" height="39" />
        <cmp x="2077" y="751" width="92" height="89" />
        <cmp x="2093" y="727" width="5" height="8" />
      </word>
      <word id="m02-112-00-07" tag="," text=",">
        <cmp x="2174" y="798" width="17" height="27" />
      </word>
      <lower-contour>
        <point x="339" y="840" />
        <point x="2192" y="840" />
      </lower-contour>
    </line>
    <line ass="64" asx="0" asy="909" character-width="999" dss="64" dsx="0" dsy="1018" fd0="14791" fd1="3163" fd2="-1445" filter-width="3" id="m02-112-01" lbs="73" lbx="0" lby="976" segmentation="ok" slant="61000" stroke-width="5398" threshold="161" text="and in absolute contrast to the physical display." ubs="47" ubx="0" uby="938">
      <word id="m02-112-01-00" tag="CC" text="and">
        <cmp x="334" y="927" width="43" height="47" />
        <cmp x="371" y="934" width="45" height="41" />
        <cmp x="411" y="909" width="70" height="71" />
      </word>
      <word id="m02-112-01-01" tag="IN" text="in">
        <cmp x="549" y="945" width="23" height="32" />
        <cmp x="570" y="938" width="51" height="36" />
        <cmp x="585" y="924" width="4" height="7" />
      </word>
      <word id="m02-112-01-02" tag="JJ" text="absolute">
        <cmp x="674" y="943" width="45" height="35" />
        <cmp x="721" y="931" width="42" height="48" />
        <cmp x="761" y="933" width="37" height="40" />
        <cmp x="802" y="940" width="32" height="33" />
        <cmp x="838" y="923" width="28" height="50" />
        <cmp x="856" y="941" width="47" height="33" />
        <cmp x="910" y="920" width="42" height="54" />
        <cmp x="940" y="935" width="36" height="46" />
      </word>
      <word id="m02-112-01-03" tag="NN" text="contrast">
        <cmp x="1047" y="933" width="42" height="42" />
        <cmp x="1078" y="937" width="44" height="38" />
        <cmp x="1114" y="938" width="46" height="38" />
        <cmp x="1167" y="916" width="57" height="57" />
        <cmp x="1212" y="938" width="48" height="39" />
        <cmp x="1255" y="939" width="33" height="39" />
        <cmp x="1292" y="909" width="36" height="68" />
      </word>
      <word id="m02-112-01-04" tag="IN" text="to">
        <cmp x="1404" y="916" width="58" height="60" />
      </word>
      <word id="m02-112-01-05" tag="ATI" text="the">
        <cmp x="1482" y="914" width="35" height="57" />
        <cmp x="1509" y="920" width="48" height="55" />
        <cmp x="1558" y="936" width="34" height="44" />
      </word>
      <word id="m02-112-01-06" tag="JJ" text="physical">
        <cmp x="1629" y="940" width="30" height="54" />
        <cmp x="1652" y="930" width="37" height="46" />
        <cmp x="1690" y="921" width="47" height="57" />
        <cmp x="1732" y="937" width="54" height="53" />
        <cmp x="1774" y="939" width="41" height="37" />
        <cmp x="1813" y="939" width="22" height="29" />
        <cmp x="1833" y="935" width="42" height="37" />
        <cmp x="1852" y="917" width="4" height="6" />
        <cmp x="1866" y="936" width="56" height="38" />
        <cmp x="1920" y="922" width="45" height="53" />
      </word>
      <word id="m02-112-01-07" tag="NN" text="display">
        <cmp x="1987" y="918" width="67" height="50" />
        <cmp x="2039" y="941" width="21" height="27" />
        <cmp x="2060" y="940" width="34" height="32" />
        <cmp x="2073" y="925" width="4" height="7" />
        <cmp x="2074" y="935" width="35" height="53" />
        <cmp x="2096" y="936" width="32" height="38" />
        <cmp x="2127" y="918" width="29" height="48" />
        <cmp x="2140" y="939" width="45" height="36" />
        <cmp x="2178" y="942" width="49" height="74" />
      </word>
      <word id="m02-112-01-08" tag="." text=".">
        <cmp x="2233" y="975" width="6" height="7" />
      </word>
      <upper-contour>
        <point x="339" y="840" />
        <point x="2192" y="840" />
      </upper-contour>
      <lower-contour>
        <point x="347" y="1016" />
        <point x="2239" y="1016" />
      </lower-contour>
    </line>
    <line ass="142" asx="0" asy="1090" character-width="999" dss="142" dsx="0" dsy="1179" fd0="14681" fd1="2989" fd2="-1191" filter-width="3" id="m02-112-02" lbs="157" lbx="0" lby="1156" segmentation="ok" slant="57000" stroke-width="5560" threshold="161" text="Mos have an un-American love of parades, and" ubs="112" ubx="0" uby="1121">
      <word id="m02-112-02-00" sentence-start="yes" tag="NPS" text="Mos">
        <cmp x="349" y="1090" width="69" height="66" />
        <cmp x="401" y="1119" width="34" height="37" />
        <cmp x="431" y="1119" width="33" height="41" />
      </word>
      <word id="m02-112-02-01" tag="HV" text="have">
        <cmp x="547" y="1102" width="57" height="52" />
        <cmp x="597" y="1117" width="48" height="35" />
        <cmp x="645" y="1120" width="48" height="33" />
        <cmp x="688" y="1120" width="35" height="42" />
      </word>
      <word id="m02-112-02-02" tag="AT" text="an">
        <cmp x="785" y="1118" width="51" height="36" />
        <cmp x="833" y="1119" width="59" height="40" />
      </word>
      <word id="m02-112-02-03" tag="JNP" text="un-American">
        <cmp x="961" y="1114" width="51" height="43" />
        <cmp x="1007" y="1116" width="54" height="38" />
        <cmp x="1078" y="1126" width="20" height="5" />
        <cmp x="1124" y="1088" width="73" height="64" />
        <cmp x="1184" y="1108" width="72" height="40" />
        <cmp x="1256" y="1114" width="32" height="33" />
        <cmp x="1280" y="1114" width="38" height="39" />
        <cmp x="1309" y="1118" width="22" height="31" />
        <cmp x="1329" y="1114" width="36" height="36" />
        <cmp x="1340" y="1099" width="6" height="8" />
        <cmp x="1355" y="1114" width="52" height="37" />
        <cmp x="1405" y="1119" width="57" height="35" />
      </word>
      <word id="m02-112-02-04" tag="NN" text="love">
        <cmp x="1520" y="1097" width="32" height="57" />
        <cmp x="1540" y="1118" width="36" height="36" />
        <cmp x="1582" y="1123" width="44" height="36" />
        <cmp x="1624" y="1120" width="34" height="39" />
      </word>
      <word id="m02-112-02-05" tag="INO" text="of">
        <cmp x="1710" y="1117" width="45" height="40" />
        <cmp x="1741" y="1093" width="62" height="82" />
      </word>
      <word id="m02-112-02-06" tag="NNS" text="parades">
        <cmp x="1787" y="1106" width="104" height="63" />
        <cmp x="1879" y="1116" width="42" height="33" />
        <cmp x="1908" y="1118" width="52" height="32" />
        <cmp x="1954" y="1099" width="72" height="49" />
        <cmp x="2004" y="1112" width="39" height="36" />
        <cmp x="2034" y="1110" width="41" height="44" />
      </word>
      <word id="m02-112-02-07" tag="," text=",">
        <cmp x="2076" y="1144" width="28" height="27" />
      </word>
      <word id="m02-112-02-08" tag="CC" text="and">
        <cmp x="2129" y="1108" width="46" height="37" />
        <cmp x="2171" y="1095" width="107" height="66" />
      </word>
      <upper-contour>
        <point x="347" y="1016" />
        <point x="2239" y="1016" />
      </upper-contour>
      <lower-contour>
        <point x="349" y="1176" />
        <point x="2245" y="1176" />
      </lower-contour>
    </line>
    <line ass="92" asx="0" asy="1267" character-width="999" dss="92" dsx="0" dsy="1380" fd0="14496" fd1="2803" fd2="-1383" filter-width="3" id="m02-112-03" lbs="20" lbx="0" lby="1332" segmentation="ok" slant="63000" stroke-width="5501" threshold="161" text="these young ones, on parade for jobs which they" ubs="234" ubx="0" uby="1302">
      <word id="m02-112-03-00" tag="DTS" text="these">
        <cmp x="351" y="1272" width="31" height="57" />
        <cmp x="378" y="1274" width="46" height="55" />
        <cmp x="425" y="1291" width="61" height="44" />
        <cmp x="479" y="1298" width="40" height="45" />
      </word>
      <word id="m02-112-03-01" tag="JJ" text="young">
        <cmp x="586" y="1297" width="54" height="55" />
        <cmp x="630" y="1300" width="40" height="34" />
        <cmp x="669" y="1298" width="54" height="36" />
        <cmp x="712" y="1306" width="59" height="29" />
        <cmp x="763" y="1302" width="45" height="74" />
      </word>
      <word id="m02-112-03-02" tag="CD1S" text="ones">
        <cmp x="856" y="1303" width="41" height="35" />
        <cmp x="896" y="1299" width="80" height="36" />
        <cmp x="974" y="1292" width="34" height="44" />
      </word>
      <word id="m02-112-03-03" tag="," text=",">
        <cmp x="1014" y="1321" width="18" height="25" />
      </word>
      <word id="m02-112-03-04" tag="IN" text="on">
        <cmp x="1045" y="1293" width="45" height="40" />
        <cmp x="1084" y="1295" width="53" height="42" />
      </word>
      <word id="m02-112-03-05" tag="NN" text="parade">
        <cmp x="1155" y="1293" width="37" height="52" />
        <cmp x="1184" y="1287" width="38" height="39" />
        <cmp x="1221" y="1290" width="47" height="34" />
        <cmp x="1262" y="1292" width="74" height="38" />
        <cmp x="1338" y="1274" width="72" height="57" />
        <cmp x="1392" y="1291" width="38" height="41" />
      </word>
      <word id="m02-112-03-06" tag="IN" text="for">
        <cmp x="1473" y="1265" width="69" height="93" />
        <cmp x="1513" y="1294" width="44" height="34" />
        <cmp x="1555" y="1294" width="37" height="39" />
      </word>
      <word id="m02-112-03-07" tag="NNS" text="jobs">
        <cmp x="1638" y="1293" width="45" height="59" />
        <cmp x="1684" y="1297" width="28" height="34" />
        <cmp x="1685" y="1275" width="6" height="9" />
        <cmp x="1719" y="1281" width="72" height="51" />
      </word>
      <word id="m02-112-03-08" tag="WDT" text="which">
        <cmp x="1842" y="1294" width="56" height="33" />
        <cmp x="1901" y="1274" width="44" height="54" />
        <cmp x="1942" y="1298" width="23" height="33" />
        <cmp x="1963" y="1280" width="84" height="57" />
        <cmp x="1973" y="1280" width="6" height="8" />
      </word>
      <word id="m02-112-03-09" tag="PP3AS" text="they">
        <cmp x="2087" y="1275" width="42" height="59" />
        <cmp x="2118" y="1276" width="82" height="57" />
        <cmp x="2196" y="1300" width="48" height="77" />
      </word>
      <upper-contour>
        <point x="349" y="1176" />
        <point x="2245" y="1176" />
      </upper-contour>
      <lower-contour>
        <point x="349" y="1377" />
        <point x="2217" y="1377" />
      </lower-contour>
    </line>
    <line ass="115" asx="0" asy="1449" character-width="999" dss="115" dsx="0" dsy="1559" fd0="14655" fd1="2852" fd2="-1498" filter-width="3" id="m02-112-04" lbs="212" lbx="0" lby="1517" segmentation="err" slant="59999" stroke-width="5523" threshold="161" text="had to get to pay off their college bills, were naturally" ubs="-78" ubx="0" uby="1471">
      <word id="m02-112-04-00" tag="HVD" text="had">
        <cmp x="346" y="1451" width="42" height="59" />
        <cmp x="385" y="1449" width="107" height="66" />
      </word>
      <word id="m02-112-04-01" tag="TO" text="to">
        <cmp x="566" y="1455" width="35" height="58" />
        <cmp x="594" y="1475" width="37" height="42" />
      </word>
      <word id="m02-112-04-02" tag="VB" text="get">
        <cmp x="672" y="1470" width="75" height="75" />
        <cmp x="747" y="1450" width="38" height="63" />
      </word>
      <word id="m02-112-04-03" tag="TO" text="to">
        <cmp x="838" y="1481" width="45" height="35" />
        <cmp x="873" y="1451" width="81" height="86" />
      </word>
      <word id="m02-112-04-04" tag="VB" text="pay">
        <cmp x="1006" y="1451" width="36" height="56" />
        <cmp x="1031" y="1457" width="56" height="53" />
      </word>
      <word id="m02-112-04-05" tag="RP" text="off">
        <cmp x="1083" y="1472" width="35" height="39" />
        <cmp x="1114" y="1476" width="25" height="31" />
        <cmp x="1144" y="1456" width="6" height="7" />
      </word>
      <word id="m02-112-04-06" tag="PP$" text="their">
        <cmp x="1135" y="1473" width="39" height="38" />
        <cmp x="1160" y="1447" width="14" height="16" />
      </word>
      <word id="m02-112-04-07" tag="NN" text="college">
        <cmp x="1233" y="1470" width="42" height="42" />
        <cmp x="1267" y="1473" width="48" height="40" />
        <cmp x="1315" y="1453" width="33" height="54" />
        <cmp x="1335" y="1454" width="30" height="50" />
        <cmp x="1347" y="1468" width="37" height="41" />
        <cmp x="1362" y="1469" width="52" height="89" />
        <cmp x="1420" y="1467" width="30" height="38" />
      </word>
      <word id="m02-112-04-08" tag="NNS" text="bills">
        <cmp x="1511" y="1448" width="41" height="54" />
        <cmp x="1549" y="1473" width="18" height="29" />
        <cmp x="1573" y="1447" width="30" height="54" />
        <cmp x="1577" y="1451" width="6" height="7" />
        <cmp x="1586" y="1447" width="32" height="55" />
        <cmp x="1598" y="1467" width="32" height="39" />
      </word>
      <word id="m02-112-04-09" tag="," text=",">
        <cmp x="1639" y="1506" width="15" height="20" />
      </word>
      <word id="m02-112-04-10" tag="BED" text="were">
        <cmp x="1674" y="1480" width="65" height="36" />
        <cmp x="1740" y="1476" width="63" height="37" />
        <cmp x="1803" y="1475" width="34" height="48" />
      </word>
      <word id="m02-112-04-11" tag="RB" text="naturally">
        <cmp x="1879" y="1477" width="98" height="41" />
        <cmp x="1979" y="1454" width="81" height="58" />
        <cmp x="2056" y="1474" width="32" height="37" />
        <cmp x="2088" y="1476" width="51" height="33" />
        <cmp x="2138" y="1461" width="35" height="50" />
        <cmp x="2152" y="1479" width="64" height="55" />
        <cmp x="2156" y="1463" width="31" height="44" />
      </word>
      <upper-contour>
        <point x="349" y="1377" />
        <point x="2217" y="1377" />
      </upper-contour>
      <lower-contour>
        <point x="344" y="1558" />
        <point x="1570" y="1558" />
      </lower-contour>
    </line>
    <line ass="498" asx="0" asy="1633" character-width="999" dss="498" dsx="0" dsy="1739" fd0="14606" fd1="2777" fd2="-1386" filter-width="3" id="m02-112-05" lbs="684" lbx="0" lby="1700" segmentation="ok" slant="59999" stroke-width="5552" threshold="161" text="putting their best foot forward." ubs="126" ubx="0" uby="1657">
      <word id="m02-112-05-00" tag="VBG" text="putting">
        <cmp x="340" y="1649" width="86" height="64" />
        <cmp x="423" y="1631" width="33" height="54" />
        <cmp x="441" y="1633" width="45" height="58" />
        <cmp x="480" y="1656" width="81" height="80" />
        <cmp x="494" y="1636" width="4" height="5" />
      </word>
      <word id="m02-112-05-01" tag="PP$" text="their">
        <cmp x="638" y="1639" width="33" height="52" />
        <cmp x="667" y="1637" width="48" height="52" />
        <cmp x="712" y="1657" width="30" height="34" />
        <cmp x="743" y="1663" width="23" height="29" />
        <cmp x="765" y="1662" width="43" height="35" />
        <cmp x="772" y="1644" width="5" height="8" />
      </word>
      <word id="m02-112-05-02" tag="JJT" text="best">
        <cmp x="870" y="1639" width="79" height="51" />
        <cmp x="941" y="1653" width="44" height="38" />
        <cmp x="974" y="1630" width="34" height="61" />
      </word>
      <word id="m02-112-05-03" tag="NN" text="foot">
        <cmp x="1054" y="1630" width="69" height="87" />
        <cmp x="1097" y="1654" width="69" height="36" />
        <cmp x="1170" y="1631" width="33" height="57" />
      </word>
      <word id="m02-112-05-04" tag="RB" text="forward">
        <cmp x="1251" y="1636" width="66" height="85" />
        <cmp x="1304" y="1655" width="33" height="33" />
        <cmp x="1338" y="1657" width="30" height="34" />
        <cmp x="1374" y="1654" width="59" height="32" />
        <cmp x="1434" y="1653" width="41" height="32" />
        <cmp x="1475" y="1657" width="38" height="31" />
        <cmp x="1504" y="1639" width="65" height="49" />
      </word>
      <word id="m02-112-05-05" tag="." text=".">
        <cmp x="1552" y="1688" width="6" height="5" />
      </word>
      <upper-contour>
        <point x="344" y="1558" />
        <point x="1570" y="1558" />
      </upper-contour>
    </line>
  </handwritten-part>
</form>

