<?xml version="1.0" encoding="ISO-8859-1"?>

<!DOCTYPE form SYSTEM 'http://www.iam.unibe.ch/~fki/iamdb/form-metadata.dtd'>

<form created="2002-01-25" height="3542" id="m02-072" last-modified="2002-07-17" skew="0" status="final" version="3.0_beta" width="2479" writer-id="526">
  <machine-printed-part>
    <machine-print-line text="Lester was not home yet from his formidable duties and his wife, in the manner of" />
    <machine-print-line text="middle-brow wives, romanced about him in his absence. &amp;quot;Lester was a country lawyer," />
    <machine-print-line text="and we were very small 4microdebs, weren&apos;t we, Sally&amp;quot; - here she had dropped her" />
    <machine-print-line text="voice in homage to the economic system: that was reverenced - &amp;quot;when he thought we" />
    <machine-print-line text="might get GO a bit better if he entered politics." />
  </machine-printed-part>
  <handwritten-part>
    <line ass="476" asx="0" asy="728" character-width="999" dss="476" dsx="0" dsy="860" fd0="14339" fd1="2351" fd2="-1474" filter-width="4" id="m02-072-00" lbs="547" lbx="0" lby="815" segmentation="ok" slant="56000" stroke-width="5958" threshold="176" text="Lester was not home yet from his formidable" ubs="333" ubx="0" uby="774">
      <word id="m02-072-00-00" sentence-start="yes" tag="NP" text="Lester">
        <cmp x="352" y="732" width="50" height="84" />
        <cmp x="401" y="768" width="43" height="52" />
        <cmp x="434" y="771" width="40" height="48" />
        <cmp x="466" y="728" width="57" height="88" />
        <cmp x="511" y="803" width="5" height="4" />
        <cmp x="518" y="767" width="41" height="43" />
      </word>
      <word id="m02-072-00-01" tag="BEDZ" text="was">
        <cmp x="572" y="762" width="89" height="56" />
        <cmp x="651" y="764" width="68" height="55" />
      </word>
      <word id="m02-072-00-02" tag="XNOT" text="not">
        <cmp x="764" y="766" width="58" height="47" />
        <cmp x="824" y="722" width="95" height="84" />
      </word>
      <word id="m02-072-00-03" tag="NR" text="home">
        <cmp x="931" y="727" width="187" height="76" />
      </word>
      <word id="m02-072-00-04" tag="RB" text="yet">
        <cmp x="1137" y="766" width="64" height="86" />
        <cmp x="1196" y="759" width="45" height="50" />
        <cmp x="1236" y="719" width="62" height="89" />
      </word>
      <word id="m02-072-00-05" tag="IN" text="from">
        <cmp x="1307" y="718" width="89" height="117" />
        <cmp x="1381" y="767" width="89" height="38" />
      </word>
      <word id="m02-072-00-06" tag="PP$" text="his">
        <cmp x="1495" y="728" width="53" height="76" />
        <cmp x="1547" y="761" width="59" height="51" />
        <cmp x="1569" y="742" width="6" height="12" />
      </word>
      <word id="m02-072-00-07" tag="JJ" text="formidable">
        <cmp x="1637" y="736" width="84" height="103" />
        <cmp x="1720" y="772" width="34" height="36" />
        <cmp x="1751" y="771" width="66" height="35" />
        <cmp x="1810" y="778" width="19" height="29" />
        <cmp x="1832" y="735" width="85" height="74" />
        <cmp x="1911" y="730" width="85" height="80" />
        <cmp x="1959" y="769" width="39" height="39" />
      </word>
      <lower-contour>
        <point x="350" y="853" />
        <point x="1999" y="853" />
      </lower-contour>
    </line>
    <line ass="314" asx="0" asy="890" character-width="999" dss="314" dsx="0" dsy="1034" fd0="14478" fd1="2577" fd2="-1804" filter-width="4" id="m02-072-01" lbs="447" lbx="0" lby="986" segmentation="ok" slant="59000" stroke-width="6144" threshold="176" text="duties and his wife, in the manner of middle-brow" ubs="47" ubx="0" uby="942">
      <word id="m02-072-01-00" tag="NNS" text="duties">
        <cmp x="312" y="897" width="84" height="100" />
        <cmp x="373" y="928" width="57" height="50" />
        <cmp x="414" y="888" width="53" height="89" />
        <cmp x="440" y="930" width="29" height="40" />
        <cmp x="461" y="926" width="39" height="49" />
        <cmp x="471" y="904" width="7" height="13" />
        <cmp x="483" y="921" width="45" height="58" />
      </word>
      <word id="m02-072-01-01" tag="CC" text="and">
        <cmp x="551" y="902" width="126" height="89" />
      </word>
      <word id="m02-072-01-02" tag="PP$" text="his">
        <cmp x="685" y="909" width="49" height="86" />
        <cmp x="734" y="948" width="23" height="38" />
        <cmp x="743" y="937" width="45" height="57" />
        <cmp x="757" y="926" width="4" height="6" />
        <cmp x="761" y="931" width="4" height="5" />
      </word>
      <word id="m02-072-01-03" tag="NN" text="wife">
        <cmp x="830" y="944" width="70" height="46" />
        <cmp x="901" y="946" width="16" height="35" />
        <cmp x="907" y="906" width="67" height="96" />
        <cmp x="922" y="916" width="4" height="12" />
      </word>
      <word id="m02-072-01-04" tag="," text=",">
        <cmp x="956" y="972" width="34" height="57" />
      </word>
      <word id="m02-072-01-05" tag="IN" text="in">
        <cmp x="1008" y="943" width="34" height="52" />
        <cmp x="1029" y="939" width="50" height="51" />
        <cmp x="1040" y="914" width="9" height="17" />
      </word>
      <word id="m02-072-01-06" tag="ATI" text="the">
        <cmp x="1105" y="906" width="62" height="87" />
        <cmp x="1136" y="910" width="85" height="83" />
        <cmp x="1191" y="950" width="27" height="32" />
      </word>
      <word id="m02-072-01-07" tag="NN" text="manner">
        <cmp x="1255" y="942" width="145" height="53" />
        <cmp x="1383" y="940" width="117" height="49" />
      </word>
      <word id="m02-072-01-08" tag="INO" text="of">
        <cmp x="1513" y="897" width="102" height="107" />
      </word>
      <word id="m02-072-01-09" tag="JJB" text="middle-brow">
        <cmp x="1624" y="944" width="73" height="43" />
        <cmp x="1687" y="947" width="26" height="33" />
        <cmp x="1708" y="912" width="76" height="70" />
        <cmp x="1714" y="913" width="11" height="19" />
        <cmp x="1757" y="912" width="75" height="66" />
        <cmp x="1802" y="910" width="57" height="70" />
        <cmp x="1818" y="938" width="49" height="41" />
        <cmp x="1881" y="953" width="42" height="8" />
        <cmp x="1918" y="911" width="55" height="76" />
        <cmp x="1968" y="945" width="43" height="35" />
        <cmp x="2009" y="945" width="100" height="35" />
      </word>
      <upper-contour>
        <point x="350" y="853" />
        <point x="1999" y="853" />
      </upper-contour>
      <lower-contour>
        <point x="318" y="1030" />
        <point x="2110" y="1030" />
      </lower-contour>
    </line>
    <line ass="273" asx="0" asy="1082" character-width="999" dss="273" dsx="0" dsy="1201" fd0="14277" fd1="2547" fd2="-1963" filter-width="4" id="m02-072-02" lbs="455" lbx="0" lby="1174" segmentation="err" slant="56000" stroke-width="6289" threshold="176" text="wives, romanced about him in his absence. &amp;quot;Lester was a" ubs="-88" ubx="0" uby="1124">
      <word id="m02-072-02-00" tag="NNS" text="wives">
        <cmp x="320" y="1107" width="23" height="63" />
        <cmp x="341" y="1110" width="57" height="54" />
        <cmp x="390" y="1122" width="21" height="39" />
        <cmp x="414" y="1122" width="20" height="42" />
        <cmp x="418" y="1093" width="7" height="12" />
        <cmp x="428" y="1113" width="6" height="10" />
        <cmp x="435" y="1098" width="47" height="67" />
        <cmp x="469" y="1106" width="43" height="60" />
      </word>
      <word id="m02-072-02-01" tag="," text=",">
        <cmp x="501" y="1155" width="30" height="44" />
      </word>
      <word id="m02-072-02-02" tag="VBD" text="romanced">
        <cmp x="547" y="1123" width="42" height="55" />
        <cmp x="583" y="1123" width="101" height="43" />
        <cmp x="677" y="1133" width="32" height="35" />
        <cmp x="701" y="1128" width="43" height="37" />
        <cmp x="735" y="1082" width="131" height="90" />
      </word>
      <word id="m02-072-02-03" tag="IN" text="about">
        <cmp x="867" y="1126" width="52" height="49" />
        <cmp x="912" y="1080" width="72" height="89" />
        <cmp x="981" y="1081" width="109" height="89" />
      </word>
      <word id="m02-072-02-04" tag="PP3O" text="him">
        <cmp x="1065" y="1091" width="71" height="94" />
        <cmp x="1124" y="1130" width="28" height="41" />
        <cmp x="1148" y="1120" width="89" height="52" />
        <cmp x="1153" y="1103" width="6" height="11" />
        <cmp x="1237" y="1122" width="31" height="44" />
        <cmp x="1275" y="1093" width="7" height="15" />
      </word>
      <word id="m02-072-02-05" tag="IN" text="in">
        <cmp x="1258" y="1121" width="54" height="50" />
      </word>
      <word id="m02-072-02-06" tag="PP$" text="his">
        <cmp x="1339" y="1079" width="60" height="87" />
        <cmp x="1402" y="1125" width="23" height="36" />
        <cmp x="1417" y="1121" width="38" height="45" />
        <cmp x="1430" y="1094" width="5" height="13" />
        <cmp x="1454" y="1126" width="4" height="5" />
      </word>
      <word id="m02-072-02-07" tag="NN" text="absence">
        <cmp x="1490" y="1109" width="61" height="56" />
        <cmp x="1530" y="1076" width="135" height="95" />
        <cmp x="1651" y="1118" width="79" height="53" />
        <cmp x="1712" y="1159" width="9" height="4" />
      </word>
      <word id="m02-072-02-08" tag="." text=".">
        <cmp x="1736" y="1149" width="14" height="11" />
      </word>
      <word id="m02-072-02-09" sentence-start="yes" tag="*&apos;" text="&quot;">
        <cmp x="1790" y="1075" width="29" height="51" />
        <cmp x="1815" y="1075" width="22" height="45" />
      </word>
      <word id="m02-072-02-10" tag="NP" text="Lester">
        <cmp x="1831" y="1087" width="56" height="91" />
        <cmp x="1859" y="1126" width="45" height="45" />
        <cmp x="1883" y="1123" width="54" height="51" />
        <cmp x="1928" y="1088" width="98" height="85" />
      </word>
      <word id="m02-072-02-11" tag="BEDZ" text="was">
        <cmp x="2030" y="1112" width="136" height="65" />
      </word>
      <word id="m02-072-02-12" tag="AT" text="a">
        <cmp x="2168" y="1127" width="49" height="42" />
      </word>
      <upper-contour>
        <point x="318" y="1030" />
        <point x="2110" y="1030" />
      </upper-contour>
      <lower-contour>
        <point x="318" y="1200" />
        <point x="2218" y="1200" />
      </lower-contour>
    </line>
    <line ass="247" asx="0" asy="1259" character-width="999" dss="247" dsx="0" dsy="1390" fd0="14368" fd1="2312" fd2="-2192" filter-width="4" id="m02-072-03" lbs="286" lbx="0" lby="1351" segmentation="ok" slant="61000" stroke-width="6211" threshold="176" text="country lawyer, and we were very small 4microdebs, weren&apos;t we," ubs="168" ubx="0" uby="1309">
      <word id="m02-072-03-00" tag="NN" text="country">
        <cmp x="306" y="1292" width="48" height="63" />
        <cmp x="341" y="1294" width="87" height="50" />
        <cmp x="412" y="1258" width="87" height="96" />
        <cmp x="475" y="1293" width="56" height="84" />
        <cmp x="478" y="1323" width="8" height="4" />
      </word>
      <word id="m02-072-03-01" tag="NN" text="lawyer">
        <cmp x="555" y="1258" width="49" height="96" />
        <cmp x="570" y="1295" width="44" height="50" />
        <cmp x="611" y="1291" width="91" height="96" />
        <cmp x="689" y="1303" width="41" height="48" />
        <cmp x="721" y="1299" width="50" height="49" />
      </word>
      <word id="m02-072-03-02" tag="," text=",">
        <cmp x="743" y="1341" width="33" height="43" />
      </word>
      <word id="m02-072-03-03" tag="CC" text="and">
        <cmp x="817" y="1299" width="43" height="45" />
        <cmp x="857" y="1300" width="46" height="41" />
        <cmp x="899" y="1273" width="51" height="68" />
      </word>
      <word id="m02-072-03-04" tag="PP1AS" text="we">
        <cmp x="959" y="1295" width="91" height="55" />
      </word>
      <word id="m02-072-03-05" tag="BED" text="were">
        <cmp x="1075" y="1296" width="68" height="48" />
        <cmp x="1133" y="1289" width="66" height="51" />
        <cmp x="1189" y="1295" width="38" height="49" />
      </word>
      <word id="m02-072-03-06" tag="QL" text="very">
        <cmp x="1249" y="1295" width="26" height="56" />
        <cmp x="1270" y="1294" width="49" height="48" />
        <cmp x="1310" y="1292" width="35" height="48" />
        <cmp x="1317" y="1296" width="54" height="90" />
      </word>
      <word id="m02-072-03-07" tag="JJ" text="small">
        <cmp x="1374" y="1294" width="59" height="56" />
        <cmp x="1406" y="1302" width="75" height="51" />
        <cmp x="1472" y="1306" width="41" height="40" />
        <cmp x="1498" y="1262" width="57" height="89" />
        <cmp x="1519" y="1258" width="57" height="94" />
      </word>
      <word id="m02-072-03-08" tag="NNS" text="4microdebs">
        <cmp x="1598" y="1265" width="45" height="99" />
        <cmp x="1630" y="1309" width="69" height="47" />
        <cmp x="1694" y="1313" width="22" height="36" />
        <cmp x="1718" y="1289" width="6" height="16" />
        <cmp x="1723" y="1297" width="54" height="51" />
        <cmp x="1770" y="1265" width="92" height="81" />
        <cmp x="1858" y="1261" width="54" height="87" />
        <cmp x="1892" y="1299" width="45" height="48" />
      </word>
      <word id="m02-072-03-09" tag="," text=",">
        <cmp x="1918" y="1329" width="40" height="53" />
      </word>
      <word id="m02-072-03-10" tag="BEDX" text="weren&apos;t">
        <cmp x="1959" y="1299" width="109" height="44" />
        <cmp x="2056" y="1303" width="60" height="46" />
        <cmp x="2128" y="1265" width="43" height="57" />
        <cmp x="2135" y="1264" width="59" height="76" />
      </word>
      <word id="m02-072-03-11" tag="PP1AS" text="we">
        <cmp x="2174" y="1299" width="87" height="49" />
      </word>
      <word id="m02-072-03-12" tag="," text=",">
        <cmp x="2247" y="1335" width="27" height="28" />
      </word>
      <upper-contour>
        <point x="318" y="1200" />
        <point x="2218" y="1200" />
      </upper-contour>
      <lower-contour>
        <point x="304" y="1387" />
        <point x="2275" y="1387" />
      </lower-contour>
    </line>
    <line ass="-499" asx="0" asy="1392" character-width="999" dss="-499" dsx="0" dsy="1568" fd0="14037" fd1="2354" fd2="-1690" filter-width="4" id="m02-072-04" lbs="-563" lbx="0" lby="1507" segmentation="ok" slant="57000" stroke-width="6462" threshold="176" text="Sally&amp;quot; - here she had dropped her voice in homage to the" ubs="-370" ubx="0" uby="1475">
      <word id="m02-072-04-00" tag="NP" text="Sally">
        <cmp x="281" y="1396" width="83" height="104" />
        <cmp x="328" y="1464" width="53" height="50" />
        <cmp x="377" y="1419" width="50" height="90" />
        <cmp x="391" y="1412" width="59" height="102" />
        <cmp x="398" y="1459" width="56" height="92" />
      </word>
      <word id="m02-072-04-01" tag="**&apos;" text="&quot;">
        <cmp x="494" y="1410" width="32" height="43" />
        <cmp x="516" y="1408" width="27" height="52" />
      </word>
      <word id="m02-072-04-02" tag="*-" text="-">
        <cmp x="514" y="1488" width="39" height="8" />
      </word>
      <word id="m02-072-04-03" tag="RN" text="here">
        <cmp x="556" y="1437" width="62" height="93" />
        <cmp x="612" y="1475" width="81" height="54" />
        <cmp x="678" y="1480" width="47" height="46" />
      </word>
      <word id="m02-072-04-04" tag="PP3A" text="she">
        <cmp x="743" y="1477" width="63" height="61" />
        <cmp x="786" y="1442" width="90" height="93" />
      </word>
      <word id="m02-072-04-05" tag="HVD" text="had">
        <cmp x="906" y="1437" width="63" height="91" />
        <cmp x="957" y="1478" width="47" height="43" />
        <cmp x="997" y="1427" width="83" height="96" />
      </word>
      <word id="m02-072-04-06" tag="VBN" text="dropped">
        <cmp x="1100" y="1440" width="75" height="91" />
        <cmp x="1139" y="1473" width="45" height="56" />
        <cmp x="1170" y="1482" width="47" height="38" />
        <cmp x="1175" y="1478" width="70" height="77" />
        <cmp x="1216" y="1474" width="63" height="80" />
        <cmp x="1272" y="1435" width="103" height="92" />
      </word>
      <word id="m02-072-04-07" tag="PP$" text="her">
        <cmp x="1385" y="1436" width="110" height="95" />
      </word>
      <word id="m02-072-04-08" tag="NN" text="voice">
        <cmp x="1505" y="1465" width="39" height="66" />
        <cmp x="1528" y="1512" width="4" height="4" />
        <cmp x="1533" y="1468" width="53" height="56" />
        <cmp x="1574" y="1483" width="30" height="40" />
        <cmp x="1601" y="1479" width="37" height="44" />
        <cmp x="1607" y="1451" width="9" height="22" />
        <cmp x="1638" y="1476" width="44" height="46" />
      </word>
      <word id="m02-072-04-09" tag="IN" text="in">
        <cmp x="1711" y="1485" width="30" height="40" />
        <cmp x="1728" y="1480" width="59" height="51" />
        <cmp x="1735" y="1454" width="8" height="24" />
      </word>
      <word id="m02-072-04-10" tag="NN" text="homage">
        <cmp x="1831" y="1437" width="231" height="150" />
      </word>
      <word id="m02-072-04-11" tag="IN" text="to">
        <cmp x="2086" y="1446" width="76" height="91" />
      </word>
      <word id="m02-072-04-12" tag="ATI" text="the">
        <cmp x="2180" y="1448" width="94" height="83" />
      </word>
      <upper-contour>
        <point x="304" y="1387" />
        <point x="2275" y="1387" />
      </upper-contour>
      <lower-contour>
        <point x="308" y="1587" />
        <point x="2275" y="1587" />
      </lower-contour>
    </line>
    <line ass="207" asx="0" asy="1624" character-width="999" dss="207" dsx="0" dsy="1764" fd0="14347" fd1="2492" fd2="-1841" filter-width="4" id="m02-072-05" lbs="114" lbx="0" lby="1706" segmentation="ok" slant="53000" stroke-width="6400" threshold="176" text="economic system: that was reverenced - &amp;quot;when he thought" ubs="394" ubx="0" uby="1673">
      <word id="m02-072-05-00" tag="JJ" text="economic">
        <cmp x="310" y="1658" width="60" height="55" />
        <cmp x="372" y="1660" width="41" height="50" />
        <cmp x="413" y="1657" width="81" height="41" />
        <cmp x="490" y="1665" width="44" height="38" />
        <cmp x="519" y="1662" width="79" height="49" />
        <cmp x="594" y="1671" width="28" height="37" />
        <cmp x="621" y="1665" width="45" height="52" />
        <cmp x="624" y="1643" width="5" height="10" />
      </word>
      <word id="m02-072-05-01" tag="NN" text="system">
        <cmp x="692" y="1657" width="50" height="58" />
        <cmp x="709" y="1655" width="83" height="108" />
        <cmp x="776" y="1621" width="187" height="93" />
      </word>
      <word id="m02-072-05-02" tag=":" text=":">
        <cmp x="991" y="1661" width="19" height="18" />
        <cmp x="993" y="1691" width="13" height="11" />
      </word>
      <word id="m02-072-05-03" tag="DT" text="that">
        <cmp x="1042" y="1629" width="89" height="85" />
        <cmp x="1118" y="1668" width="36" height="34" />
        <cmp x="1160" y="1629" width="59" height="79" />
      </word>
      <word id="m02-072-05-04" tag="BEDZ" text="was">
        <cmp x="1231" y="1659" width="77" height="48" />
        <cmp x="1296" y="1658" width="34" height="46" />
        <cmp x="1323" y="1652" width="36" height="58" />
      </word>
      <word id="m02-072-05-05" tag="VBN" text="reverenced">
        <cmp x="1371" y="1656" width="46" height="60" />
        <cmp x="1399" y="1660" width="126" height="57" />
        <cmp x="1517" y="1634" width="176" height="76" />
      </word>
      <word id="m02-072-05-06" tag="*-" text="-">
        <cmp x="1693" y="1680" width="43" height="11" />
      </word>
      <word id="m02-072-05-07" tag="*&apos;" text="&quot;">
        <cmp x="1761" y="1631" width="39" height="46" />
        <cmp x="1789" y="1623" width="42" height="49" />
      </word>
      <word id="m02-072-05-08" tag="WRB" text="when">
        <cmp x="1804" y="1659" width="69" height="48" />
        <cmp x="1855" y="1621" width="109" height="83" />
      </word>
      <word id="m02-072-05-09" tag="PP3A" text="he">
        <cmp x="1983" y="1620" width="78" height="85" />
      </word>
      <word id="m02-072-05-10" tag="VBD" text="thought">
        <cmp x="2086" y="1630" width="64" height="84" />
        <cmp x="2123" y="1638" width="131" height="117" />
        <cmp x="2254" y="1618" width="68" height="87" />
      </word>
      <upper-contour>
        <point x="308" y="1587" />
        <point x="2275" y="1587" />
      </upper-contour>
      <lower-contour>
        <point x="321" y="1763" />
        <point x="2323" y="1763" />
      </lower-contour>
    </line>
    <line ass="174" asx="0" asy="1789" character-width="999" dss="174" dsx="0" dsy="1955" fd0="14310" fd1="2684" fd2="-1756" filter-width="4" id="m02-072-06" lbs="144" lbx="0" lby="1878" segmentation="ok" slant="56000" stroke-width="6221" threshold="176" text="we might get GO a bit better if he entered politics." ubs="234" ubx="0" uby="1841">
      <word id="m02-072-06-00" tag="PP1AS" text="we">
        <cmp x="323" y="1816" width="77" height="67" />
        <cmp x="396" y="1823" width="55" height="58" />
      </word>
      <word id="m02-072-06-01" tag="MD" text="might">
        <cmp x="484" y="1826" width="74" height="65" />
        <cmp x="559" y="1836" width="18" height="35" />
        <cmp x="569" y="1838" width="25" height="50" />
        <cmp x="582" y="1839" width="58" height="90" />
        <cmp x="593" y="1810" width="11" height="15" />
        <cmp x="628" y="1792" width="55" height="98" />
        <cmp x="676" y="1787" width="52" height="101" />
      </word>
      <word id="m02-072-06-02" tag="VB" text="get">
        <cmp x="732" y="1834" width="74" height="120" />
        <cmp x="804" y="1840" width="49" height="50" />
        <cmp x="835" y="1876" width="15" height="9" />
        <cmp x="850" y="1787" width="70" height="103" />
      </word>
      <word id="m02-072-06-03" tag="VB" text="GO">
        <cmp x="929" y="1803" width="85" height="91" />
        <cmp x="1019" y="1812" width="65" height="68" />
      </word>
      <word id="m02-072-06-04" tag="AT" text="a">
        <cmp x="1115" y="1850" width="41" height="42" />
      </word>
      <word id="m02-072-06-05" tag="NN" text="bit">
        <cmp x="1188" y="1798" width="67" height="91" />
        <cmp x="1234" y="1842" width="32" height="40" />
        <cmp x="1256" y="1800" width="61" height="89" />
        <cmp x="1271" y="1803" width="10" height="20" />
      </word>
      <word id="m02-072-06-06" tag="RBR" text="better">
        <cmp x="1329" y="1792" width="230" height="98" />
      </word>
      <word id="m02-072-06-07" tag="CS" text="if">
        <cmp x="1587" y="1848" width="31" height="34" />
        <cmp x="1609" y="1801" width="83" height="99" />
        <cmp x="1615" y="1815" width="13" height="25" />
        <cmp x="1677" y="1838" width="5" height="8" />
      </word>
      <word id="m02-072-06-08" tag="PP3A" text="he">
        <cmp x="1713" y="1791" width="96" height="90" />
      </word>
      <word id="m02-072-06-09" tag="VBD" text="entered">
        <cmp x="1855" y="1825" width="94" height="58" />
        <cmp x="1932" y="1787" width="76" height="89" />
        <cmp x="1964" y="1830" width="85" height="51" />
        <cmp x="2029" y="1810" width="120" height="77" />
      </word>
      <word id="m02-072-06-10" tag="NN" text="politics">
        <cmp x="2111" y="1836" width="93" height="88" />
        <cmp x="2200" y="1788" width="52" height="94" />
        <cmp x="2217" y="1837" width="25" height="43" />
        <cmp x="2243" y="1790" width="45" height="81" />
        <cmp x="2252" y="1800" width="8" height="22" />
        <cmp x="2275" y="1826" width="28" height="44" />
        <cmp x="2296" y="1825" width="33" height="55" />
        <cmp x="2311" y="1795" width="5" height="15" />
        <cmp x="2313" y="1821" width="46" height="58" />
      </word>
      <word id="m02-072-06-11" tag="." text=".">
        <cmp x="2362" y="1869" width="18" height="13" />
      </word>
      <upper-contour>
        <point x="321" y="1763" />
        <point x="2323" y="1763" />
      </upper-contour>
    </line>
  </handwritten-part>
</form>

