<?xml version="1.0" encoding="ISO-8859-1"?>

<!DOCTYPE form SYSTEM 'http://www.iam.unibe.ch/~fki/iamdb/form-metadata.dtd'>

<form created="2002-01-25" height="3542" id="m02-075" last-modified="2002-07-17" skew="0" status="final" version="3.0_beta" width="2479" writer-id="527">
  <machine-printed-part>
    <machine-print-line text="Know how he did it? He&apos;s clever on the mouth-organ. So when he visited some craterlet" />
    <machine-print-line text="on Face (ours is an agricultural Back-Face area) the cry would go up, as" />
    <machine-print-line text="soon as he had spoken a few sentences of his speech: &apos;Cut the politics, Lester, give us" />
    <machine-print-line text="something on your mouth-organ.&apos;" />
  </machine-printed-part>
  <handwritten-part>
    <line ass="154" asx="0" asy="709" character-width="999" dss="154" dsx="0" dsy="796" fd0="15029" fd1="3154" fd2="-688" filter-width="3" id="m02-075-00" lbs="249" lbx="0" lby="786" segmentation="ok" slant="62000" stroke-width="5234" threshold="169" text="Know how he did it? He&apos;s clever on" ubs="-36" ubx="0" uby="750">
      <word id="m02-075-00-00" sentence-start="yes" tag="VB" text="Know">
        <cmp x="361" y="708" width="80" height="85" />
        <cmp x="395" y="750" width="10" height="38" />
        <cmp x="406" y="744" width="42" height="43" />
        <cmp x="449" y="738" width="115" height="48" />
      </word>
      <word id="m02-075-00-01" tag="WRB" text="how">
        <cmp x="663" y="711" width="41" height="81" />
        <cmp x="710" y="751" width="104" height="37" />
      </word>
      <word id="m02-075-00-02" tag="PP3A" text="he">
        <cmp x="878" y="711" width="38" height="76" />
        <cmp x="921" y="747" width="39" height="35" />
      </word>
      <word id="m02-075-00-03" tag="DOD" text="did">
        <cmp x="1025" y="710" width="86" height="74" />
        <cmp x="1074" y="757" width="18" height="21" />
        <cmp x="1095" y="707" width="87" height="76" />
        <cmp x="1108" y="727" width="5" height="8" />
      </word>
      <word id="m02-075-00-04" tag="PP3" text="it">
        <cmp x="1209" y="763" width="18" height="22" />
        <cmp x="1228" y="719" width="54" height="64" />
        <cmp x="1247" y="735" width="3" height="5" />
      </word>
      <word id="m02-075-00-05" tag="?" text="?">
        <cmp x="1288" y="780" width="5" height="6" />
        <cmp x="1292" y="722" width="37" height="47" />
      </word>
      <word id="m02-075-00-06" sentence-start="yes" tag="PP3A" text="He">
        <cmp x="1392" y="730" width="39" height="60" />
        <cmp x="1427" y="721" width="38" height="67" />
        <cmp x="1430" y="725" width="4" height="4" />
        <cmp x="1442" y="754" width="46" height="36" />
      </word>
      <word id="m02-075-00-07" tag="BEZ" text="&apos;s">
        <cmp x="1516" y="719" width="17" height="32" />
        <cmp x="1519" y="751" width="39" height="41" />
      </word>
      <word id="m02-075-00-08" tag="JJ" text="clever">
        <cmp x="1636" y="753" width="46" height="38" />
        <cmp x="1683" y="752" width="10" height="10" />
        <cmp x="1687" y="724" width="63" height="60" />
        <cmp x="1704" y="753" width="52" height="37" />
        <cmp x="1758" y="749" width="123" height="37" />
      </word>
      <word id="m02-075-00-09" tag="IN" text="on">
        <cmp x="1956" y="747" width="95" height="38" />
      </word>
      <lower-contour>
        <point x="370" y="792" />
        <point x="2052" y="792" />
      </lower-contour>
    </line>
    <line ass="-125" asx="0" asy="887" character-width="999" dss="-125" dsx="0" dsy="1027" fd0="14789" fd1="2812" fd2="-1072" filter-width="3" id="m02-075-01" lbs="-36" lbx="0" lby="962" segmentation="ok" slant="52000" stroke-width="5210" threshold="168" text="the mouth-organ. So when he visited some" ubs="-303" ubx="0" uby="932">
      <word id="m02-075-01-00" tag="ATI" text="the">
        <cmp x="372" y="893" width="38" height="70" />
        <cmp x="395" y="889" width="39" height="79" />
        <cmp x="437" y="922" width="38" height="37" />
      </word>
      <word id="m02-075-01-01" tag="NN" text="mouth-organ">
        <cmp x="563" y="927" width="74" height="42" />
        <cmp x="638" y="926" width="99" height="40" />
        <cmp x="729" y="889" width="59" height="70" />
        <cmp x="743" y="889" width="64" height="79" />
        <cmp x="807" y="949" width="27" height="7" />
        <cmp x="846" y="934" width="56" height="32" />
        <cmp x="886" y="932" width="78" height="98" />
        <cmp x="900" y="931" width="29" height="33" />
        <cmp x="960" y="936" width="27" height="28" />
        <cmp x="984" y="931" width="26" height="34" />
        <cmp x="999" y="931" width="48" height="31" />
      </word>
      <word id="m02-075-01-02" tag="." text=".">
        <cmp x="1050" y="958" width="5" height="8" />
      </word>
      <word id="m02-075-01-03" sentence-start="yes" tag="RB" text="So">
        <cmp x="1107" y="912" width="52" height="57" />
        <cmp x="1145" y="944" width="45" height="24" />
      </word>
      <word id="m02-075-01-04" tag="WRB" text="when">
        <cmp x="1254" y="932" width="73" height="38" />
        <cmp x="1315" y="903" width="56" height="69" />
        <cmp x="1360" y="943" width="24" height="24" />
        <cmp x="1366" y="897" width="5" height="5" />
        <cmp x="1386" y="937" width="18" height="16" />
        <cmp x="1400" y="939" width="41" height="29" />
      </word>
      <word id="m02-075-01-05" tag="PP3A" text="he">
        <cmp x="1553" y="911" width="43" height="56" />
        <cmp x="1600" y="937" width="35" height="27" />
      </word>
      <word id="m02-075-01-06" tag="VBD" text="visited">
        <cmp x="1735" y="940" width="58" height="29" />
        <cmp x="1748" y="935" width="7" height="5" />
        <cmp x="1784" y="947" width="13" height="20" />
        <cmp x="1809" y="939" width="35" height="34" />
        <cmp x="1813" y="926" width="6" height="10" />
        <cmp x="1844" y="945" width="19" height="22" />
        <cmp x="1867" y="909" width="53" height="70" />
        <cmp x="1887" y="923" width="4" height="10" />
        <cmp x="1905" y="942" width="30" height="24" />
        <cmp x="1923" y="938" width="36" height="20" />
        <cmp x="1950" y="906" width="91" height="63" />
      </word>
      <word id="m02-075-01-07" tag="DTI" text="some">
        <cmp x="2068" y="930" width="61" height="40" />
        <cmp x="2110" y="938" width="54" height="31" />
        <cmp x="2150" y="944" width="68" height="29" />
        <cmp x="2220" y="955" width="38" height="21" />
        <cmp x="2241" y="949" width="22" height="16" />
      </word>
      <upper-contour>
        <point x="370" y="792" />
        <point x="2052" y="792" />
      </upper-contour>
      <lower-contour>
        <point x="370" y="1030" />
        <point x="2256" y="1030" />
      </lower-contour>
    </line>
    <line ass="39" asx="0" asy="1072" character-width="999" dss="39" dsx="0" dsy="1203" fd0="15233" fd1="3458" fd2="-459" filter-width="3" id="m02-075-02" lbs="44" lbx="0" lby="1144" segmentation="ok" slant="50000" stroke-width="5249" threshold="167" text="craterlet on Face (ours is an agricultural" ubs="29" ubx="0" uby="1119">
      <word id="m02-075-02-00" tag="NN" text="craterlet">
        <cmp x="369" y="1107" width="45" height="40" />
        <cmp x="416" y="1102" width="46" height="40" />
        <cmp x="462" y="1106" width="44" height="37" />
        <cmp x="509" y="1072" width="55" height="70" />
        <cmp x="533" y="1112" width="58" height="38" />
        <cmp x="565" y="1140" width="20" height="6" />
        <cmp x="594" y="1133" width="12" height="12" />
        <cmp x="601" y="1113" width="28" height="17" />
        <cmp x="636" y="1087" width="43" height="63" />
        <cmp x="655" y="1115" width="43" height="30" />
        <cmp x="702" y="1087" width="50" height="63" />
      </word>
      <word id="m02-075-02-01" tag="IN" text="on">
        <cmp x="797" y="1121" width="55" height="32" />
        <cmp x="849" y="1127" width="25" height="27" />
        <cmp x="873" y="1127" width="22" height="27" />
      </word>
      <word id="m02-075-02-02" tag="NP" text="Face">
        <cmp x="979" y="1085" width="92" height="13" />
        <cmp x="985" y="1109" width="35" height="43" />
        <cmp x="1011" y="1122" width="20" height="10" />
        <cmp x="1028" y="1106" width="58" height="38" />
        <cmp x="1087" y="1114" width="43" height="34" />
        <cmp x="1133" y="1125" width="35" height="18" />
        <cmp x="1148" y="1128" width="11" height="8" />
        <cmp x="1156" y="1121" width="3" height="5" />
        <cmp x="1160" y="1119" width="14" height="7" />
      </word>
      <word id="m02-075-02-03" tag="(" text="(">
        <cmp x="1213" y="1089" width="35" height="67" />
        <cmp x="1248" y="1084" width="9" height="6" />
      </word>
      <word id="m02-075-02-04" tag="PP$$" text="ours">
        <cmp x="1251" y="1111" width="92" height="36" />
        <cmp x="1341" y="1116" width="9" height="5" />
        <cmp x="1344" y="1117" width="30" height="27" />
        <cmp x="1374" y="1115" width="37" height="36" />
      </word>
      <word id="m02-075-02-05" tag="BEZ" text="is">
        <cmp x="1494" y="1122" width="15" height="20" />
        <cmp x="1524" y="1097" width="8" height="11" />
        <cmp x="1524" y="1118" width="34" height="28" />
      </word>
      <word id="m02-075-02-06" tag="AT" text="an">
        <cmp x="1604" y="1113" width="48" height="35" />
        <cmp x="1651" y="1116" width="42" height="34" />
      </word>
      <word id="m02-075-02-07" tag="JJ" text="agricultural">
        <cmp x="1768" y="1117" width="28" height="29" />
        <cmp x="1786" y="1116" width="78" height="87" />
        <cmp x="1796" y="1112" width="21" height="34" />
        <cmp x="1865" y="1112" width="36" height="28" />
        <cmp x="1906" y="1122" width="19" height="21" />
        <cmp x="1927" y="1119" width="32" height="25" />
        <cmp x="1931" y="1107" width="5" height="8" />
        <cmp x="1967" y="1121" width="23" height="21" />
        <cmp x="1980" y="1117" width="6" height="3" />
        <cmp x="1995" y="1121" width="22" height="22" />
        <cmp x="2017" y="1096" width="43" height="54" />
        <cmp x="2039" y="1094" width="49" height="56" />
        <cmp x="2072" y="1117" width="28" height="30" />
        <cmp x="2104" y="1122" width="25" height="27" />
        <cmp x="2129" y="1117" width="66" height="27" />
        <cmp x="2205" y="1103" width="50" height="47" />
      </word>
      <upper-contour>
        <point x="370" y="1030" />
        <point x="2256" y="1030" />
      </upper-contour>
      <lower-contour>
        <point x="367" y="1203" />
        <point x="2256" y="1203" />
      </lower-contour>
    </line>
    <line ass="-237" asx="0" asy="1252" character-width="999" dss="-237" dsx="0" dsy="1381" fd0="15446" fd1="3289" fd2="-565" filter-width="3" id="m02-075-03" lbs="-182" lbx="0" lby="1317" segmentation="err" slant="48000" stroke-width="5407" threshold="167" text="Back-Face area) the cry would go up," ubs="-347" ubx="0" uby="1288">
      <word id="m02-075-03-00" tag="JJB" text="Back-Face">
        <cmp x="359" y="1260" width="72" height="64" />
        <cmp x="420" y="1282" width="50" height="37" />
        <cmp x="467" y="1292" width="44" height="27" />
        <cmp x="513" y="1262" width="53" height="57" />
        <cmp x="539" y="1306" width="7" height="14" />
        <cmp x="573" y="1302" width="19" height="5" />
        <cmp x="615" y="1264" width="70" height="55" />
        <cmp x="638" y="1293" width="19" height="6" />
        <cmp x="663" y="1282" width="64" height="45" />
        <cmp x="715" y="1292" width="38" height="34" />
        <cmp x="765" y="1304" width="32" height="24" />
        <cmp x="784" y="1309" width="12" height="6" />
        <cmp x="787" y="1300" width="19" height="10" />
      </word>
      <word id="m02-075-03-01" tag="NN" text="area">
        <cmp x="879" y="1292" width="60" height="38" />
        <cmp x="921" y="1290" width="40" height="37" />
        <cmp x="960" y="1297" width="38" height="34" />
      </word>
      <word id="m02-075-03-02" tag=")" text=")">
        <cmp x="1000" y="1297" width="47" height="30" />
        <cmp x="1034" y="1261" width="54" height="89" />
      </word>
      <word id="m02-075-03-03" tag="ATI" text="the">
        <cmp x="1161" y="1262" width="50" height="67" />
        <cmp x="1193" y="1260" width="48" height="72" />
        <cmp x="1245" y="1294" width="44" height="35" />
      </word>
      <word id="m02-075-03-04" tag="NN" text="cry">
        <cmp x="1363" y="1293" width="57" height="38" />
        <cmp x="1410" y="1289" width="49" height="39" />
        <cmp x="1431" y="1305" width="76" height="66" />
        <cmp x="1467" y="1299" width="15" height="20" />
      </word>
      <word id="m02-075-03-05" tag="MD" text="would">
        <cmp x="1616" y="1292" width="98" height="38" />
        <cmp x="1643" y="1287" width="4" height="4" />
        <cmp x="1714" y="1289" width="42" height="33" />
        <cmp x="1757" y="1293" width="29" height="28" />
        <cmp x="1791" y="1299" width="22" height="20" />
        <cmp x="1810" y="1262" width="49" height="56" />
        <cmp x="1834" y="1290" width="46" height="30" />
        <cmp x="1875" y="1260" width="54" height="56" />
      </word>
      <word id="m02-075-03-06" tag="VB" text="go">
        <cmp x="1929" y="1293" width="84" height="97" />
        <cmp x="2024" y="1294" width="41" height="29" />
      </word>
      <word id="m02-075-03-07" tag="RP" text="up">
        <cmp x="2140" y="1290" width="29" height="34" />
        <cmp x="2148" y="1290" width="82" height="71" />
        <cmp x="2169" y="1305" width="20" height="17" />
        <cmp x="2187" y="1300" width="5" height="4" />
      </word>
      <word id="m02-075-03-08" tag="," text=",">
        <cmp x="2225" y="1323" width="39" height="32" />
      </word>
      <upper-contour>
        <point x="367" y="1203" />
        <point x="2256" y="1203" />
      </upper-contour>
      <lower-contour>
        <point x="359" y="1390" />
        <point x="2098" y="1390" />
      </lower-contour>
    </line>
    <line ass="73" asx="0" asy="1412" character-width="999" dss="73" dsx="0" dsy="1536" fd0="14787" fd1="2963" fd2="-881" filter-width="3" id="m02-075-04" lbs="108" lbx="0" lby="1506" segmentation="ok" slant="54000" stroke-width="5269" threshold="166" text="as soon as he had spoken a few" ubs="4" ubx="0" uby="1475">
      <word id="m02-075-04-00" tag="QL" text="as">
        <cmp x="361" y="1458" width="55" height="40" />
        <cmp x="381" y="1483" width="22" height="23" />
        <cmp x="404" y="1463" width="46" height="45" />
      </word>
      <word id="m02-075-04-01" tag="RB" text="soon">
        <cmp x="536" y="1466" width="50" height="39" />
        <cmp x="587" y="1475" width="57" height="37" />
        <cmp x="649" y="1481" width="45" height="29" />
        <cmp x="695" y="1481" width="42" height="35" />
      </word>
      <word id="m02-075-04-02" tag="CS" text="as">
        <cmp x="817" y="1471" width="53" height="35" />
        <cmp x="876" y="1473" width="34" height="37" />
      </word>
      <word id="m02-075-04-03" tag="PP3A" text="he">
        <cmp x="1001" y="1439" width="52" height="68" />
        <cmp x="1045" y="1472" width="44" height="34" />
      </word>
      <word id="m02-075-04-04" tag="HVD" text="had">
        <cmp x="1183" y="1448" width="55" height="55" />
        <cmp x="1235" y="1473" width="49" height="31" />
        <cmp x="1285" y="1483" width="38" height="24" />
        <cmp x="1311" y="1452" width="59" height="58" />
      </word>
      <word id="m02-075-04-05" tag="VBN" text="spoken">
        <cmp x="1405" y="1472" width="58" height="34" />
        <cmp x="1430" y="1460" width="88" height="68" />
        <cmp x="1515" y="1471" width="48" height="30" />
        <cmp x="1558" y="1442" width="60" height="68" />
        <cmp x="1610" y="1469" width="52" height="31" />
        <cmp x="1656" y="1473" width="46" height="33" />
      </word>
      <word id="m02-075-04-06" tag="AP21" text="a">
        <cmp x="1775" y="1469" width="54" height="41" />
      </word>
      <word id="m02-075-04-07" tag="AP22" text="few">
        <cmp x="1900" y="1410" width="101" height="125" />
        <cmp x="1960" y="1474" width="46" height="33" />
        <cmp x="2000" y="1477" width="77" height="32" />
        <cmp x="2077" y="1484" width="20" height="15" />
      </word>
      <upper-contour>
        <point x="359" y="1390" />
        <point x="2098" y="1390" />
      </upper-contour>
      <lower-contour>
        <point x="359" y="1535" />
        <point x="2029" y="1535" />
      </lower-contour>
    </line>
    <line ass="0" asx="0" asy="1588" character-width="999" dss="0" dsx="0" dsy="1718" fd0="14765" fd1="3132" fd2="-664" filter-width="3" id="m02-075-05" lbs="-41" lbx="0" lby="1678" segmentation="ok" slant="62000" stroke-width="5401" threshold="164" text="sentences of his speech: &apos;Cut the" ubs="80" ubx="0" uby="1658">
      <word id="m02-075-05-00" tag="NNS" text="sentences">
        <cmp x="357" y="1634" width="46" height="57" />
        <cmp x="402" y="1638" width="5" height="4" />
        <cmp x="405" y="1642" width="60" height="47" />
        <cmp x="449" y="1645" width="50" height="41" />
        <cmp x="499" y="1608" width="54" height="80" />
        <cmp x="525" y="1646" width="59" height="40" />
        <cmp x="571" y="1648" width="46" height="37" />
        <cmp x="619" y="1660" width="46" height="29" />
        <cmp x="682" y="1660" width="44" height="32" />
        <cmp x="741" y="1654" width="48" height="42" />
      </word>
      <word id="m02-075-05-01" tag="INO" text="of">
        <cmp x="892" y="1589" width="109" height="131" />
      </word>
      <word id="m02-075-05-02" tag="PP$" text="his">
        <cmp x="1079" y="1626" width="49" height="62" />
        <cmp x="1109" y="1652" width="19" height="34" />
        <cmp x="1127" y="1663" width="19" height="21" />
        <cmp x="1139" y="1649" width="48" height="38" />
        <cmp x="1171" y="1633" width="5" height="12" />
      </word>
      <word id="m02-075-05-03" tag="NN" text="speech">
        <cmp x="1265" y="1642" width="64" height="48" />
        <cmp x="1275" y="1644" width="149" height="76" />
        <cmp x="1411" y="1654" width="51" height="30" />
        <cmp x="1425" y="1663" width="32" height="14" />
        <cmp x="1455" y="1623" width="112" height="64" />
      </word>
      <word id="m02-075-05-04" tag=":" text=":">
        <cmp x="1580" y="1679" width="5" height="5" />
        <cmp x="1603" y="1653" width="4" height="6" />
      </word>
      <word id="m02-075-05-05" sentence-start="yes" tag="*&apos;" text="&apos;">
        <cmp x="1666" y="1612" width="9" height="17" />
        <cmp x="1673" y="1604" width="5" height="6" />
      </word>
      <word id="m02-075-05-06" tag="VB" text="Cut">
        <cmp x="1697" y="1616" width="72" height="70" />
        <cmp x="1741" y="1648" width="31" height="35" />
        <cmp x="1765" y="1660" width="20" height="22" />
        <cmp x="1791" y="1628" width="48" height="55" />
      </word>
      <word id="m02-075-05-07" tag="ATI" text="the">
        <cmp x="1893" y="1625" width="54" height="66" />
        <cmp x="1930" y="1619" width="48" height="63" />
        <cmp x="1987" y="1653" width="41" height="24" />
      </word>
      <upper-contour>
        <point x="359" y="1535" />
        <point x="2029" y="1535" />
      </upper-contour>
      <lower-contour>
        <point x="355" y="1721" />
        <point x="2029" y="1721" />
      </lower-contour>
    </line>
    <line ass="-242" asx="0" asy="1788" character-width="999" dss="-242" dsx="0" dsy="1927" fd0="15011" fd1="2761" fd2="-752" filter-width="3" id="m02-075-06" lbs="-262" lbx="0" lby="1852" segmentation="ok" slant="49000" stroke-width="5453" threshold="169" text="politics, Lester, give us something on" ubs="-202" ubx="0" uby="1832">
      <word id="m02-075-06-00" tag="NN" text="politics">
        <cmp x="338" y="1821" width="82" height="73" />
        <cmp x="421" y="1828" width="42" height="33" />
        <cmp x="464" y="1798" width="47" height="57" />
        <cmp x="481" y="1833" width="16" height="19" />
        <cmp x="502" y="1796" width="54" height="59" />
        <cmp x="522" y="1804" width="6" height="7" />
        <cmp x="541" y="1832" width="29" height="22" />
        <cmp x="579" y="1826" width="43" height="39" />
        <cmp x="580" y="1809" width="5" height="12" />
        <cmp x="627" y="1824" width="49" height="42" />
      </word>
      <word id="m02-075-06-01" tag="," text=",">
        <cmp x="672" y="1856" width="25" height="18" />
      </word>
      <word id="m02-075-06-02" tag="NP" text="Lester">
        <cmp x="774" y="1798" width="58" height="60" />
        <cmp x="822" y="1829" width="51" height="33" />
        <cmp x="859" y="1796" width="109" height="69" />
        <cmp x="934" y="1836" width="84" height="33" />
      </word>
      <word id="m02-075-06-03" tag="," text=",">
        <cmp x="1014" y="1856" width="22" height="21" />
      </word>
      <word id="m02-075-06-04" tag="VB" text="give">
        <cmp x="1083" y="1817" width="79" height="116" />
        <cmp x="1084" y="1911" width="3" height="5" />
        <cmp x="1176" y="1834" width="11" height="16" />
        <cmp x="1198" y="1839" width="49" height="22" />
        <cmp x="1209" y="1801" width="4" height="10" />
        <cmp x="1241" y="1839" width="34" height="26" />
        <cmp x="1262" y="1849" width="5" height="5" />
        <cmp x="1269" y="1837" width="18" height="14" />
      </word>
      <word id="m02-075-06-05" tag="PP1OS" text="us">
        <cmp x="1397" y="1823" width="81" height="43" />
      </word>
      <word id="m02-075-06-06" tag="PN" text="something">
        <cmp x="1565" y="1824" width="68" height="44" />
        <cmp x="1625" y="1835" width="108" height="28" />
        <cmp x="1750" y="1834" width="46" height="32" />
        <cmp x="1789" y="1796" width="65" height="69" />
        <cmp x="1819" y="1796" width="55" height="64" />
        <cmp x="1868" y="1837" width="17" height="20" />
        <cmp x="1889" y="1825" width="53" height="40" />
        <cmp x="1896" y="1831" width="92" height="103" />
        <cmp x="1905" y="1810" width="7" height="12" />
      </word>
      <word id="m02-075-06-07" tag="IN" text="on">
        <cmp x="2057" y="1831" width="53" height="35" />
        <cmp x="2109" y="1842" width="55" height="32" />
      </word>
      <upper-contour>
        <point x="355" y="1721" />
        <point x="2029" y="1721" />
      </upper-contour>
      <lower-contour>
        <point x="340" y="1933" />
        <point x="1298" y="1933" />
      </lower-contour>
    </line>
    <line ass="872" asx="0" asy="1984" character-width="999" dss="872" dsx="0" dsy="2122" fd0="15811" fd1="3695" fd2="-160" filter-width="3" id="m02-075-07" lbs="1107" lbx="0" lby="2056" segmentation="ok" slant="52000" stroke-width="5523" threshold="168" text="your mouth-organ.&apos;" ubs="401" ubx="0" uby="2013">
      <word id="m02-075-07-00" tag="PP$" text="your">
        <cmp x="342" y="2003" width="80" height="84" />
        <cmp x="368" y="1996" width="17" height="35" />
        <cmp x="421" y="2011" width="39" height="30" />
        <cmp x="464" y="2012" width="29" height="34" />
        <cmp x="493" y="2018" width="18" height="20" />
        <cmp x="518" y="2006" width="36" height="33" />
      </word>
      <word id="m02-075-07-01" tag="NN" text="mouth-organ">
        <cmp x="648" y="2002" width="87" height="45" />
        <cmp x="745" y="2006" width="40" height="33" />
        <cmp x="784" y="2006" width="49" height="33" />
        <cmp x="832" y="1971" width="51" height="68" />
        <cmp x="866" y="1980" width="42" height="62" />
        <cmp x="928" y="2018" width="32" height="7" />
        <cmp x="982" y="2005" width="42" height="37" />
        <cmp x="1022" y="2003" width="94" height="105" />
        <cmp x="1026" y="2006" width="36" height="30" />
        <cmp x="1029" y="2072" width="7" height="9" />
        <cmp x="1110" y="2004" width="51" height="37" />
        <cmp x="1153" y="2011" width="44" height="30" />
      </word>
      <word id="m02-075-07-02" tag="." text=".">
        <cmp x="1219" y="2027" width="14" height="11" />
      </word>
      <word id="m02-075-07-03" tag="**&apos;" text="&apos;">
        <cmp x="1282" y="1972" width="11" height="14" />
      </word>
      <upper-contour>
        <point x="340" y="1933" />
        <point x="1298" y="1933" />
      </upper-contour>
    </line>
  </handwritten-part>
</form>

