<?xml version="1.0" encoding="ISO-8859-1"?>

<!DOCTYPE form SYSTEM 'http://www.iam.unibe.ch/~fki/iamdb/form-metadata.dtd'>

<form created="2002-01-25" height="3542" id="m02-106" last-modified="2002-07-17" skew="-63" status="final" version="3.0_beta" width="2479" writer-id="527">
  <machine-printed-part>
    <machine-print-line text="But since starting salaries would depend on grade A or B in the finals next May, and" />
    <machine-print-line text="since mating prospects would depend upon salaries, scholarship for these fine young" />
    <machine-print-line text="people was closely geared to economic and biological ends which, essentially, were" />
    <machine-print-line text="really means. So, seeing them revolve in circles, Harry had the feeling that Moke (or" />
    <machine-print-line text="what Moke consciously or unconsciously symbolised, anyway in Harry&apos;s mind) had" />
    <machine-print-line text="these splendid young people by the short hairs, and was diverting them from true" />
    <machine-print-line text="life." />
  </machine-printed-part>
  <handwritten-part>
    <line ass="-788" asx="0" asy="902" character-width="999" dss="-788" dsx="0" dsy="990" fd0="14179" fd1="2810" fd2="-232" filter-width="3" id="m02-106-00" lbs="-811" lbx="0" lby="970" segmentation="ok" slant="63000" stroke-width="5397" threshold="182" text="But since starting salaries would depend on grade A" ubs="-741" ubx="0" uby="951">
      <word id="m02-106-00-00" sentence-start="yes" tag="CC" text="But">
        <cmp x="384" y="909" width="44" height="79" />
        <cmp x="433" y="957" width="29" height="19" />
        <cmp x="470" y="916" width="31" height="63" />
      </word>
      <word id="m02-106-00-01" tag="CS" text="since">
        <cmp x="539" y="950" width="27" height="29" />
        <cmp x="565" y="965" width="8" height="14" />
        <cmp x="580" y="964" width="22" height="16" />
        <cmp x="611" y="958" width="24" height="18" />
        <cmp x="643" y="954" width="41" height="20" />
      </word>
      <word id="m02-106-00-02" tag="NN" text="starting">
        <cmp x="739" y="924" width="79" height="62" />
        <cmp x="822" y="957" width="17" height="12" />
        <cmp x="844" y="920" width="31" height="59" />
        <cmp x="876" y="933" width="5" height="8" />
        <cmp x="876" y="965" width="13" height="13" />
        <cmp x="876" y="966" width="42" height="36" />
      </word>
      <word id="m02-106-00-03" tag="NNS" text="salaries">
        <cmp x="1004" y="958" width="56" height="35" />
        <cmp x="1071" y="937" width="22" height="50" />
        <cmp x="1082" y="962" width="26" height="21" />
        <cmp x="1110" y="968" width="25" height="14" />
        <cmp x="1140" y="971" width="8" height="11" />
        <cmp x="1153" y="942" width="9" height="18" />
        <cmp x="1153" y="955" width="62" height="32" />
      </word>
      <word id="m02-106-00-04" tag="MD" text="would">
        <cmp x="1290" y="964" width="47" height="29" />
        <cmp x="1343" y="971" width="24" height="18" />
        <cmp x="1369" y="970" width="32" height="20" />
        <cmp x="1404" y="947" width="20" height="48" />
        <cmp x="1415" y="952" width="43" height="40" />
      </word>
      <word id="m02-106-00-05" tag="VB" text="depend">
        <cmp x="1497" y="945" width="64" height="56" />
        <cmp x="1544" y="967" width="67" height="40" />
        <cmp x="1613" y="968" width="51" height="19" />
        <cmp x="1668" y="949" width="46" height="43" />
      </word>
      <word id="m02-106-00-06" tag="IN" text="on">
        <cmp x="1771" y="970" width="35" height="32" />
        <cmp x="1814" y="984" width="28" height="15" />
      </word>
      <word id="m02-106-00-07" tag="VB" text="grade">
        <cmp x="1862" y="975" width="42" height="41" />
        <cmp x="1919" y="971" width="61" height="22" />
        <cmp x="1989" y="948" width="62" height="45" />
        <cmp x="2022" y="971" width="50" height="23" />
      </word>
      <word id="m02-106-00-08" tag="ZZ" text="A">
        <cmp x="2114" y="946" width="66" height="67" />
      </word>
      <lower-contour>
        <point x="382" y="1016" />
        <point x="2083" y="1016" />
      </lower-contour>
    </line>
    <line ass="-689" asx="0" asy="1077" character-width="999" dss="-689" dsx="0" dsy="1180" fd0="14488" fd1="3294" fd2="158" filter-width="3" id="m02-106-01" lbs="-650" lbx="0" lby="1156" segmentation="ok" slant="65000" stroke-width="5435" threshold="182" text="or B in the finals next May, and since mating" ubs="-767" ubx="0" uby="1132">
      <word id="m02-106-01-00" tag="CC" text="or">
        <cmp x="380" y="1130" width="44" height="39" />
        <cmp x="432" y="1134" width="25" height="22" />
      </word>
      <word id="m02-106-01-01" tag="ZZ" text="B">
        <cmp x="529" y="1093" width="49" height="76" />
        <cmp x="545" y="1101" width="19" height="57" />
      </word>
      <word id="m02-106-01-02" tag="IN" text="in">
        <cmp x="682" y="1138" width="15" height="27" />
        <cmp x="702" y="1102" width="4" height="12" />
        <cmp x="704" y="1143" width="31" height="19" />
      </word>
      <word id="m02-106-01-03" tag="ATI" text="the">
        <cmp x="795" y="1091" width="37" height="75" />
        <cmp x="830" y="1099" width="31" height="67" />
        <cmp x="863" y="1142" width="37" height="18" />
      </word>
      <word id="m02-106-01-04" tag="NNS" text="finals">
        <cmp x="963" y="1091" width="49" height="81" />
        <cmp x="1006" y="1145" width="29" height="14" />
        <cmp x="1017" y="1091" width="4" height="17" />
        <cmp x="1041" y="1141" width="27" height="22" />
        <cmp x="1075" y="1103" width="45" height="65" />
      </word>
      <word id="m02-106-01-05" tag="AP" text="next">
        <cmp x="1174" y="1140" width="28" height="25" />
        <cmp x="1209" y="1145" width="31" height="23" />
        <cmp x="1246" y="1145" width="27" height="30" />
        <cmp x="1271" y="1108" width="32" height="66" />
      </word>
      <word id="m02-106-01-06" tag="NR" text="May">
        <cmp x="1340" y="1115" width="108" height="63" />
        <cmp x="1431" y="1146" width="24" height="22" />
        <cmp x="1468" y="1151" width="29" height="44" />
      </word>
      <word id="m02-106-01-07" tag="," text=",">
        <cmp x="1505" y="1175" width="20" height="24" />
      </word>
      <word id="m02-106-01-08" tag="CC" text="and">
        <cmp x="1552" y="1153" width="30" height="25" />
        <cmp x="1589" y="1161" width="22" height="13" />
        <cmp x="1624" y="1127" width="52" height="47" />
      </word>
      <word id="m02-106-01-09" tag="CS" text="since">
        <cmp x="1708" y="1146" width="37" height="32" />
        <cmp x="1744" y="1157" width="16" height="15" />
        <cmp x="1763" y="1155" width="27" height="13" />
        <cmp x="1767" y="1124" width="8" height="16" />
        <cmp x="1800" y="1149" width="23" height="20" />
        <cmp x="1829" y="1151" width="47" height="23" />
      </word>
      <word id="m02-106-01-10" tag="NN" text="mating">
        <cmp x="1905" y="1157" width="53" height="19" />
        <cmp x="1969" y="1156" width="20" height="22" />
        <cmp x="1997" y="1118" width="29" height="57" />
        <cmp x="2018" y="1150" width="18" height="27" />
        <cmp x="2034" y="1128" width="11" height="16" />
        <cmp x="2035" y="1162" width="24" height="15" />
        <cmp x="2039" y="1155" width="43" height="42" />
      </word>
      <upper-contour>
        <point x="382" y="1016" />
        <point x="2083" y="1016" />
      </upper-contour>
      <lower-contour>
        <point x="378" y="1199" />
        <point x="2083" y="1199" />
      </lower-contour>
    </line>
    <line ass="-571" asx="0" asy="1276" character-width="999" dss="-571" dsx="0" dsy="1359" fd0="14176" fd1="3299" fd2="-363" filter-width="3" id="m02-106-02" lbs="-535" lbx="0" lby="1336" segmentation="ok" slant="63000" stroke-width="5521" threshold="182" text="prospects would depend upon salaries, scholarship for" ubs="-643" ubx="0" uby="1313">
      <word id="m02-106-02-00" tag="NNS" text="prospects">
        <cmp x="374" y="1311" width="35" height="52" />
        <cmp x="414" y="1319" width="26" height="17" />
        <cmp x="439" y="1315" width="24" height="26" />
        <cmp x="455" y="1318" width="30" height="25" />
        <cmp x="478" y="1315" width="36" height="39" />
        <cmp x="514" y="1283" width="111" height="64" />
      </word>
      <word id="m02-106-02-01" tag="MD" text="would">
        <cmp x="704" y="1317" width="55" height="26" />
        <cmp x="763" y="1318" width="20" height="20" />
        <cmp x="791" y="1320" width="30" height="17" />
        <cmp x="824" y="1293" width="21" height="46" />
        <cmp x="837" y="1291" width="51" height="47" />
      </word>
      <word id="m02-106-02-02" tag="VB" text="depend">
        <cmp x="917" y="1288" width="64" height="61" />
        <cmp x="967" y="1315" width="64" height="41" />
        <cmp x="1037" y="1298" width="112" height="47" />
      </word>
      <word id="m02-106-02-03" tag="IN" text="upon">
        <cmp x="1198" y="1321" width="45" height="36" />
        <cmp x="1248" y="1324" width="37" height="39" />
        <cmp x="1292" y="1330" width="67" height="25" />
      </word>
      <word id="m02-106-02-04" tag="NNS" text="salaries">
        <cmp x="1401" y="1319" width="37" height="34" />
        <cmp x="1441" y="1327" width="38" height="26" />
        <cmp x="1484" y="1296" width="40" height="58" />
        <cmp x="1501" y="1325" width="70" height="25" />
        <cmp x="1576" y="1327" width="15" height="20" />
        <cmp x="1589" y="1324" width="66" height="35" />
        <cmp x="1593" y="1302" width="9" height="19" />
      </word>
      <word id="m02-106-02-05" tag="," text=",">
        <cmp x="1680" y="1349" width="21" height="23" />
      </word>
      <word id="m02-106-02-06" tag="NN" text="scholarship">
        <cmp x="1729" y="1294" width="108" height="59" />
        <cmp x="1845" y="1328" width="21" height="20" />
        <cmp x="1868" y="1302" width="29" height="40" />
        <cmp x="1886" y="1322" width="70" height="22" />
        <cmp x="1951" y="1307" width="54" height="51" />
        <cmp x="2007" y="1350" width="5" height="10" />
        <cmp x="2022" y="1334" width="27" height="30" />
        <cmp x="2032" y="1309" width="5" height="6" />
      </word>
      <word id="m02-106-02-07" tag="IN" text="for">
        <cmp x="2102" y="1298" width="49" height="67" />
        <cmp x="2124" y="1340" width="31" height="18" />
        <cmp x="2149" y="1346" width="20" height="20" />
      </word>
      <upper-contour>
        <point x="378" y="1199" />
        <point x="2083" y="1199" />
      </upper-contour>
      <lower-contour>
        <point x="372" y="1373" />
        <point x="2120" y="1373" />
      </lower-contour>
    </line>
    <line ass="-598" asx="0" asy="1440" character-width="999" dss="-598" dsx="0" dsy="1558" fd0="13867" fd1="3206" fd2="-285" filter-width="3" id="m02-106-03" lbs="-614" lbx="0" lby="1516" segmentation="ok" slant="59999" stroke-width="5416" threshold="182" text="these fine young people was closely geared to" ubs="-565" ubx="0" uby="1494">
      <word id="m02-106-03-00" tag="DTS" text="these">
        <cmp x="361" y="1461" width="24" height="63" />
        <cmp x="394" y="1459" width="40" height="60" />
        <cmp x="437" y="1491" width="28" height="22" />
        <cmp x="463" y="1492" width="34" height="32" />
        <cmp x="484" y="1494" width="53" height="25" />
      </word>
      <word id="m02-106-03-01" tag="JJ" text="fine">
        <cmp x="627" y="1448" width="47" height="73" />
        <cmp x="681" y="1458" width="8" height="25" />
        <cmp x="682" y="1503" width="23" height="14" />
        <cmp x="722" y="1494" width="39" height="25" />
      </word>
      <word id="m02-106-03-02" tag="JJ" text="young">
        <cmp x="824" y="1503" width="42" height="64" />
        <cmp x="871" y="1502" width="29" height="27" />
        <cmp x="900" y="1510" width="26" height="18" />
        <cmp x="932" y="1511" width="57" height="46" />
        <cmp x="939" y="1512" width="25" height="15" />
      </word>
      <word id="m02-106-03-03" tag="NNS" text="people">
        <cmp x="1049" y="1504" width="37" height="43" />
        <cmp x="1091" y="1503" width="72" height="26" />
        <cmp x="1151" y="1510" width="37" height="42" />
        <cmp x="1198" y="1477" width="59" height="52" />
      </word>
      <word id="m02-106-03-04" tag="BEDZ" text="was">
        <cmp x="1308" y="1504" width="62" height="26" />
        <cmp x="1366" y="1505" width="57" height="30" />
      </word>
      <word id="m02-106-03-05" tag="RB" text="closely">
        <cmp x="1455" y="1472" width="82" height="62" />
        <cmp x="1519" y="1509" width="28" height="18" />
        <cmp x="1540" y="1509" width="31" height="25" />
        <cmp x="1578" y="1473" width="78" height="62" />
        <cmp x="1637" y="1505" width="39" height="66" />
      </word>
      <word id="m02-106-03-06" tag="VBN" text="geared">
        <cmp x="1735" y="1503" width="47" height="54" />
        <cmp x="1787" y="1504" width="119" height="30" />
        <cmp x="1905" y="1483" width="96" height="52" />
      </word>
      <word id="m02-106-03-07" tag="IN" text="to">
        <cmp x="2047" y="1473" width="72" height="64" />
      </word>
      <upper-contour>
        <point x="372" y="1373" />
        <point x="2120" y="1373" />
      </upper-contour>
      <lower-contour>
        <point x="359" y="1571" />
        <point x="2120" y="1571" />
      </lower-contour>
    </line>
    <line ass="-1256" asx="0" asy="1614" character-width="999" dss="-1256" dsx="0" dsy="1739" fd0="14525" fd1="2883" fd2="-675" filter-width="3" id="m02-106-04" lbs="-1312" lbx="0" lby="1679" segmentation="err" slant="59999" stroke-width="5554" threshold="182" text="economic and biological ends which, essentially," ubs="-1143" ubx="0" uby="1661">
      <word id="m02-106-04-00" tag="JJ" text="economic">
        <cmp x="337" y="1663" width="41" height="38" />
        <cmp x="381" y="1663" width="74" height="31" />
        <cmp x="448" y="1673" width="35" height="22" />
        <cmp x="486" y="1669" width="31" height="26" />
        <cmp x="517" y="1674" width="48" height="25" />
        <cmp x="579" y="1684" width="11" height="11" />
        <cmp x="597" y="1639" width="9" height="20" />
        <cmp x="597" y="1678" width="36" height="27" />
      </word>
      <word id="m02-106-04-01" tag="CC" text="and">
        <cmp x="721" y="1675" width="36" height="25" />
        <cmp x="763" y="1685" width="41" height="15" />
        <cmp x="813" y="1650" width="60" height="48" />
      </word>
      <word id="m02-106-04-02" tag="JJ" text="biological">
        <cmp x="921" y="1639" width="33" height="63" />
        <cmp x="958" y="1677" width="19" height="22" />
        <cmp x="977" y="1677" width="26" height="22" />
        <cmp x="983" y="1643" width="8" height="19" />
        <cmp x="1001" y="1652" width="29" height="52" />
        <cmp x="1014" y="1678" width="30" height="27" />
        <cmp x="1029" y="1683" width="47" height="42" />
        <cmp x="1088" y="1689" width="10" height="17" />
        <cmp x="1107" y="1658" width="8" height="13" />
        <cmp x="1111" y="1677" width="37" height="26" />
        <cmp x="1148" y="1677" width="36" height="27" />
        <cmp x="1185" y="1689" width="6" height="5" />
        <cmp x="1191" y="1649" width="34" height="54" />
      </word>
      <word id="m02-106-04-03" tag="NNS" text="ends">
        <cmp x="1260" y="1656" width="155" height="51" />
        <cmp x="1389" y="1680" width="36" height="29" />
        <cmp x="1442" y="1697" width="36" height="31" />
      </word>
      <word id="m02-106-04-04" tag="WDT" text="which">
        <cmp x="1506" y="1688" width="68" height="22" />
        <cmp x="1575" y="1660" width="28" height="57" />
        <cmp x="1621" y="1692" width="15" height="14" />
        <cmp x="1638" y="1692" width="35" height="21" />
        <cmp x="1641" y="1662" width="9" height="17" />
        <cmp x="1675" y="1662" width="32" height="60" />
      </word>
      <word id="m02-106-04-05" tag="," text=",">
        <cmp x="1733" y="1708" width="16" height="21" />
      </word>
      <word id="m02-106-04-06" tag="RB" text="essentially">
        <cmp x="1769" y="1692" width="58" height="28" />
        <cmp x="1832" y="1692" width="31" height="31" />
        <cmp x="1866" y="1701" width="36" height="32" />
        <cmp x="1904" y="1701" width="75" height="23" />
        <cmp x="1982" y="1658" width="48" height="74" />
        <cmp x="2031" y="1668" width="68" height="59" />
        <cmp x="2046" y="1661" width="10" height="16" />
        <cmp x="2060" y="1697" width="68" height="89" />
        <cmp x="2075" y="1663" width="44" height="60" />
      </word>
      <word id="m02-106-04-07" tag="," text=",">
        <cmp x="2121" y="1715" width="24" height="35" />
      </word>
      <upper-contour>
        <point x="359" y="1571" />
        <point x="2120" y="1571" />
      </upper-contour>
      <lower-contour>
        <point x="356" y="1786" />
        <point x="2118" y="1786" />
      </lower-contour>
    </line>
    <line ass="-752" asx="0" asy="1799" character-width="999" dss="-752" dsx="0" dsy="1935" fd0="13846" fd1="3214" fd2="-130" filter-width="3" id="m02-106-05" lbs="-745" lbx="0" lby="1871" segmentation="ok" slant="59999" stroke-width="5561" threshold="182" text="were really means. So, seeing them revolve in" ubs="-765" ubx="0" uby="1850">
      <word id="m02-106-05-00" tag="BED" text="were">
        <cmp x="358" y="1827" width="66" height="51" />
        <cmp x="422" y="1848" width="59" height="24" />
        <cmp x="487" y="1846" width="40" height="29" />
      </word>
      <word id="m02-106-05-01" tag="RB" text="really">
        <cmp x="596" y="1846" width="41" height="32" />
        <cmp x="628" y="1825" width="108" height="58" />
        <cmp x="700" y="1864" width="51" height="83" />
      </word>
      <word id="m02-106-05-02" tag="NNS" text="means">
        <cmp x="779" y="1860" width="57" height="30" />
        <cmp x="838" y="1865" width="37" height="33" />
        <cmp x="874" y="1868" width="28" height="21" />
        <cmp x="911" y="1862" width="64" height="26" />
      </word>
      <word id="m02-106-05-03" tag="." text=".">
        <cmp x="994" y="1882" width="10" height="8" />
      </word>
      <word id="m02-106-05-04" sentence-start="yes" tag="RB" text="So">
        <cmp x="1068" y="1814" width="68" height="56" />
        <cmp x="1107" y="1858" width="34" height="18" />
      </word>
      <word id="m02-106-05-05" tag="," text=",">
        <cmp x="1166" y="1878" width="19" height="26" />
      </word>
      <word id="m02-106-05-06" tag="VBG" text="seeing">
        <cmp x="1204" y="1863" width="32" height="33" />
        <cmp x="1244" y="1861" width="60" height="34" />
        <cmp x="1311" y="1861" width="81" height="32" />
        <cmp x="1384" y="1837" width="17" height="15" />
        <cmp x="1390" y="1872" width="65" height="53" />
      </word>
      <word id="m02-106-05-07" tag="PP3OS" text="them">
        <cmp x="1520" y="1826" width="52" height="63" />
        <cmp x="1578" y="1861" width="74" height="37" />
      </word>
      <word id="m02-106-05-08" tag="VB" text="revolve">
        <cmp x="1700" y="1871" width="35" height="24" />
        <cmp x="1740" y="1869" width="87" height="28" />
        <cmp x="1827" y="1875" width="29" height="22" />
        <cmp x="1863" y="1840" width="26" height="54" />
        <cmp x="1885" y="1872" width="32" height="19" />
        <cmp x="1924" y="1860" width="60" height="34" />
      </word>
      <word id="m02-106-05-09" tag="IN" text="in">
        <cmp x="2048" y="1880" width="14" height="19" />
        <cmp x="2075" y="1840" width="8" height="12" />
        <cmp x="2078" y="1859" width="39" height="35" />
      </word>
      <upper-contour>
        <point x="356" y="1786" />
        <point x="2118" y="1786" />
      </upper-contour>
      <lower-contour>
        <point x="357" y="1947" />
        <point x="2118" y="1947" />
      </lower-contour>
    </line>
    <line ass="-630" asx="0" asy="1963" character-width="999" dss="-630" dsx="0" dsy="2123" fd0="14006" fd1="2468" fd2="-957" filter-width="3" id="m02-106-06" lbs="-594" lbx="0" lby="2053" segmentation="err" slant="62000" stroke-width="5493" threshold="182" text="circles, Harry had the feeling that Moke (or what" ubs="-701" ubx="0" uby="2020">
      <word id="m02-106-06-00" tag="NNS" text="circles">
        <cmp x="359" y="2012" width="39" height="39" />
        <cmp x="402" y="2027" width="16" height="16" />
        <cmp x="414" y="2029" width="33" height="23" />
        <cmp x="417" y="1998" width="4" height="13" />
        <cmp x="419" y="1987" width="6" height="8" />
        <cmp x="450" y="2026" width="34" height="26" />
        <cmp x="489" y="1977" width="29" height="63" />
        <cmp x="497" y="2008" width="43" height="37" />
        <cmp x="534" y="2017" width="33" height="35" />
      </word>
      <word id="m02-106-06-01" tag="," text=",">
        <cmp x="543" y="2058" width="21" height="26" />
      </word>
      <word id="m02-106-06-02" tag="NP" text="Harry">
        <cmp x="621" y="1987" width="70" height="71" />
        <cmp x="656" y="2026" width="33" height="29" />
        <cmp x="697" y="2036" width="20" height="18" />
        <cmp x="705" y="2037" width="66" height="95" />
        <cmp x="714" y="2039" width="25" height="18" />
      </word>
      <word id="m02-106-06-03" tag="HVD" text="had">
        <cmp x="843" y="1989" width="35" height="79" />
        <cmp x="879" y="2010" width="95" height="70" />
      </word>
      <word id="m02-106-06-04" tag="ATI" text="the">
        <cmp x="976" y="2010" width="37" height="67" />
        <cmp x="1011" y="2011" width="98" height="68" />
      </word>
      <word id="m02-106-06-05" tag="NN" text="feeling">
        <cmp x="1161" y="1977" width="180" height="103" />
        <cmp x="1305" y="2036" width="89" height="72" />
      </word>
      <word id="m02-106-06-06" tag="CS" text="that">
        <cmp x="1446" y="1996" width="50" height="81" />
        <cmp x="1491" y="1996" width="44" height="69" />
        <cmp x="1532" y="2028" width="30" height="38" />
        <cmp x="1567" y="1990" width="45" height="80" />
      </word>
      <word id="m02-106-06-07" tag="NP" text="Moke">
        <cmp x="1645" y="2003" width="94" height="58" />
        <cmp x="1720" y="2035" width="34" height="25" />
        <cmp x="1756" y="1999" width="100" height="72" />
      </word>
      <word id="m02-106-06-08" tag="(" text="(">
        <cmp x="1902" y="2004" width="40" height="73" />
      </word>
      <word id="m02-106-06-09" tag="CC" text="or">
        <cmp x="1931" y="2047" width="33" height="22" />
        <cmp x="1957" y="2055" width="35" height="18" />
      </word>
      <word id="m02-106-06-10" tag="WDT" text="what">
        <cmp x="2020" y="2039" width="53" height="29" />
        <cmp x="2077" y="1999" width="37" height="70" />
        <cmp x="2106" y="2044" width="27" height="28" />
        <cmp x="2135" y="2012" width="36" height="73" />
        <cmp x="2156" y="2048" width="58" height="39" />
      </word>
      <upper-contour>
        <point x="357" y="1947" />
        <point x="2118" y="1947" />
      </upper-contour>
      <lower-contour>
        <point x="361" y="2132" />
        <point x="2215" y="2132" />
      </lower-contour>
    </line>
    <line ass="-689" asx="0" asy="2160" character-width="999" dss="-689" dsx="0" dsy="2302" fd0="14828" fd1="3189" fd2="-756" filter-width="3" id="m02-106-07" lbs="-673" lbx="0" lby="2230" segmentation="ok" slant="57000" stroke-width="5544" threshold="182" text="Moke consciously or unconsciously symbolised, any-" ubs="-721" ubx="0" uby="2206">
      <word id="m02-106-07-00" tag="NP" text="Moke">
        <cmp x="363" y="2165" width="104" height="73" />
        <cmp x="434" y="2191" width="23" height="39" />
        <cmp x="442" y="2202" width="32" height="29" />
        <cmp x="476" y="2169" width="73" height="66" />
      </word>
      <word id="m02-106-07-01" tag="RB" text="consciously">
        <cmp x="616" y="2194" width="71" height="49" />
        <cmp x="695" y="2218" width="31" height="19" />
        <cmp x="727" y="2211" width="36" height="28" />
        <cmp x="762" y="2217" width="55" height="27" />
        <cmp x="823" y="2178" width="9" height="23" />
        <cmp x="824" y="2224" width="30" height="24" />
        <cmp x="862" y="2214" width="31" height="33" />
        <cmp x="899" y="2227" width="33" height="23" />
        <cmp x="933" y="2183" width="35" height="68" />
        <cmp x="951" y="2233" width="42" height="62" />
        <cmp x="952" y="2226" width="19" height="24" />
      </word>
      <word id="m02-106-07-02" tag="CC" text="or">
        <cmp x="1064" y="2205" width="41" height="36" />
        <cmp x="1107" y="2214" width="64" height="29" />
      </word>
      <word id="m02-106-07-03" tag="RB" text="unconsciously">
        <cmp x="1183" y="2219" width="44" height="27" />
        <cmp x="1235" y="2215" width="32" height="32" />
        <cmp x="1276" y="2220" width="66" height="31" />
        <cmp x="1342" y="2222" width="29" height="22" />
        <cmp x="1370" y="2225" width="42" height="34" />
        <cmp x="1420" y="2222" width="62" height="35" />
        <cmp x="1489" y="2198" width="10" height="20" />
        <cmp x="1496" y="2190" width="87" height="66" />
        <cmp x="1581" y="2193" width="31" height="58" />
        <cmp x="1586" y="2241" width="56" height="68" />
        <cmp x="1601" y="2229" width="27" height="20" />
      </word>
      <word id="m02-106-07-04" tag="VBD" text="symbolised">
        <cmp x="1714" y="2203" width="39" height="41" />
        <cmp x="1736" y="2209" width="61" height="79" />
        <cmp x="1790" y="2214" width="52" height="28" />
        <cmp x="1845" y="2188" width="31" height="54" />
        <cmp x="1872" y="2225" width="21" height="13" />
        <cmp x="1898" y="2186" width="36" height="57" />
        <cmp x="1920" y="2226" width="12" height="22" />
        <cmp x="1934" y="2226" width="40" height="26" />
        <cmp x="1946" y="2196" width="3" height="10" />
        <cmp x="1968" y="2222" width="45" height="29" />
        <cmp x="2017" y="2200" width="61" height="59" />
      </word>
      <word id="m02-106-07-05" tag="," text=",">
        <cmp x="2056" y="2244" width="28" height="30" />
      </word>
      <word id="m02-106-07-06" tag="RB-" text="any-">
        <cmp x="2105" y="2227" width="33" height="31" />
        <cmp x="2127" y="2234" width="75" height="96" />
        <cmp x="2143" y="2237" width="25" height="22" />
        <cmp x="2215" y="2247" width="31" height="6" />
      </word>
      <upper-contour>
        <point x="361" y="2132" />
        <point x="2215" y="2132" />
      </upper-contour>
      <lower-contour>
        <point x="371" y="2330" />
        <point x="2216" y="2330" />
      </lower-contour>
    </line>
    <line ass="-782" asx="0" asy="2324" character-width="999" dss="-782" dsx="0" dsy="2497" fd0="14654" fd1="3572" fd2="263" filter-width="3" id="m02-106-08" lbs="-815" lbx="0" lby="2404" segmentation="ok" slant="62000" stroke-width="5535" threshold="182" text="way in Harry&apos;s mind) had these splendid young" ubs="-717" ubx="0" uby="2382">
      <word id="m02-106-08-00" tag="-RB" text="way">
        <cmp x="373" y="2375" width="52" height="39" />
        <cmp x="432" y="2378" width="49" height="28" />
        <cmp x="445" y="2386" width="66" height="119" />
      </word>
      <word id="m02-106-08-01" tag="IN" text="in">
        <cmp x="614" y="2406" width="10" height="23" />
        <cmp x="624" y="2402" width="4" height="3" />
        <cmp x="638" y="2363" width="4" height="16" />
        <cmp x="643" y="2398" width="33" height="33" />
      </word>
      <word id="m02-106-08-02" tag="NP$" text="Harry&apos;s">
        <cmp x="741" y="2373" width="41" height="54" />
        <cmp x="778" y="2373" width="35" height="54" />
        <cmp x="795" y="2396" width="25" height="25" />
        <cmp x="832" y="2399" width="22" height="17" />
        <cmp x="854" y="2395" width="31" height="22" />
        <cmp x="876" y="2396" width="55" height="78" />
        <cmp x="896" y="2388" width="10" height="26" />
        <cmp x="959" y="2339" width="17" height="29" />
        <cmp x="946" y="2393" width="32" height="26" />
      </word>
      <word id="m02-106-08-03" tag="NN" text="mind">
        <cmp x="1047" y="2397" width="55" height="27" />
        <cmp x="1117" y="2402" width="11" height="12" />
        <cmp x="1135" y="2407" width="39" height="19" />
        <cmp x="1139" y="2361" width="5" height="15" />
        <cmp x="1188" y="2364" width="59" height="59" />
      </word>
      <word id="m02-106-08-04" tag=")" text=")">
        <cmp x="1234" y="2343" width="46" height="101" />
      </word>
      <word id="m02-106-08-05" tag="HVD" text="had">
        <cmp x="1314" y="2361" width="27" height="63" />
        <cmp x="1362" y="2390" width="29" height="31" />
        <cmp x="1395" y="2350" width="82" height="68" />
      </word>
      <word id="m02-106-08-06" tag="DTS" text="these">
        <cmp x="1505" y="2353" width="71" height="66" />
        <cmp x="1578" y="2394" width="22" height="22" />
        <cmp x="1603" y="2395" width="43" height="25" />
        <cmp x="1632" y="2393" width="56" height="29" />
      </word>
      <word id="m02-106-08-07" tag="JJ" text="splendid">
        <cmp x="1748" y="2367" width="142" height="80" />
        <cmp x="1891" y="2372" width="62" height="53" />
        <cmp x="1929" y="2409" width="14" height="16" />
        <cmp x="1942" y="2367" width="79" height="66" />
        <cmp x="1954" y="2373" width="11" height="23" />
      </word>
      <word id="m02-106-08-08" tag="JJ" text="young">
        <cmp x="2000" y="2403" width="73" height="88" />
        <cmp x="2074" y="2406" width="113" height="28" />
        <cmp x="2130" y="2409" width="85" height="60" />
      </word>
      <upper-contour>
        <point x="371" y="2330" />
        <point x="2216" y="2330" />
      </upper-contour>
      <lower-contour>
        <point x="371" y="2506" />
        <point x="2216" y="2506" />
      </lower-contour>
    </line>
    <line ass="-623" asx="0" asy="2510" character-width="999" dss="-623" dsx="0" dsy="2634" fd0="14309" fd1="3227" fd2="-297" filter-width="3" id="m02-106-09" lbs="-480" lbx="0" lby="2593" segmentation="ok" slant="61000" stroke-width="5607" threshold="182" text="people by the short hairs, and was diverting them ..." ubs="-909" ubx="0" uby="2559">
      <word id="m02-106-09-00" tag="NNS" text="people">
        <cmp x="353" y="2560" width="44" height="79" />
        <cmp x="398" y="2564" width="81" height="34" />
        <cmp x="461" y="2564" width="40" height="47" />
        <cmp x="501" y="2538" width="55" height="60" />
      </word>
      <word id="m02-106-09-01" tag="IN" text="by">
        <cmp x="630" y="2524" width="33" height="75" />
        <cmp x="654" y="2573" width="39" height="68" />
      </word>
      <word id="m02-106-09-02" tag="ATI" text="the">
        <cmp x="747" y="2520" width="78" height="84" />
        <cmp x="840" y="2565" width="37" height="33" />
      </word>
      <word id="m02-106-09-03" tag="JJ" text="short">
        <cmp x="932" y="2576" width="41" height="34" />
        <cmp x="968" y="2526" width="91" height="78" />
        <cmp x="1045" y="2531" width="77" height="76" />
      </word>
      <word id="m02-106-09-04" tag="NNS" text="hairs">
        <cmp x="1156" y="2532" width="89" height="68" />
        <cmp x="1242" y="2568" width="67" height="37" />
        <cmp x="1246" y="2543" width="7" height="23" />
      </word>
      <word id="m02-106-09-05" tag="," text=",">
        <cmp x="1298" y="2598" width="28" height="33" />
      </word>
      <word id="m02-106-09-06" tag="CC" text="and">
        <cmp x="1365" y="2572" width="77" height="35" />
        <cmp x="1456" y="2537" width="73" height="72" />
      </word>
      <word id="m02-106-09-07" tag="BEDZ" text="was">
        <cmp x="1546" y="2586" width="65" height="27" />
        <cmp x="1611" y="2576" width="86" height="35" />
      </word>
      <word id="m02-106-09-08" tag="VBG" text="diverting">
        <cmp x="1730" y="2535" width="100" height="74" />
        <cmp x="1790" y="2591" width="3" height="3" />
        <cmp x="1794" y="2579" width="18" height="17" />
        <cmp x="1813" y="2583" width="40" height="24" />
        <cmp x="1825" y="2530" width="25" height="35" />
        <cmp x="1853" y="2583" width="66" height="24" />
        <cmp x="1918" y="2538" width="61" height="71" />
        <cmp x="1982" y="2594" width="23" height="24" />
        <cmp x="1989" y="2538" width="22" height="27" />
        <cmp x="1995" y="2594" width="46" height="42" />
      </word>
      <word id="m02-106-09-09" tag="PP3OS" text="them">
        <cmp x="2091" y="2535" width="46" height="59" />
        <cmp x="2116" y="2536" width="127" height="76" />
      </word>
      <word id="m02-106-09-10" tag="..." text="...">
        <cmp x="2281" y="2617" width="7" height="8" />
        <cmp x="2302" y="2623" width="31" height="8" />
        <cmp x="2348" y="2631" width="9" height="5" />
      </word>
      <upper-contour>
        <point x="371" y="2506" />
        <point x="2216" y="2506" />
      </upper-contour>
    </line>
  </handwritten-part>
</form>

