<?xml version="1.0" encoding="ISO-8859-1"?>

<!DOCTYPE form SYSTEM 'http://www.iam.unibe.ch/~fki/iamdb/form-metadata.dtd'>

<form created="2002-01-25" height="3542" id="m02-052" last-modified="2002-07-17" skew="-30" status="final" version="3.0_beta" width="2479" writer-id="521">
  <machine-printed-part>
    <machine-print-line text="The recovery of his balance was due to the fact that he was living, virtually without" />
    <machine-print-line text="expenses, with the people to whom Moke had sent him: little people who regarded" />
    <machine-print-line text="him as lucky to have descended from such economic altitudes. Tom Dreyfus had a job" />
    <machine-print-line text="on the machines in the Secretariat (Stamp Department) while Sally sulked at home." />
  </machine-printed-part>
  <handwritten-part>
    <line ass="-150" asx="0" asy="666" character-width="999" dss="-150" dsx="0" dsy="790" fd0="13253" fd1="1954" fd2="-1491" filter-width="4" id="m02-052-00" lbs="-170" lbx="0" lby="751" segmentation="err" slant="63000" stroke-width="6209" threshold="182" text="The recovery of his balance was due to the" ubs="-109" ubx="0" uby="719">
      <word id="m02-052-00-00" sentence-start="yes" tag="ATI" text="The">
        <cmp x="342" y="670" width="106" height="85" />
        <cmp x="431" y="747" width="5" height="4" />
      </word>
      <word id="m02-052-00-01" tag="NN" text="recovery">
        <cmp x="507" y="705" width="71" height="45" />
        <cmp x="579" y="708" width="236" height="76" />
      </word>
      <word id="m02-052-00-02" tag="INO" text="of">
        <cmp x="866" y="679" width="79" height="92" />
      </word>
      <word id="m02-052-00-03" tag="PP$" text="his">
        <cmp x="1013" y="682" width="90" height="70" />
        <cmp x="1079" y="686" width="8" height="7" />
      </word>
      <word id="m02-052-00-04" tag="NN" text="balance">
        <cmp x="1152" y="784" width="11" height="10" />
        <cmp x="1177" y="670" width="126" height="88" />
        <cmp x="1278" y="719" width="77" height="41" />
        <cmp x="1361" y="719" width="61" height="41" />
      </word>
      <word id="m02-052-00-05" tag="BEDZ" text="was">
        <cmp x="1503" y="707" width="175" height="49" />
      </word>
      <word id="m02-052-00-06" tag="JJ" text="due">
        <cmp x="1740" y="691" width="121" height="75" />
      </word>
      <word id="m02-052-00-07" tag="IN" text="to">
        <cmp x="1938" y="689" width="39" height="76" />
        <cmp x="1966" y="723" width="64" height="40" />
      </word>
      <word id="m02-052-00-08" tag="ATI" text="the">
        <cmp x="2094" y="699" width="86" height="65" />
      </word>
      <lower-contour>
        <point x="340" y="794" />
        <point x="2062" y="794" />
      </lower-contour>
    </line>
    <line ass="-653" asx="0" asy="778" character-width="999" dss="-653" dsx="0" dsy="903" fd0="13005" fd1="2642" fd2="-1018" filter-width="4" id="m02-052-01" lbs="-765" lbx="0" lby="865" segmentation="err" slant="63000" stroke-width="6547" threshold="191" text="fact that he was living, virtually without" ubs="-428" ubx="0" uby="838">
      <word id="m02-052-01-00" tag="NN" text="fact">
        <cmp x="329" y="810" width="118" height="91" />
      </word>
      <word id="m02-052-01-01" tag="CS" text="that">
        <cmp x="521" y="802" width="145" height="81" />
      </word>
      <word id="m02-052-01-02" tag="PP3A" text="he">
        <cmp x="732" y="802" width="67" height="79" />
      </word>
      <word id="m02-052-01-03" tag="BEDZ" text="was">
        <cmp x="868" y="834" width="77" height="38" />
        <cmp x="945" y="834" width="71" height="35" />
      </word>
      <word id="m02-052-01-04" tag="VBG" text="living">
        <cmp x="1093" y="805" width="149" height="73" />
        <cmp x="1232" y="802" width="9" height="8" />
        <cmp x="1243" y="842" width="43" height="64" />
      </word>
      <word id="m02-052-01-05" tag="," text=",">
        <cmp x="1318" y="859" width="12" height="34" />
      </word>
      <word id="m02-052-01-06" tag="RB" text="virtually">
        <cmp x="1378" y="808" width="187" height="78" />
        <cmp x="1430" y="797" width="9" height="6" />
        <cmp x="1518" y="831" width="10" height="7" />
        <cmp x="1566" y="797" width="153" height="127" />
      </word>
      <word id="m02-052-01-07" tag="IN" text="without">
        <cmp x="1774" y="805" width="178" height="87" />
        <cmp x="1866" y="804" width="11" height="8" />
        <cmp x="1939" y="817" width="123" height="73" />
      </word>
      <upper-contour>
        <point x="340" y="794" />
        <point x="2062" y="794" />
      </upper-contour>
      <lower-contour>
        <point x="329" y="902" />
        <point x="1245" y="920" />
        <point x="1674" y="924" />
        <point x="2062" y="924" />
      </lower-contour>
    </line>
    <line ass="-342" asx="0" asy="899" character-width="999" dss="-342" dsx="0" dsy="1012" fd0="12817" fd1="1639" fd2="-1277" filter-width="4" id="m02-052-02" lbs="-304" lbx="0" lby="990" segmentation="ok" slant="70000" stroke-width="6393" threshold="191" text="expenses, with the people to whom Moke had" ubs="-419" ubx="0" uby="953">
      <word id="m02-052-02-00" tag="NNS" text="expenses">
        <cmp x="331" y="937" width="311" height="59" />
      </word>
      <word id="m02-052-02-01" tag="," text=",">
        <cmp x="671" y="976" width="17" height="31" />
      </word>
      <word id="m02-052-02-02" tag="IN" text="with">
        <cmp x="739" y="911" width="128" height="87" />
        <cmp x="832" y="905" width="10" height="8" />
        <cmp x="860" y="916" width="62" height="86" />
      </word>
      <word id="m02-052-02-03" tag="ATI" text="the">
        <cmp x="979" y="920" width="112" height="79" />
      </word>
      <word id="m02-052-02-04" tag="NNS" text="people">
        <cmp x="1148" y="921" width="226" height="100" />
      </word>
      <word id="m02-052-02-05" tag="IN" text="to">
        <cmp x="1454" y="939" width="35" height="60" />
        <cmp x="1482" y="970" width="38" height="32" />
      </word>
      <word id="m02-052-02-06" tag="WPO" text="whom">
        <cmp x="1579" y="928" width="205" height="76" />
      </word>
      <word id="m02-052-02-07" tag="NP" text="Moke">
        <cmp x="1840" y="944" width="62" height="61" />
        <cmp x="1897" y="929" width="94" height="80" />
      </word>
      <word id="m02-052-02-08" tag="HVD" text="had">
        <cmp x="2044" y="937" width="128" height="73" />
      </word>
      <upper-contour>
        <point x="329" y="902" />
        <point x="1245" y="920" />
        <point x="1674" y="924" />
        <point x="2062" y="924" />
      </upper-contour>
      <lower-contour>
        <point x="329" y="1021" />
        <point x="2129" y="1021" />
      </lower-contour>
    </line>
    <line ass="-819" asx="0" asy="1021" character-width="999" dss="-819" dsx="0" dsy="1132" fd0="12454" fd1="1751" fd2="-1280" filter-width="4" id="m02-052-03" lbs="-949" lbx="0" lby="1094" segmentation="ok" slant="70000" stroke-width="6967" threshold="191" text="sent him: little people who regarded him as" ubs="-557" ubx="0" uby="1067">
      <word id="m02-052-03-00" tag="VBN" text="sent">
        <cmp x="326" y="1050" width="73" height="46" />
        <cmp x="400" y="1066" width="7" height="8" />
        <cmp x="412" y="1035" width="50" height="66" />
      </word>
      <word id="m02-052-03-01" tag="PP3O" text="him">
        <cmp x="512" y="1043" width="93" height="71" />
        <cmp x="609" y="1034" width="10" height="5" />
        <cmp x="609" y="1100" width="5" height="5" />
        <cmp x="615" y="1098" width="8" height="14" />
      </word>
      <word id="m02-052-03-02" tag=":" text=":">
        <cmp x="669" y="1083" width="10" height="9" />
        <cmp x="672" y="1111" width="9" height="6" />
      </word>
      <word id="m02-052-03-03" tag="JJ" text="little">
        <cmp x="741" y="1034" width="117" height="83" />
        <cmp x="788" y="1059" width="10" height="7" />
        <cmp x="844" y="1050" width="72" height="71" />
      </word>
      <word id="m02-052-03-04" tag="NNS" text="people">
        <cmp x="987" y="1050" width="220" height="100" />
      </word>
      <word id="m02-052-03-05" tag="WP" text="who">
        <cmp x="1279" y="1042" width="166" height="76" />
      </word>
      <word id="m02-052-03-06" tag="VBD" text="regarded">
        <cmp x="1499" y="1045" width="308" height="102" />
      </word>
      <word id="m02-052-03-07" tag="PP3O" text="him">
        <cmp x="1867" y="1064" width="39" height="61" />
        <cmp x="1912" y="1094" width="12" height="30" />
        <cmp x="1928" y="1067" width="7" height="5" />
        <cmp x="1932" y="1086" width="58" height="39" />
      </word>
      <word id="m02-052-03-08" tag="CS" text="as">
        <cmp x="2068" y="1076" width="60" height="52" />
      </word>
      <upper-contour>
        <point x="329" y="1021" />
        <point x="2129" y="1021" />
      </upper-contour>
      <lower-contour>
        <point x="324" y="1150" />
        <point x="2129" y="1150" />
      </lower-contour>
    </line>
    <line ass="-484" asx="0" asy="1148" character-width="999" dss="-484" dsx="0" dsy="1248" fd0="12561" fd1="2125" fd2="-1555" filter-width="4" id="m02-052-04" lbs="-483" lbx="0" lby="1220" segmentation="ok" slant="71000" stroke-width="6701" threshold="191" text="lucky to have descended from such economic altitudes." ubs="-487" ubx="0" uby="1181">
      <word id="m02-052-04-00" tag="JJ" text="lucky">
        <cmp x="320" y="1167" width="58" height="60" />
        <cmp x="391" y="1192" width="29" height="31" />
        <cmp x="430" y="1170" width="33" height="52" />
        <cmp x="466" y="1193" width="39" height="60" />
      </word>
      <word id="m02-052-04-01" tag="TO" text="to">
        <cmp x="568" y="1167" width="26" height="55" />
        <cmp x="591" y="1194" width="30" height="31" />
      </word>
      <word id="m02-052-04-02" tag="HV" text="have">
        <cmp x="667" y="1166" width="70" height="55" />
        <cmp x="742" y="1186" width="26" height="44" />
        <cmp x="770" y="1185" width="39" height="43" />
      </word>
      <word id="m02-052-04-03" tag="VBN" text="descended">
        <cmp x="857" y="1165" width="42" height="58" />
        <cmp x="891" y="1188" width="35" height="44" />
        <cmp x="923" y="1186" width="27" height="44" />
        <cmp x="952" y="1185" width="29" height="48" />
        <cmp x="981" y="1190" width="69" height="45" />
        <cmp x="1054" y="1166" width="49" height="66" />
        <cmp x="1088" y="1168" width="80" height="66" />
      </word>
      <word id="m02-052-04-04" tag="IN" text="from">
        <cmp x="1211" y="1174" width="41" height="79" />
        <cmp x="1245" y="1197" width="107" height="36" />
      </word>
      <word id="m02-052-04-05" tag="ABL" text="such">
        <cmp x="1391" y="1168" width="134" height="68" />
      </word>
      <word id="m02-052-04-06" tag="JJ" text="economic">
        <cmp x="1580" y="1190" width="66" height="47" />
        <cmp x="1635" y="1201" width="47" height="38" />
        <cmp x="1683" y="1196" width="36" height="40" />
        <cmp x="1723" y="1205" width="28" height="31" />
        <cmp x="1755" y="1197" width="50" height="38" />
        <cmp x="1813" y="1205" width="10" height="20" />
        <cmp x="1820" y="1176" width="6" height="5" />
        <cmp x="1824" y="1201" width="27" height="35" />
      </word>
      <word id="m02-052-04-07" tag="NNS" text="altitudes">
        <cmp x="1895" y="1165" width="56" height="73" />
        <cmp x="1949" y="1171" width="25" height="66" />
        <cmp x="1977" y="1167" width="39" height="70" />
        <cmp x="1986" y="1175" width="12" height="10" />
        <cmp x="2012" y="1174" width="84" height="64" />
        <cmp x="2087" y="1202" width="29" height="39" />
        <cmp x="2113" y="1198" width="28" height="42" />
      </word>
      <word id="m02-052-04-08" tag="." text=".">
        <cmp x="2162" y="1231" width="12" height="10" />
      </word>
      <upper-contour>
        <point x="324" y="1150" />
        <point x="2129" y="1150" />
      </upper-contour>
      <lower-contour>
        <point x="318" y="1253" />
        <point x="2174" y="1253" />
      </lower-contour>
    </line>
    <line ass="-946" asx="0" asy="1281" character-width="999" dss="-946" dsx="0" dsy="1396" fd0="13153" fd1="2618" fd2="-1062" filter-width="4" id="m02-052-05" lbs="-905" lbx="0" lby="1362" segmentation="ok" slant="75000" stroke-width="6662" threshold="191" text="Tom Dreyfus had a job on the machines in the Secretariat" ubs="-1029" ubx="0" uby="1321">
      <word id="m02-052-05-00" sentence-start="yes" tag="NP" text="Tom">
        <cmp x="311" y="1288" width="33" height="73" />
        <cmp x="329" y="1326" width="39" height="42" />
        <cmp x="372" y="1327" width="48" height="38" />
      </word>
      <word id="m02-052-05-01" tag="NP" text="Dreyfus">
        <cmp x="483" y="1302" width="36" height="56" />
        <cmp x="520" y="1317" width="28" height="47" />
        <cmp x="542" y="1322" width="37" height="41" />
        <cmp x="582" y="1327" width="48" height="79" />
        <cmp x="637" y="1308" width="42" height="84" />
        <cmp x="672" y="1327" width="36" height="37" />
        <cmp x="716" y="1325" width="22" height="41" />
      </word>
      <word id="m02-052-05-02" tag="HVD" text="had">
        <cmp x="795" y="1306" width="122" height="71" />
      </word>
      <word id="m02-052-05-03" tag="AT" text="a">
        <cmp x="951" y="1341" width="38" height="37" />
      </word>
      <word id="m02-052-05-04" tag="NN" text="job">
        <cmp x="1000" y="1342" width="30" height="67" />
        <cmp x="1032" y="1317" width="10" height="10" />
        <cmp x="1039" y="1321" width="66" height="74" />
      </word>
      <word id="m02-052-05-05" tag="IN" text="on">
        <cmp x="1157" y="1353" width="33" height="34" />
        <cmp x="1186" y="1349" width="38" height="38" />
      </word>
      <word id="m02-052-05-06" tag="ATI" text="the">
        <cmp x="1245" y="1315" width="31" height="72" />
        <cmp x="1276" y="1322" width="70" height="67" />
      </word>
      <word id="m02-052-05-07" tag="NNS" text="machines">
        <cmp x="1388" y="1340" width="54" height="44" />
        <cmp x="1441" y="1346" width="47" height="39" />
        <cmp x="1486" y="1347" width="30" height="37" />
        <cmp x="1524" y="1321" width="37" height="66" />
        <cmp x="1568" y="1354" width="16" height="30" />
        <cmp x="1590" y="1318" width="6" height="7" />
        <cmp x="1592" y="1353" width="39" height="45" />
        <cmp x="1645" y="1354" width="32" height="40" />
        <cmp x="1682" y="1351" width="22" height="46" />
      </word>
      <word id="m02-052-05-08" tag="IN" text="in">
        <cmp x="1748" y="1349" width="13" height="34" />
        <cmp x="1763" y="1325" width="6" height="7" />
        <cmp x="1773" y="1344" width="25" height="33" />
      </word>
      <word id="m02-052-05-09" tag="ATI" text="the">
        <cmp x="1840" y="1318" width="33" height="62" />
        <cmp x="1869" y="1325" width="37" height="63" />
        <cmp x="1910" y="1353" width="39" height="38" />
      </word>
      <word id="m02-052-05-10" tag="NN" text="Secretariat">
        <cmp x="1996" y="1330" width="63" height="59" />
        <cmp x="2053" y="1353" width="28" height="37" />
        <cmp x="2081" y="1355" width="29" height="42" />
        <cmp x="2099" y="1361" width="42" height="46" />
        <cmp x="2141" y="1318" width="27" height="79" />
        <cmp x="2158" y="1361" width="13" height="7" />
        <cmp x="2169" y="1365" width="34" height="36" />
        <cmp x="2202" y="1359" width="29" height="47" />
        <cmp x="2230" y="1373" width="17" height="32" />
        <cmp x="2246" y="1330" width="57" height="77" />
        <cmp x="2251" y="1345" width="7" height="6" />
      </word>
      <upper-contour>
        <point x="318" y="1253" />
        <point x="2174" y="1253" />
      </upper-contour>
      <lower-contour>
        <point x="309" y="1409" />
        <point x="2101" y="1409" />
      </lower-contour>
    </line>
    <line ass="-245" asx="0" asy="1421" character-width="999" dss="-245" dsx="0" dsy="1529" fd0="12176" fd1="1884" fd2="-1342" filter-width="4" id="m02-052-06" lbs="-257" lbx="0" lby="1509" segmentation="ok" slant="72000" stroke-width="6609" threshold="191" text="(Stamp Department) while Sally sulked at home." ubs="-220" ubx="0" uby="1473">
      <word id="m02-052-06-00" tag="(" text="(">
        <cmp x="299" y="1431" width="16" height="78" />
      </word>
      <word id="m02-052-06-01" tag="NN" text="Stamp">
        <cmp x="341" y="1451" width="25" height="56" />
        <cmp x="368" y="1443" width="21" height="63" />
        <cmp x="388" y="1469" width="9" height="7" />
        <cmp x="391" y="1475" width="33" height="39" />
        <cmp x="421" y="1472" width="40" height="42" />
        <cmp x="465" y="1476" width="51" height="55" />
      </word>
      <word id="m02-052-06-02" tag="NN" text="Department">
        <cmp x="574" y="1461" width="80" height="56" />
        <cmp x="656" y="1478" width="91" height="51" />
        <cmp x="747" y="1472" width="24" height="38" />
        <cmp x="778" y="1432" width="33" height="76" />
        <cmp x="819" y="1473" width="41" height="42" />
        <cmp x="866" y="1476" width="40" height="38" />
        <cmp x="909" y="1485" width="39" height="33" />
        <cmp x="960" y="1440" width="22" height="71" />
        <cmp x="976" y="1478" width="16" height="7" />
      </word>
      <word id="m02-052-06-03" tag=")" text=")">
        <cmp x="1008" y="1438" width="21" height="90" />
      </word>
      <word id="m02-052-06-04" tag="CS" text="while">
        <cmp x="1094" y="1465" width="47" height="37" />
        <cmp x="1138" y="1441" width="42" height="71" />
        <cmp x="1184" y="1471" width="19" height="36" />
        <cmp x="1198" y="1441" width="10" height="12" />
        <cmp x="1205" y="1466" width="14" height="38" />
        <cmp x="1217" y="1429" width="14" height="40" />
        <cmp x="1231" y="1468" width="37" height="37" />
      </word>
      <word id="m02-052-06-05" tag="NP" text="Sally">
        <cmp x="1334" y="1450" width="72" height="56" />
        <cmp x="1401" y="1431" width="28" height="74" />
        <cmp x="1422" y="1429" width="33" height="79" />
        <cmp x="1460" y="1470" width="44" height="67" />
      </word>
      <word id="m02-052-06-06" tag="VBD" text="sulked">
        <cmp x="1549" y="1466" width="75" height="55" />
        <cmp x="1626" y="1429" width="29" height="87" />
        <cmp x="1655" y="1442" width="133" height="85" />
      </word>
      <word id="m02-052-06-07" tag="IN" text="at">
        <cmp x="1827" y="1442" width="68" height="89" />
        <cmp x="1889" y="1485" width="9" height="4" />
      </word>
      <word id="m02-052-06-08" tag="NR" text="home">
        <cmp x="1938" y="1455" width="41" height="61" />
        <cmp x="1983" y="1488" width="26" height="25" />
        <cmp x="2013" y="1486" width="43" height="27" />
        <cmp x="2061" y="1487" width="31" height="26" />
      </word>
      <word id="m02-052-06-09" tag="." text=".">
        <cmp x="2094" y="1530" width="7" height="6" />
      </word>
      <upper-contour>
        <point x="309" y="1409" />
        <point x="2101" y="1409" />
      </upper-contour>
    </line>
  </handwritten-part>
</form>

