<?xml version="1.0" encoding="ISO-8859-1"?>

<!DOCTYPE form SYSTEM 'http://www.iam.unibe.ch/~fki/iamdb/form-metadata.dtd'>

<form created="2002-01-25" height="3542" id="m02-109" last-modified="2002-07-17" skew="-95" status="final" version="3.0_beta" width="2479" writer-id="534">
  <machine-printed-part>
    <machine-print-line text="Stepping out in their white shorts, they looked glad enough to be diverted, however," />
    <machine-print-line text="with the single exception of one worried little man-student who kept getting out of" />
    <machine-print-line text="step. He looked as if nothing Moke and his minions could do to him would ever make" />
    <machine-print-line text="him GO; but the reason probably lay in elementary neurosis and not in some eruption" />
    <machine-print-line text="from those deeper layers in the human psyche which are trans-economic." />
  </machine-printed-part>
  <handwritten-part>
    <line ass="-515" asx="0" asy="737" character-width="999" dss="-515" dsx="0" dsy="896" fd0="14000" fd1="2645" fd2="-795" filter-width="4" id="m02-109-00" lbs="-528" lbx="0" lby="812" segmentation="err" slant="39000" stroke-width="6419" threshold="176" text="Stepping out in their white shorts, they looked glad enough" ubs="-488" ubx="0" uby="796">
      <word id="m02-109-00-00" sentence-start="yes" tag="VBG" text="Stepping">
        <cmp x="345" y="775" width="183" height="78" />
        <cmp x="465" y="794" width="145" height="108" />
        <cmp x="534" y="802" width="12" height="11" />
        <cmp x="552" y="787" width="7" height="8" />
        <cmp x="557" y="798" width="22" height="13" />
      </word>
      <word id="m02-109-00-01" tag="RP" text="out">
        <cmp x="648" y="796" width="39" height="21" />
        <cmp x="683" y="800" width="33" height="22" />
        <cmp x="729" y="763" width="58" height="56" />
      </word>
      <word id="m02-109-00-02" tag="IN" text="in">
        <cmp x="800" y="807" width="15" height="10" />
        <cmp x="824" y="807" width="28" height="12" />
        <cmp x="825" y="789" width="6" height="6" />
      </word>
      <word id="m02-109-00-03" tag="PP$" text="their">
        <cmp x="888" y="774" width="73" height="45" />
        <cmp x="944" y="799" width="28" height="19" />
        <cmp x="972" y="812" width="9" height="8" />
        <cmp x="988" y="791" width="8" height="8" />
        <cmp x="992" y="796" width="29" height="27" />
      </word>
      <word id="m02-109-00-04" tag="JJ" text="white">
        <cmp x="1055" y="799" width="37" height="21" />
        <cmp x="1096" y="772" width="43" height="49" />
        <cmp x="1134" y="811" width="7" height="10" />
        <cmp x="1147" y="793" width="12" height="10" />
        <cmp x="1151" y="769" width="66" height="55" />
      </word>
      <word id="m02-109-00-05" tag="NNS" text="shorts">
        <cmp x="1249" y="802" width="40" height="24" />
        <cmp x="1290" y="762" width="71" height="65" />
        <cmp x="1323" y="807" width="30" height="23" />
        <cmp x="1354" y="766" width="105" height="65" />
      </word>
      <word id="m02-109-00-06" tag="," text=",">
        <cmp x="1418" y="805" width="40" height="29" />
      </word>
      <word id="m02-109-00-07" tag="PP3AS" text="they">
        <cmp x="1424" y="821" width="57" height="37" />
        <cmp x="1505" y="782" width="79" height="45" />
        <cmp x="1512" y="801" width="103" height="82" />
      </word>
      <word id="m02-109-00-08" tag="VBD" text="looked">
        <cmp x="1638" y="780" width="53" height="41" />
        <cmp x="1666" y="805" width="64" height="25" />
      </word>
      <word id="m02-109-00-09" tag="JJ" text="glad">
        <cmp x="1740" y="783" width="46" height="45" />
        <cmp x="1759" y="805" width="50" height="24" />
        <cmp x="1806" y="754" width="107" height="76" />
      </word>
      <word id="m02-109-00-10" tag="QLP" text="enough">
        <cmp x="1906" y="806" width="23" height="23" />
        <cmp x="1908" y="767" width="199" height="139" />
        <cmp x="1936" y="814" width="30" height="16" />
      </word>
      <lower-contour>
        <point x="353" y="905" />
        <point x="2108" y="905" />
      </lower-contour>
    </line>
    <line ass="-602" asx="0" asy="909" character-width="999" dss="-602" dsx="0" dsy="1062" fd0="14027" fd1="2517" fd2="-546" filter-width="4" id="m02-109-01" lbs="-553" lbx="0" lby="992" segmentation="ok" slant="38000" stroke-width="6651" threshold="176" text="to be diverted, however, with the single exception of one" ubs="-702" ubx="0" uby="970">
      <word id="m02-109-01-00" tag="TO" text="to">
        <cmp x="355" y="943" width="62" height="47" />
        <cmp x="386" y="976" width="30" height="20" />
      </word>
      <word id="m02-109-01-01" tag="BE" text="be">
        <cmp x="442" y="940" width="58" height="57" />
        <cmp x="483" y="973" width="52" height="28" />
      </word>
      <word id="m02-109-01-02" tag="VBN" text="diverted">
        <cmp x="571" y="934" width="123" height="66" />
        <cmp x="639" y="990" width="11" height="12" />
        <cmp x="659" y="983" width="31" height="29" />
        <cmp x="666" y="973" width="6" height="8" />
        <cmp x="695" y="972" width="65" height="35" />
        <cmp x="750" y="918" width="196" height="82" />
      </word>
      <word id="m02-109-01-03" tag="," text=",">
        <cmp x="856" y="988" width="71" height="45" />
      </word>
      <word id="m02-109-01-04" tag="RB" text="however">
        <cmp x="941" y="945" width="62" height="57" />
        <cmp x="973" y="981" width="32" height="23" />
        <cmp x="1011" y="980" width="32" height="22" />
        <cmp x="1043" y="977" width="32" height="30" />
        <cmp x="1073" y="976" width="95" height="34" />
      </word>
      <word id="m02-109-01-05" tag="," text=",">
        <cmp x="1134" y="1001" width="46" height="35" />
      </word>
      <word id="m02-109-01-06" tag="IN" text="with">
        <cmp x="1200" y="986" width="30" height="17" />
        <cmp x="1238" y="993" width="9" height="12" />
        <cmp x="1249" y="978" width="10" height="7" />
        <cmp x="1252" y="950" width="76" height="57" />
      </word>
      <word id="m02-109-01-07" tag="ATI" text="the">
        <cmp x="1331" y="956" width="85" height="52" />
      </word>
      <word id="m02-109-01-08" tag="JJ" text="single">
        <cmp x="1421" y="988" width="135" height="90" />
        <cmp x="1443" y="986" width="31" height="25" />
        <cmp x="1476" y="996" width="6" height="11" />
        <cmp x="1504" y="989" width="20" height="16" />
        <cmp x="1568" y="959" width="44" height="41" />
        <cmp x="1580" y="980" width="47" height="33" />
      </word>
      <word id="m02-109-01-09" tag="NN" text="exception">
        <cmp x="1656" y="984" width="31" height="28" />
        <cmp x="1690" y="986" width="35" height="24" />
        <cmp x="1729" y="959" width="144" height="77" />
        <cmp x="1852" y="996" width="12" height="12" />
        <cmp x="1870" y="978" width="23" height="28" />
        <cmp x="1897" y="987" width="29" height="20" />
      </word>
      <word id="m02-109-01-10" tag="INO" text="of">
        <cmp x="1950" y="946" width="117" height="101" />
      </word>
      <word id="m02-109-01-11" tag="CD1" text="one">
        <cmp x="2053" y="992" width="28" height="23" />
        <cmp x="2084" y="988" width="115" height="31" />
      </word>
      <upper-contour>
        <point x="353" y="905" />
        <point x="2108" y="905" />
      </upper-contour>
      <lower-contour>
        <point x="353" y="1078" />
        <point x="2101" y="1078" />
      </lower-contour>
    </line>
    <line ass="-980" asx="0" asy="1077" character-width="999" dss="-980" dsx="0" dsy="1252" fd0="13381" fd1="2185" fd2="-631" filter-width="4" id="m02-109-02" lbs="-1002" lbx="0" lby="1154" segmentation="err" slant="39000" stroke-width="7043" threshold="176" text="worried little man-student who kept getting out of" ubs="-936" ubx="0" uby="1141">
      <word id="m02-109-02-00" tag="JJ" text="worried">
        <cmp x="351" y="1143" width="56" height="29" />
        <cmp x="411" y="1149" width="31" height="23" />
        <cmp x="437" y="1149" width="38" height="23" />
        <cmp x="469" y="1160" width="16" height="12" />
        <cmp x="492" y="1100" width="145" height="72" />
        <cmp x="493" y="1140" width="7" height="7" />
      </word>
      <word id="m02-109-02-01" tag="JJ" text="little">
        <cmp x="641" y="1119" width="72" height="52" />
        <cmp x="680" y="1161" width="13" height="11" />
        <cmp x="702" y="1116" width="137" height="69" />
        <cmp x="705" y="1135" width="10" height="6" />
      </word>
      <word id="m02-109-02-02" tag="NN" text="man-student">
        <cmp x="881" y="1156" width="64" height="22" />
        <cmp x="944" y="1159" width="30" height="23" />
        <cmp x="976" y="1161" width="33" height="17" />
        <cmp x="1022" y="1164" width="24" height="10" />
        <cmp x="1043" y="1115" width="199" height="71" />
        <cmp x="1213" y="1163" width="35" height="17" />
      </word>
      <word id="m02-109-02-03" tag="WP" text="who">
        <cmp x="1252" y="1125" width="72" height="65" />
      </word>
      <word id="m02-109-02-04" tag="VBD" text="kept">
        <cmp x="1346" y="1162" width="33" height="18" />
        <cmp x="1382" y="1130" width="54" height="52" />
        <cmp x="1406" y="1165" width="20" height="20" />
      </word>
      <word id="m02-109-02-05" tag="VBG" text="getting">
        <cmp x="1455" y="1129" width="62" height="54" />
        <cmp x="1484" y="1159" width="75" height="54" />
        <cmp x="1551" y="1159" width="135" height="85" />
        <cmp x="1561" y="1125" width="64" height="56" />
        <cmp x="1684" y="1118" width="135" height="66" />
        <cmp x="1694" y="1163" width="164" height="120" />
        <cmp x="1801" y="1154" width="10" height="11" />
      </word>
      <word id="m02-109-02-06" tag="RP" text="out">
        <cmp x="1883" y="1162" width="62" height="21" />
        <cmp x="1954" y="1110" width="75" height="73" />
      </word>
      <word id="m02-109-02-07" tag="INO" text="of">
        <cmp x="1979" y="1127" width="121" height="108" />
      </word>
      <upper-contour>
        <point x="353" y="1078" />
        <point x="2101" y="1078" />
      </upper-contour>
      <lower-contour>
        <point x="349" y="1244" />
        <point x="1694" y="1283" />
        <point x="1766" y="1253" />
        <point x="1992" y="1253" />
      </lower-contour>
    </line>
    <line ass="-718" asx="0" asy="1257" character-width="999" dss="-718" dsx="0" dsy="1428" fd0="11459" fd1="1335" fd2="-834" filter-width="4" id="m02-109-03" lbs="-762" lbx="0" lby="1338" segmentation="ok" slant="36000" stroke-width="7140" threshold="176" text="step. He looked as if nothing Moke and his" ubs="-629" ubx="0" uby="1323">
      <word id="m02-109-03-00" tag="NN" text="step">
        <cmp x="317" y="1325" width="72" height="30" />
        <cmp x="356" y="1283" width="138" height="127" />
      </word>
      <word id="m02-109-03-01" tag="." text=".">
        <cmp x="491" y="1342" width="11" height="10" />
      </word>
      <word id="m02-109-03-02" sentence-start="yes" tag="PP3A" text="He">
        <cmp x="545" y="1304" width="103" height="55" />
      </word>
      <word id="m02-109-03-03" tag="VBD" text="looked">
        <cmp x="698" y="1290" width="164" height="70" />
        <cmp x="857" y="1268" width="159" height="91" />
      </word>
      <word id="m02-109-03-04" tag="CS21" text="as">
        <cmp x="977" y="1334" width="73" height="26" />
      </word>
      <word id="m02-109-03-05" tag="CS22" text="if">
        <cmp x="1068" y="1295" width="108" height="103" />
        <cmp x="1077" y="1343" width="13" height="14" />
        <cmp x="1094" y="1332" width="23" height="8" />
      </word>
      <word id="m02-109-03-06" tag="PN" text="nothing">
        <cmp x="1182" y="1289" width="177" height="74" />
        <cmp x="1255" y="1330" width="171" height="115" />
        <cmp x="1324" y="1347" width="9" height="11" />
        <cmp x="1345" y="1326" width="11" height="9" />
        <cmp x="1348" y="1337" width="28" height="21" />
      </word>
      <word id="m02-109-03-07" tag="NP" text="Moke">
        <cmp x="1463" y="1315" width="93" height="39" />
        <cmp x="1521" y="1342" width="30" height="22" />
        <cmp x="1547" y="1308" width="105" height="63" />
      </word>
      <word id="m02-109-03-08" tag="CC" text="and">
        <cmp x="1682" y="1345" width="43" height="22" />
        <cmp x="1730" y="1303" width="160" height="67" />
      </word>
      <word id="m02-109-03-09" tag="PP$" text="his">
        <cmp x="1869" y="1299" width="87" height="69" />
        <cmp x="1924" y="1353" width="16" height="15" />
        <cmp x="1947" y="1339" width="12" height="9" />
        <cmp x="1950" y="1340" width="41" height="30" />
      </word>
      <upper-contour>
        <point x="349" y="1244" />
        <point x="1694" y="1283" />
        <point x="1766" y="1253" />
        <point x="1992" y="1253" />
      </upper-contour>
      <lower-contour>
        <point x="331" y="1445" />
        <point x="1992" y="1445" />
      </lower-contour>
    </line>
    <line ass="-262" asx="0" asy="1472" character-width="999" dss="-262" dsx="0" dsy="1546" fd0="12459" fd1="2630" fd2="192" filter-width="5" id="m02-109-04" lbs="-285" lbx="0" lby="1534" segmentation="err" slant="35000" stroke-width="7561" threshold="176" text="minions could do to him would ever make him" ubs="-215" ubx="0" uby="1517">
      <word id="m02-109-04-00" tag="NNS" text="minions">
        <cmp x="333" y="1513" width="65" height="20" />
        <cmp x="408" y="1516" width="12" height="16" />
        <cmp x="431" y="1508" width="33" height="23" />
        <cmp x="478" y="1517" width="13" height="15" />
        <cmp x="498" y="1497" width="5" height="7" />
        <cmp x="499" y="1510" width="25" height="24" />
        <cmp x="531" y="1515" width="32" height="18" />
        <cmp x="577" y="1511" width="34" height="31" />
      </word>
      <word id="m02-109-04-01" tag="MD" text="could">
        <cmp x="670" y="1514" width="54" height="30" />
        <cmp x="736" y="1522" width="29" height="18" />
        <cmp x="792" y="1485" width="51" height="50" />
        <cmp x="813" y="1489" width="89" height="51" />
      </word>
      <word id="m02-109-04-02" tag="DO" text="do">
        <cmp x="921" y="1495" width="98" height="56" />
      </word>
      <word id="m02-109-04-03" tag="IN" text="to">
        <cmp x="1040" y="1496" width="58" height="55" />
        <cmp x="1076" y="1531" width="26" height="20" />
      </word>
      <word id="m02-109-04-04" tag="PP3O" text="him">
        <cmp x="1134" y="1482" width="76" height="66" />
        <cmp x="1185" y="1533" width="11" height="11" />
        <cmp x="1211" y="1519" width="7" height="6" />
        <cmp x="1212" y="1527" width="58" height="17" />
      </word>
      <word id="m02-109-04-05" tag="MD" text="would">
        <cmp x="1311" y="1520" width="38" height="25" />
        <cmp x="1349" y="1520" width="31" height="26" />
        <cmp x="1380" y="1525" width="32" height="22" />
        <cmp x="1427" y="1491" width="46" height="51" />
        <cmp x="1444" y="1486" width="99" height="57" />
      </word>
      <word id="m02-109-04-06" tag="RB" text="ever">
        <cmp x="1532" y="1515" width="30" height="27" />
        <cmp x="1563" y="1519" width="31" height="25" />
        <cmp x="1597" y="1513" width="61" height="27" />
      </word>
      <word id="m02-109-04-07" tag="VB" text="make">
        <cmp x="1689" y="1524" width="66" height="20" />
        <cmp x="1753" y="1526" width="30" height="20" />
        <cmp x="1801" y="1481" width="71" height="60" />
        <cmp x="1824" y="1521" width="18" height="17" />
        <cmp x="1843" y="1509" width="68" height="35" />
        <cmp x="1936" y="1495" width="45" height="54" />
        <cmp x="2006" y="1514" width="5" height="6" />
      </word>
      <word id="m02-109-04-08" tag="PP3O" text="him">
        <cmp x="1989" y="1531" width="9" height="12" />
        <cmp x="2013" y="1523" width="45" height="19" />
      </word>
      <upper-contour>
        <point x="331" y="1445" />
        <point x="1992" y="1445" />
      </upper-contour>
      <lower-contour>
        <point x="337" y="1551" />
        <point x="2059" y="1551" />
      </lower-contour>
    </line>
    <line ass="-520" asx="0" asy="1634" character-width="999" dss="-520" dsx="0" dsy="1776" fd0="12148" fd1="1933" fd2="-498" filter-width="5" id="m02-109-05" lbs="-427" lbx="0" lby="1712" segmentation="err" slant="34000" stroke-width="7747" threshold="176" text="GO; but the reason probably lay in elementary" ubs="-706" ubx="0" uby="1685">
      <word id="m02-109-05-00" tag="VB" text="GO">
        <cmp x="339" y="1653" width="132" height="64" />
      </word>
      <word id="m02-109-05-01" tag=";" text=";">
        <cmp x="422" y="1711" width="62" height="52" />
      </word>
      <word id="m02-109-05-02" tag="CC" text="but">
        <cmp x="489" y="1694" width="5" height="9" />
        <cmp x="514" y="1655" width="68" height="62" />
        <cmp x="587" y="1689" width="37" height="25" />
        <cmp x="638" y="1641" width="70" height="75" />
      </word>
      <word id="m02-109-05-03" tag="ATI" text="the">
        <cmp x="742" y="1644" width="102" height="76" />
      </word>
      <word id="m02-109-05-04" tag="NN" text="reason">
        <cmp x="870" y="1689" width="37" height="26" />
        <cmp x="908" y="1686" width="33" height="32" />
        <cmp x="933" y="1691" width="41" height="29" />
        <cmp x="981" y="1686" width="36" height="33" />
        <cmp x="1019" y="1697" width="26" height="24" />
        <cmp x="1048" y="1699" width="38" height="22" />
      </word>
      <word id="m02-109-05-05" tag="RB" text="probably">
        <cmp x="1105" y="1705" width="77" height="53" />
        <cmp x="1192" y="1704" width="30" height="25" />
        <cmp x="1223" y="1709" width="27" height="25" />
        <cmp x="1266" y="1659" width="64" height="74" />
        <cmp x="1301" y="1705" width="35" height="25" />
        <cmp x="1349" y="1666" width="57" height="68" />
        <cmp x="1362" y="1703" width="92" height="67" />
        <cmp x="1389" y="1654" width="79" height="71" />
      </word>
      <word id="m02-109-05-06" tag="VBD" text="lay">
        <cmp x="1498" y="1672" width="52" height="47" />
        <cmp x="1512" y="1700" width="86" height="68" />
        <cmp x="1513" y="1701" width="34" height="21" />
      </word>
      <word id="m02-109-05-07" tag="IN" text="in">
        <cmp x="1625" y="1709" width="15" height="16" />
        <cmp x="1649" y="1688" width="7" height="8" />
      </word>
      <word id="m02-109-05-08" tag="JJ" text="elementary">
        <cmp x="1653" y="1708" width="29" height="15" />
        <cmp x="1706" y="1699" width="33" height="24" />
        <cmp x="1751" y="1662" width="64" height="61" />
        <cmp x="1767" y="1697" width="31" height="23" />
        <cmp x="1802" y="1703" width="36" height="18" />
        <cmp x="1858" y="1701" width="58" height="22" />
        <cmp x="1932" y="1652" width="159" height="143" />
      </word>
      <upper-contour>
        <point x="337" y="1551" />
        <point x="2059" y="1551" />
      </upper-contour>
      <lower-contour>
        <point x="337" y="1795" />
        <point x="2092" y="1795" />
      </lower-contour>
    </line>
    <line ass="-359" asx="0" asy="1827" character-width="999" dss="-359" dsx="0" dsy="1953" fd0="12100" fd1="2412" fd2="250" filter-width="5" id="m02-109-06" lbs="-327" lbx="0" lby="1892" segmentation="ok" slant="38000" stroke-width="7718" threshold="176" text="neurosis and not in some eruption from those" ubs="-425" ubx="0" uby="1871">
      <word id="m02-109-06-00" tag="NN" text="neurosis">
        <cmp x="334" y="1864" width="44" height="28" />
        <cmp x="392" y="1867" width="33" height="31" />
        <cmp x="428" y="1869" width="34" height="26" />
        <cmp x="476" y="1875" width="37" height="20" />
        <cmp x="522" y="1874" width="34" height="27" />
        <cmp x="560" y="1875" width="40" height="29" />
        <cmp x="617" y="1878" width="21" height="18" />
        <cmp x="639" y="1856" width="12" height="10" />
        <cmp x="657" y="1870" width="26" height="30" />
      </word>
      <word id="m02-109-06-01" tag="CC" text="and">
        <cmp x="743" y="1870" width="40" height="22" />
        <cmp x="793" y="1874" width="30" height="18" />
        <cmp x="832" y="1847" width="90" height="50" />
      </word>
      <word id="m02-109-06-02" tag="XNOT" text="not">
        <cmp x="937" y="1878" width="67" height="27" />
        <cmp x="1019" y="1837" width="65" height="60" />
      </word>
      <word id="m02-109-06-03" tag="IN" text="in">
        <cmp x="1096" y="1878" width="17" height="16" />
        <cmp x="1116" y="1876" width="29" height="19" />
        <cmp x="1117" y="1864" width="6" height="9" />
      </word>
      <word id="m02-109-06-04" tag="DTI" text="some">
        <cmp x="1176" y="1871" width="31" height="31" />
        <cmp x="1204" y="1880" width="29" height="26" />
        <cmp x="1240" y="1884" width="58" height="21" />
        <cmp x="1306" y="1882" width="52" height="31" />
      </word>
      <word id="m02-109-06-05" tag="NN" text="eruption">
        <cmp x="1394" y="1877" width="34" height="25" />
        <cmp x="1437" y="1880" width="22" height="19" />
        <cmp x="1467" y="1881" width="27" height="19" />
        <cmp x="1477" y="1837" width="153" height="97" />
        <cmp x="1592" y="1892" width="11" height="10" />
        <cmp x="1613" y="1883" width="27" height="23" />
        <cmp x="1618" y="1865" width="9" height="14" />
        <cmp x="1645" y="1885" width="32" height="17" />
      </word>
      <word id="m02-109-06-06" tag="IN" text="from">
        <cmp x="1692" y="1850" width="114" height="115" />
        <cmp x="1778" y="1887" width="36" height="22" />
        <cmp x="1821" y="1886" width="50" height="17" />
      </word>
      <word id="m02-109-06-07" tag="DTS" text="those">
        <cmp x="1915" y="1845" width="95" height="60" />
        <cmp x="1972" y="1880" width="31" height="29" />
        <cmp x="2011" y="1879" width="27" height="30" />
        <cmp x="2057" y="1874" width="69" height="33" />
      </word>
      <upper-contour>
        <point x="337" y="1795" />
        <point x="2092" y="1795" />
      </upper-contour>
      <lower-contour>
        <point x="332" y="1965" />
        <point x="2127" y="1965" />
      </lower-contour>
    </line>
    <line ass="-356" asx="0" asy="1993" character-width="999" dss="-356" dsx="0" dsy="2147" fd0="12381" fd1="2246" fd2="-291" filter-width="5" id="m02-109-07" lbs="-416" lbx="0" lby="2068" segmentation="err" slant="35000" stroke-width="7692" threshold="176" text="deeper layers in the human psyche which are" ubs="-236" ubx="0" uby="2052">
      <word id="m02-109-07-00" tag="JJR" text="deeper">
        <cmp x="332" y="2001" width="153" height="80" />
        <cmp x="397" y="2047" width="239" height="98" />
        <cmp x="440" y="2045" width="39" height="33" />
      </word>
      <word id="m02-109-07-01" tag="NNS" text="layers">
        <cmp x="659" y="2053" width="135" height="100" />
        <cmp x="677" y="2005" width="90" height="64" />
        <cmp x="704" y="2052" width="30" height="19" />
        <cmp x="795" y="2048" width="117" height="42" />
      </word>
      <word id="m02-109-07-02" tag="IN" text="in">
        <cmp x="962" y="2059" width="13" height="18" />
        <cmp x="980" y="2045" width="15" height="7" />
        <cmp x="992" y="2054" width="35" height="22" />
      </word>
      <word id="m02-109-07-03" tag="ATI" text="the">
        <cmp x="1078" y="2017" width="51" height="60" />
        <cmp x="1102" y="2008" width="81" height="71" />
      </word>
      <word id="m02-109-07-04" tag="JJ" text="human">
        <cmp x="1211" y="2006" width="82" height="79" />
        <cmp x="1261" y="2057" width="92" height="25" />
        <cmp x="1364" y="2056" width="38" height="29" />
        <cmp x="1410" y="2065" width="37" height="21" />
      </word>
      <word id="m02-109-07-05" tag="NN" text="psyche">
        <cmp x="1456" y="2062" width="81" height="58" />
        <cmp x="1527" y="2063" width="100" height="85" />
        <cmp x="1546" y="2059" width="32" height="27" />
        <cmp x="1629" y="2064" width="30" height="26" />
        <cmp x="1669" y="2006" width="90" height="89" />
        <cmp x="1719" y="2064" width="69" height="27" />
        <cmp x="1833" y="2057" width="39" height="33" />
        <cmp x="1874" y="2006" width="82" height="84" />
        <cmp x="1923" y="2074" width="7" height="10" />
        <cmp x="1940" y="2055" width="15" height="6" />
      </word>
      <word id="m02-109-07-06" tag="WDT" text="which">
        <cmp x="1958" y="2057" width="26" height="26" />
        <cmp x="1986" y="2005" width="80" height="80" />
      </word>
      <word id="m02-109-07-07" tag="BER" text="are">
        <cmp x="2054" y="2059" width="122" height="36" />
      </word>
      <upper-contour>
        <point x="332" y="1965" />
        <point x="2127" y="1965" />
      </upper-contour>
      <lower-contour>
        <point x="350" y="2154" />
        <point x="1048" y="2154" />
      </lower-contour>
    </line>
    <line ass="-1161" asx="0" asy="2169" character-width="999" dss="-1161" dsx="0" dsy="2249" fd0="10833" fd1="2146" fd2="259" filter-width="5" id="m02-109-08" lbs="-1271" lbx="0" lby="2236" segmentation="ok" slant="39000" stroke-width="7693" threshold="176" text="trans-economic." ubs="-943" ubx="0" uby="2224">
      <word id="m02-109-08-00" tag="JJ" text="trans-economic">
        <cmp x="352" y="2177" width="90" height="75" />
        <cmp x="426" y="2224" width="136" height="34" />
        <cmp x="604" y="2232" width="37" height="12" />
        <cmp x="668" y="2222" width="35" height="30" />
        <cmp x="708" y="2226" width="66" height="37" />
        <cmp x="775" y="2236" width="34" height="19" />
        <cmp x="826" y="2234" width="37" height="23" />
        <cmp x="873" y="2237" width="61" height="18" />
        <cmp x="950" y="2242" width="9" height="13" />
        <cmp x="962" y="2225" width="9" height="10" />
        <cmp x="988" y="2225" width="33" height="34" />
      </word>
      <word id="m02-109-08-01" tag="." text=".">
        <cmp x="1041" y="2250" width="7" height="10" />
      </word>
      <upper-contour>
        <point x="350" y="2154" />
        <point x="1048" y="2154" />
      </upper-contour>
    </line>
  </handwritten-part>
</form>

