<?xml version="1.0" encoding="ISO-8859-1"?>

<!DOCTYPE form SYSTEM 'http://www.iam.unibe.ch/~fki/iamdb/form-metadata.dtd'>

<form created="2002-01-25" height="3542" id="m02-087" last-modified="2002-07-17" skew="-30" status="final" version="3.0_beta" width="2479" writer-id="530">
  <machine-printed-part>
    <machine-print-line text="But privately he turned out to be as friendly as Mr. Wise the tube manufacturer," />
    <machine-print-line text="to have the same adolescent openness and freshness, though perhaps not the same" />
    <machine-print-line text="maturity. One remembered that he was a lawyer by training, and suspected that the" />
    <machine-print-line text="points he made so sharply in international politics were as abstract to him as those a" />
    <machine-print-line text="lawyer makes in a court of law." />
  </machine-printed-part>
  <handwritten-part>
    <line ass="-281" asx="0" asy="736" character-width="999" dss="-281" dsx="0" dsy="831" fd0="15283" fd1="2618" fd2="-759" filter-width="4" id="m02-087-00" lbs="-251" lbx="0" lby="805" segmentation="ok" slant="51000" stroke-width="6332" threshold="176" text="But privately he turned out to be as friendly as" ubs="-342" ubx="0" uby="773">
      <word id="m02-087-00-00" sentence-start="yes" tag="CC" text="But">
        <cmp x="336" y="738" width="63" height="68" />
        <cmp x="375" y="749" width="80" height="57" />
      </word>
      <word id="m02-087-00-01" tag="RB" text="privately">
        <cmp x="481" y="777" width="96" height="56" />
        <cmp x="566" y="776" width="21" height="28" />
        <cmp x="588" y="780" width="39" height="29" />
        <cmp x="593" y="761" width="5" height="6" />
        <cmp x="616" y="756" width="128" height="54" />
        <cmp x="706" y="779" width="48" height="56" />
      </word>
      <word id="m02-087-00-02" tag="PP3A" text="he">
        <cmp x="816" y="761" width="47" height="54" />
        <cmp x="859" y="783" width="30" height="31" />
      </word>
      <word id="m02-087-00-03" tag="VBD" text="turned">
        <cmp x="945" y="761" width="52" height="57" />
        <cmp x="984" y="786" width="42" height="28" />
        <cmp x="1016" y="784" width="32" height="27" />
        <cmp x="1037" y="761" width="119" height="55" />
      </word>
      <word id="m02-087-00-04" tag="RP" text="out">
        <cmp x="1218" y="783" width="40" height="29" />
        <cmp x="1258" y="763" width="69" height="47" />
      </word>
      <word id="m02-087-00-05" tag="TO" text="to">
        <cmp x="1371" y="768" width="64" height="50" />
      </word>
      <word id="m02-087-00-06" tag="BE" text="be">
        <cmp x="1496" y="766" width="73" height="51" />
      </word>
      <word id="m02-087-00-07" tag="QL" text="as">
        <cmp x="1642" y="784" width="42" height="31" />
        <cmp x="1677" y="785" width="37" height="31" />
      </word>
      <word id="m02-087-00-08" tag="JJ" text="friendly">
        <cmp x="1774" y="758" width="56" height="55" />
        <cmp x="1802" y="783" width="32" height="31" />
        <cmp x="1830" y="783" width="25" height="31" />
        <cmp x="1844" y="782" width="34" height="32" />
        <cmp x="1867" y="766" width="6" height="5" />
        <cmp x="1870" y="761" width="105" height="52" />
        <cmp x="1962" y="759" width="38" height="48" />
        <cmp x="1969" y="779" width="51" height="58" />
      </word>
      <word id="m02-087-00-09" tag="IN" text="as">
        <cmp x="2059" y="783" width="42" height="31" />
        <cmp x="2102" y="787" width="31" height="27" />
      </word>
      <lower-contour>
        <point x="334" y="837" />
        <point x="2134" y="837" />
      </lower-contour>
    </line>
    <line ass="-213" asx="0" asy="929" character-width="999" dss="-213" dsx="0" dsy="1011" fd0="14064" fd1="2914" fd2="-1140" filter-width="4" id="m02-087-01" lbs="-162" lbx="0" lby="989" segmentation="ok" slant="50000" stroke-width="6649" threshold="161" text="Mr. Wise the tube manufacturer, to have the same adolescent" ubs="-313" ubx="0" uby="956">
      <word id="m02-087-01-00" tag="NPT" text="Mr.">
        <cmp x="334" y="933" width="74" height="61" />
        <cmp x="378" y="955" width="33" height="38" />
        <cmp x="400" y="988" width="6" height="5" />
      </word>
      <word id="m02-087-01-01" tag="NP" text="Wise">
        <cmp x="446" y="933" width="81" height="66" />
        <cmp x="499" y="952" width="30" height="40" />
        <cmp x="509" y="954" width="59" height="38" />
        <cmp x="537" y="938" width="5" height="5" />
      </word>
      <word id="m02-087-01-02" tag="ATI" text="the">
        <cmp x="625" y="933" width="49" height="56" />
        <cmp x="653" y="933" width="66" height="57" />
      </word>
      <word id="m02-087-01-03" tag="NN" text="tube">
        <cmp x="770" y="935" width="68" height="56" />
        <cmp x="830" y="941" width="66" height="52" />
      </word>
      <word id="m02-087-01-04" tag="NN" text="manufacturer">
        <cmp x="949" y="957" width="110" height="35" />
        <cmp x="1053" y="942" width="158" height="53" />
        <cmp x="1212" y="945" width="46" height="47" />
        <cmp x="1239" y="961" width="122" height="32" />
      </word>
      <word id="m02-087-01-05" tag="," text=",">
        <cmp x="1344" y="986" width="26" height="31" />
      </word>
      <word id="m02-087-01-06" tag="TO" text="to">
        <cmp x="1396" y="948" width="61" height="47" />
      </word>
      <word id="m02-087-01-07" tag="HV" text="have">
        <cmp x="1504" y="943" width="75" height="52" />
        <cmp x="1574" y="962" width="50" height="31" />
      </word>
      <word id="m02-087-01-08" tag="ATI" text="the">
        <cmp x="1660" y="950" width="47" height="46" />
        <cmp x="1683" y="949" width="60" height="46" />
      </word>
      <word id="m02-087-01-09" tag="AP" text="same">
        <cmp x="1758" y="963" width="80" height="34" />
        <cmp x="1823" y="970" width="83" height="29" />
      </word>
      <word id="m02-087-01-10" tag="JJ" text="adolescent">
        <cmp x="1977" y="938" width="105" height="58" />
        <cmp x="2061" y="965" width="33" height="27" />
        <cmp x="2095" y="940" width="43" height="54" />
        <cmp x="2113" y="940" width="157" height="65" />
      </word>
      <upper-contour>
        <point x="334" y="837" />
        <point x="2134" y="837" />
      </upper-contour>
      <lower-contour>
        <point x="332" y="1017" />
        <point x="2038" y="1017" />
      </lower-contour>
    </line>
    <line ass="-162" asx="0" asy="1104" character-width="999" dss="-162" dsx="0" dsy="1215" fd0="14233" fd1="2939" fd2="-1238" filter-width="4" id="m02-087-02" lbs="-182" lbx="0" lby="1168" segmentation="ok" slant="53000" stroke-width="6785" threshold="176" text="openness and freshness, though perhaps not the same" ubs="-121" ubx="0" uby="1138">
      <word id="m02-087-02-00" tag="NN" text="openness">
        <cmp x="319" y="1133" width="41" height="36" />
        <cmp x="342" y="1136" width="122" height="50" />
        <cmp x="454" y="1135" width="112" height="38" />
      </word>
      <word id="m02-087-02-01" tag="CC" text="and">
        <cmp x="607" y="1138" width="37" height="30" />
        <cmp x="639" y="1113" width="115" height="57" />
      </word>
      <word id="m02-087-02-02" tag="NN" text="freshness">
        <cmp x="793" y="1111" width="58" height="60" />
        <cmp x="820" y="1121" width="96" height="51" />
        <cmp x="913" y="1135" width="136" height="38" />
      </word>
      <word id="m02-087-02-03" tag="," text=",">
        <cmp x="1049" y="1164" width="22" height="28" />
      </word>
      <word id="m02-087-02-04" tag="CS" text="though">
        <cmp x="1094" y="1116" width="46" height="51" />
        <cmp x="1122" y="1119" width="69" height="51" />
        <cmp x="1191" y="1144" width="36" height="27" />
        <cmp x="1198" y="1134" width="63" height="86" />
        <cmp x="1253" y="1123" width="42" height="52" />
      </word>
      <word id="m02-087-02-05" tag="RB" text="perhaps">
        <cmp x="1335" y="1139" width="117" height="53" />
        <cmp x="1443" y="1116" width="80" height="56" />
        <cmp x="1503" y="1143" width="81" height="52" />
      </word>
      <word id="m02-087-02-06" tag="XNOT" text="not">
        <cmp x="1618" y="1114" width="119" height="63" />
      </word>
      <word id="m02-087-02-07" tag="ATI" text="the">
        <cmp x="1762" y="1110" width="81" height="62" />
      </word>
      <word id="m02-087-02-08" tag="AP" text="same">
        <cmp x="1878" y="1142" width="69" height="33" />
        <cmp x="1953" y="1142" width="84" height="31" />
      </word>
      <upper-contour>
        <point x="332" y="1017" />
        <point x="2038" y="1017" />
      </upper-contour>
      <lower-contour>
        <point x="320" y="1220" />
        <point x="2038" y="1220" />
      </lower-contour>
    </line>
    <line ass="-99" asx="0" asy="1287" character-width="999" dss="-99" dsx="0" dsy="1369" fd0="14592" fd1="2321" fd2="-1110" filter-width="4" id="m02-087-03" lbs="-70" lbx="0" lby="1347" segmentation="ok" slant="49000" stroke-width="6711" threshold="176" text="maturity. One remembered that he was a lawyer" ubs="-157" ubx="0" uby="1317">
      <word id="m02-087-03-00" tag="NN" text="maturity">
        <cmp x="322" y="1315" width="79" height="35" />
        <cmp x="401" y="1296" width="82" height="52" />
        <cmp x="469" y="1320" width="41" height="29" />
        <cmp x="507" y="1316" width="39" height="30" />
        <cmp x="539" y="1291" width="88" height="80" />
        <cmp x="574" y="1291" width="6" height="12" />
      </word>
      <word id="m02-087-03-01" tag="." text=".">
        <cmp x="633" y="1344" width="7" height="6" />
      </word>
      <word id="m02-087-03-02" sentence-start="yes" tag="CD1" text="One">
        <cmp x="662" y="1296" width="52" height="52" />
        <cmp x="705" y="1313" width="65" height="37" />
      </word>
      <word id="m02-087-03-03" tag="VBD" text="remembered">
        <cmp x="821" y="1315" width="63" height="36" />
        <cmp x="878" y="1322" width="75" height="33" />
        <cmp x="955" y="1319" width="94" height="34" />
        <cmp x="1042" y="1305" width="132" height="49" />
        <cmp x="1173" y="1291" width="73" height="61" />
      </word>
      <word id="m02-087-03-04" tag="CS" text="that">
        <cmp x="1281" y="1290" width="151" height="62" />
      </word>
      <word id="m02-087-03-05" tag="PP3A" text="he">
        <cmp x="1484" y="1295" width="70" height="55" />
      </word>
      <word id="m02-087-03-06" tag="BEDZ" text="was">
        <cmp x="1607" y="1317" width="92" height="34" />
        <cmp x="1696" y="1322" width="32" height="32" />
      </word>
      <word id="m02-087-03-07" tag="AT" text="a">
        <cmp x="1753" y="1319" width="48" height="35" />
      </word>
      <word id="m02-087-03-08" tag="NN" text="lawyer">
        <cmp x="1856" y="1295" width="55" height="57" />
        <cmp x="1878" y="1318" width="41" height="29" />
        <cmp x="1915" y="1323" width="49" height="26" />
        <cmp x="1948" y="1323" width="50" height="51" />
        <cmp x="1993" y="1315" width="82" height="36" />
      </word>
      <upper-contour>
        <point x="320" y="1220" />
        <point x="2038" y="1220" />
      </upper-contour>
      <lower-contour>
        <point x="328" y="1375" />
        <point x="2076" y="1375" />
      </lower-contour>
    </line>
    <line ass="-66" asx="0" asy="1467" character-width="999" dss="-66" dsx="0" dsy="1571" fd0="14642" fd1="2503" fd2="-1197" filter-width="4" id="m02-087-04" lbs="-6" lbx="0" lby="1529" segmentation="ok" slant="49000" stroke-width="6481" threshold="161" text="by training, and suspected that the points he made" ubs="-188" ubx="0" uby="1491">
      <word id="m02-087-04-00" tag="IN" text="by">
        <cmp x="330" y="1473" width="52" height="58" />
        <cmp x="373" y="1497" width="43" height="52" />
      </word>
      <word id="m02-087-04-01" tag="NN" text="training">
        <cmp x="473" y="1471" width="47" height="54" />
        <cmp x="499" y="1493" width="65" height="31" />
        <cmp x="564" y="1494" width="20" height="25" />
        <cmp x="579" y="1494" width="45" height="32" />
        <cmp x="593" y="1477" width="9" height="9" />
        <cmp x="625" y="1494" width="26" height="30" />
        <cmp x="649" y="1494" width="42" height="33" />
        <cmp x="664" y="1478" width="6" height="6" />
        <cmp x="668" y="1494" width="51" height="79" />
      </word>
      <word id="m02-087-04-02" tag="," text=",">
        <cmp x="744" y="1518" width="18" height="25" />
      </word>
      <word id="m02-087-04-03" tag="CC" text="and">
        <cmp x="789" y="1494" width="48" height="34" />
        <cmp x="829" y="1472" width="101" height="53" />
      </word>
      <word id="m02-087-04-04" tag="VBD" text="suspected">
        <cmp x="982" y="1485" width="45" height="34" />
        <cmp x="1023" y="1494" width="40" height="25" />
        <cmp x="1058" y="1493" width="32" height="31" />
        <cmp x="1075" y="1492" width="91" height="51" />
        <cmp x="1169" y="1502" width="36" height="26" />
        <cmp x="1203" y="1473" width="140" height="58" />
        <cmp x="1239" y="1528" width="8" height="4" />
      </word>
      <word id="m02-087-04-05" tag="CS" text="that">
        <cmp x="1399" y="1470" width="69" height="59" />
        <cmp x="1466" y="1470" width="50" height="58" />
      </word>
      <word id="m02-087-04-06" tag="ATI" text="the">
        <cmp x="1555" y="1477" width="58" height="55" />
        <cmp x="1586" y="1479" width="71" height="53" />
      </word>
      <word id="m02-087-04-07" tag="NNS" text="points">
        <cmp x="1685" y="1492" width="94" height="56" />
        <cmp x="1776" y="1497" width="26" height="30" />
        <cmp x="1787" y="1473" width="88" height="65" />
        <cmp x="1810" y="1479" width="6" height="7" />
        <cmp x="1852" y="1502" width="40" height="33" />
      </word>
      <word id="m02-087-04-08" tag="PP3A" text="he">
        <cmp x="1931" y="1471" width="80" height="59" />
      </word>
      <word id="m02-087-04-09" tag="VBD" text="made">
        <cmp x="2045" y="1472" width="145" height="58" />
      </word>
      <upper-contour>
        <point x="328" y="1375" />
        <point x="2076" y="1375" />
      </upper-contour>
      <lower-contour>
        <point x="328" y="1573" />
        <point x="2191" y="1573" />
      </lower-contour>
    </line>
    <line ass="0" asx="0" asy="1646" character-width="999" dss="0" dsx="0" dsy="1728" fd0="14964" fd1="2832" fd2="-1300" filter-width="4" id="m02-087-05" lbs="82" lbx="0" lby="1708" segmentation="ok" slant="50000" stroke-width="6495" threshold="161" text="so sharply in international politics were as abstract" ubs="-162" ubx="0" uby="1674">
      <word id="m02-087-05-00" tag="QL" text="so">
        <cmp x="323" y="1669" width="43" height="40" />
        <cmp x="359" y="1675" width="40" height="35" />
      </word>
      <word id="m02-087-05-01" tag="RB" text="sharply">
        <cmp x="437" y="1679" width="43" height="31" />
        <cmp x="483" y="1656" width="90" height="50" />
        <cmp x="569" y="1672" width="37" height="32" />
        <cmp x="586" y="1669" width="72" height="60" />
        <cmp x="657" y="1647" width="43" height="51" />
        <cmp x="671" y="1667" width="46" height="56" />
      </word>
      <word id="m02-087-05-02" tag="IN" text="in">
        <cmp x="778" y="1667" width="34" height="37" />
        <cmp x="801" y="1668" width="52" height="38" />
        <cmp x="825" y="1647" width="10" height="7" />
      </word>
      <word id="m02-087-05-03" tag="JJ" text="international">
        <cmp x="881" y="1697" width="11" height="5" />
        <cmp x="892" y="1672" width="37" height="34" />
        <cmp x="916" y="1650" width="129" height="58" />
        <cmp x="943" y="1655" width="9" height="9" />
        <cmp x="1034" y="1675" width="86" height="34" />
        <cmp x="1123" y="1651" width="48" height="55" />
        <cmp x="1148" y="1675" width="28" height="31" />
        <cmp x="1171" y="1673" width="111" height="38" />
        <cmp x="1190" y="1656" width="9" height="7" />
        <cmp x="1274" y="1654" width="43" height="60" />
      </word>
      <word id="m02-087-05-04" tag="NN" text="politics">
        <cmp x="1343" y="1671" width="103" height="58" />
        <cmp x="1446" y="1651" width="42" height="50" />
        <cmp x="1467" y="1678" width="23" height="28" />
        <cmp x="1495" y="1648" width="46" height="57" />
        <cmp x="1505" y="1657" width="7" height="6" />
        <cmp x="1539" y="1676" width="28" height="32" />
        <cmp x="1554" y="1651" width="9" height="9" />
        <cmp x="1565" y="1672" width="36" height="36" />
      </word>
      <word id="m02-087-05-05" tag="BED" text="were">
        <cmp x="1668" y="1678" width="152" height="33" />
      </word>
      <word id="m02-087-05-06" tag="QL" text="as">
        <cmp x="1887" y="1677" width="87" height="38" />
      </word>
      <word id="m02-087-05-07" tag="JJ" text="abstract">
        <cmp x="2022" y="1649" width="224" height="64" />
      </word>
      <upper-contour>
        <point x="328" y="1573" />
        <point x="2191" y="1573" />
      </upper-contour>
      <lower-contour>
        <point x="331" y="1729" />
        <point x="2131" y="1729" />
      </lower-contour>
    </line>
    <line ass="18" asx="0" asy="1827" character-width="999" dss="18" dsx="0" dsy="1909" fd0="14922" fd1="3587" fd2="-393" filter-width="4" id="m02-087-06" lbs="44" lbx="0" lby="1884" segmentation="ok" slant="43999" stroke-width="6375" threshold="161" text="to him as those a lawyer makes in a court" ubs="-33" ubx="0" uby="1857">
      <word id="m02-087-06-00" tag="IN" text="to">
        <cmp x="333" y="1831" width="49" height="60" />
        <cmp x="376" y="1854" width="37" height="29" />
      </word>
      <word id="m02-087-06-01" tag="PP3O" text="him">
        <cmp x="479" y="1827" width="55" height="57" />
        <cmp x="526" y="1853" width="28" height="29" />
        <cmp x="547" y="1855" width="73" height="31" />
        <cmp x="569" y="1833" width="7" height="7" />
      </word>
      <word id="m02-087-06-02" tag="IN" text="as">
        <cmp x="689" y="1855" width="45" height="30" />
        <cmp x="729" y="1859" width="39" height="27" />
      </word>
      <word id="m02-087-06-03" tag="DTS" text="those">
        <cmp x="817" y="1827" width="65" height="59" />
        <cmp x="841" y="1831" width="61" height="58" />
        <cmp x="889" y="1854" width="79" height="34" />
      </word>
      <word id="m02-087-06-04" tag="AT" text="a">
        <cmp x="1046" y="1852" width="48" height="36" />
      </word>
      <word id="m02-087-06-05" tag="NN" text="lawyer">
        <cmp x="1170" y="1827" width="58" height="56" />
        <cmp x="1200" y="1850" width="42" height="30" />
        <cmp x="1235" y="1857" width="60" height="27" />
        <cmp x="1274" y="1857" width="57" height="53" />
        <cmp x="1323" y="1851" width="75" height="34" />
      </word>
      <word id="m02-087-06-06" tag="VBZ" text="makes">
        <cmp x="1469" y="1854" width="120" height="31" />
        <cmp x="1584" y="1834" width="65" height="53" />
        <cmp x="1647" y="1858" width="32" height="26" />
      </word>
      <word id="m02-087-06-07" tag="IN" text="in">
        <cmp x="1739" y="1851" width="33" height="35" />
        <cmp x="1757" y="1855" width="59" height="32" />
        <cmp x="1782" y="1834" width="8" height="8" />
      </word>
      <word id="m02-087-06-08" tag="AT" text="a">
        <cmp x="1840" y="1861" width="45" height="30" />
      </word>
      <word id="m02-087-06-09" tag="NN" text="court">
        <cmp x="1948" y="1856" width="106" height="32" />
        <cmp x="2052" y="1828" width="77" height="54" />
      </word>
      <upper-contour>
        <point x="331" y="1729" />
        <point x="2131" y="1729" />
      </upper-contour>
      <lower-contour>
        <point x="331" y="1891" />
        <point x="619" y="1891" />
      </lower-contour>
    </line>
    <line ass="-1757" asx="0" asy="1975" character-width="999" dss="-1757" dsx="0" dsy="2048" fd0="15507" fd1="3529" fd2="89" filter-width="4" id="m02-087-07" lbs="-1276" lbx="0" lby="2046" segmentation="ok" slant="53000" stroke-width="6617" threshold="161" text="of law." ubs="-2719" ubx="0" uby="2013">
      <word id="m02-087-07-00" tag="INO" text="of">
        <cmp x="317" y="2021" width="45" height="36" />
        <cmp x="362" y="1988" width="54" height="64" />
      </word>
      <word id="m02-087-07-01" tag="NN" text="law">
        <cmp x="469" y="1992" width="54" height="67" />
        <cmp x="499" y="2025" width="47" height="34" />
        <cmp x="550" y="2029" width="56" height="28" />
      </word>
      <word id="m02-087-07-02" tag="." text=".">
        <cmp x="612" y="2058" width="7" height="6" />
      </word>
      <upper-contour>
        <point x="331" y="1891" />
        <point x="619" y="1891" />
      </upper-contour>
    </line>
  </handwritten-part>
</form>

