<?xml version="1.0" encoding="ISO-8859-1"?>

<!DOCTYPE form SYSTEM 'http://www.iam.unibe.ch/~fki/iamdb/form-metadata.dtd'>

<form created="2002-01-25" height="3542" id="m03-033" last-modified="2002-07-25" skew="63" status="final" version="3.0_beta" width="2479" writer-id="539">
  <machine-printed-part>
    <machine-print-line text="&apos;Bottle-Foot, my lord.&apos; &apos;Bottle-Foot?&apos; His lordship may have thought I had become" />
    <machine-print-line text="unbalanced through fear. &apos;A character Mr Gilberto mentioned the other day, my lord." />
    <machine-print-line text="A being of whom the forest Indians are said to be mortally afraid, with a hoof shaped" />
    <machine-print-line text="like the heel of a bottle. If your lordship will excuse me a moment...&apos;" />
  </machine-printed-part>
  <handwritten-part>
    <line ass="-271" asx="0" asy="694" character-width="999" dss="-271" dsx="0" dsy="821" fd0="12944" fd1="2650" fd2="-835" filter-width="4" id="m03-033-00" lbs="-360" lbx="0" lby="764" segmentation="err" slant="90000" stroke-width="6069" threshold="182" text="&apos;Bottle-Foot, my lord.&apos; &apos;Bottle-Foot?&apos; His lordship" ubs="-92" ubx="0" uby="747">
      <word id="m03-033-00-00" sentence-start="yes" tag="*&apos;" text="&apos;">
        <cmp x="363" y="721" width="7" height="28" />
      </word>
      <word id="m03-033-00-01" tag="NN" text="Bottle-Foot">
        <cmp x="372" y="725" width="69" height="71" />
        <cmp x="438" y="759" width="50" height="25" />
        <cmp x="470" y="709" width="66" height="73" />
        <cmp x="544" y="710" width="17" height="65" />
        <cmp x="572" y="747" width="52" height="31" />
        <cmp x="645" y="755" width="34" height="11" />
        <cmp x="679" y="718" width="63" height="17" />
        <cmp x="696" y="728" width="41" height="55" />
        <cmp x="729" y="751" width="80" height="30" />
        <cmp x="820" y="712" width="37" height="76" />
        <cmp x="853" y="787" width="11" height="39" />
      </word>
      <word id="m03-033-00-02" tag="," text=",">
        <cmp x="899" y="755" width="59" height="27" />
      </word>
      <word id="m03-033-00-03" tag="PP$" text="my">
        <cmp x="961" y="759" width="47" height="65" />
      </word>
      <word id="m03-033-00-04" tag="NN" text="lord">
        <cmp x="1053" y="722" width="13" height="62" />
        <cmp x="1066" y="756" width="36" height="27" />
        <cmp x="1114" y="759" width="15" height="23" />
        <cmp x="1134" y="719" width="45" height="68" />
      </word>
      <word id="m03-033-00-05" tag="." text=".">
        <cmp x="1204" y="776" width="8" height="8" />
      </word>
      <word id="m03-033-00-06" tag="**&apos;" text="&apos;">
        <cmp x="1227" y="708" width="12" height="29" />
      </word>
      <word id="m03-033-00-07" sentence-start="yes" tag="*&apos;" text="&apos;">
        <cmp x="1278" y="705" width="106" height="92" />
      </word>
      <word id="m03-033-00-08" tag="NN" text="Bottle-Foot">
        <cmp x="1372" y="716" width="57" height="64" />
        <cmp x="1440" y="719" width="17" height="72" />
        <cmp x="1467" y="758" width="49" height="27" />
        <cmp x="1532" y="734" width="76" height="52" />
        <cmp x="1550" y="719" width="54" height="13" />
        <cmp x="1597" y="750" width="84" height="31" />
        <cmp x="1679" y="711" width="42" height="69" />
      </word>
      <word id="m03-033-00-09" tag="?" text="?">
        <cmp x="1727" y="704" width="41" height="58" />
        <cmp x="1744" y="780" width="8" height="10" />
      </word>
      <word id="m03-033-00-10" tag="**&apos;" text="&apos;">
        <cmp x="1790" y="704" width="11" height="20" />
      </word>
      <word id="m03-033-00-11" sentence-start="yes" tag="PP$" text="His">
        <cmp x="1832" y="706" width="62" height="74" />
        <cmp x="1877" y="704" width="14" height="11" />
        <cmp x="1899" y="745" width="30" height="38" />
      </word>
      <word id="m03-033-00-12" tag="NN" text="lordship">
        <cmp x="1962" y="707" width="143" height="74" />
        <cmp x="2109" y="741" width="33" height="43" />
        <cmp x="2143" y="710" width="72" height="72" />
        <cmp x="2194" y="716" width="8" height="9" />
        <cmp x="2215" y="752" width="46" height="63" />
      </word>
      <lower-contour>
        <point x="366" y="826" />
        <point x="2228" y="826" />
      </lower-contour>
    </line>
    <line ass="175" asx="0" asy="881" character-width="999" dss="175" dsx="0" dsy="1027" fd0="13120" fd1="3002" fd2="-263" filter-width="4" id="m03-033-01" lbs="196" lbx="0" lby="965" segmentation="ok" slant="90000" stroke-width="6049" threshold="182" text="may have thought I had become unbalanced" ubs="135" ubx="0" uby="939">
      <word id="m03-033-01-00" tag="MD" text="may">
        <cmp x="368" y="934" width="70" height="38" />
        <cmp x="442" y="928" width="47" height="33" />
        <cmp x="486" y="931" width="49" height="84" />
      </word>
      <word id="m03-033-01-01" tag="HV" text="have">
        <cmp x="571" y="901" width="85" height="62" />
        <cmp x="662" y="937" width="30" height="24" />
        <cmp x="688" y="935" width="33" height="23" />
      </word>
      <word id="m03-033-01-02" tag="VBN" text="thought">
        <cmp x="782" y="892" width="175" height="80" />
        <cmp x="964" y="891" width="103" height="135" />
        <cmp x="1074" y="879" width="20" height="84" />
      </word>
      <word id="m03-033-01-03" tag="PP1A" text="I">
        <cmp x="1136" y="898" width="51" height="19" />
        <cmp x="1155" y="949" width="45" height="14" />
        <cmp x="1167" y="916" width="7" height="34" />
      </word>
      <word id="m03-033-01-04" tag="HVD" text="had">
        <cmp x="1231" y="913" width="41" height="52" />
        <cmp x="1276" y="905" width="87" height="64" />
      </word>
      <word id="m03-033-01-05" tag="VBN" text="become">
        <cmp x="1420" y="906" width="76" height="62" />
        <cmp x="1508" y="932" width="86" height="31" />
        <cmp x="1606" y="932" width="109" height="25" />
      </word>
      <word id="m03-033-01-06" tag="JJ" text="unbalanced">
        <cmp x="1779" y="934" width="102" height="31" />
        <cmp x="1885" y="906" width="37" height="63" />
        <cmp x="1923" y="895" width="114" height="71" />
        <cmp x="2042" y="941" width="45" height="17" />
        <cmp x="2091" y="895" width="136" height="63" />
        <cmp x="2184" y="927" width="15" height="19" />
      </word>
      <upper-contour>
        <point x="366" y="826" />
        <point x="2228" y="826" />
      </upper-contour>
      <lower-contour>
        <point x="366" y="1026" />
        <point x="2228" y="1026" />
      </lower-contour>
    </line>
    <line ass="211" asx="0" asy="1074" character-width="999" dss="211" dsx="0" dsy="1221" fd0="12857" fd1="2275" fd2="-575" filter-width="4" id="m03-033-02" lbs="242" lbx="0" lby="1148" segmentation="ok" slant="90000" stroke-width="6176" threshold="182" text="through fear. &apos;A character Mr Gilberto mentioned" ubs="150" ubx="0" uby="1120">
      <word id="m03-033-02-00" tag="IN" text="through">
        <cmp x="346" y="1074" width="78" height="83" />
        <cmp x="428" y="1114" width="67" height="31" />
        <cmp x="499" y="1125" width="44" height="21" />
        <cmp x="548" y="1084" width="98" height="136" />
      </word>
      <word id="m03-033-02-01" tag="NN" text="fear">
        <cmp x="679" y="1072" width="44" height="116" />
        <cmp x="715" y="1118" width="50" height="34" />
        <cmp x="767" y="1116" width="79" height="29" />
      </word>
      <word id="m03-033-02-02" tag="." text=".">
        <cmp x="870" y="1148" width="14" height="8" />
      </word>
      <word id="m03-033-02-03" sentence-start="yes" tag="*&apos;" text="&apos;">
        <cmp x="912" y="1077" width="16" height="38" />
      </word>
      <word id="m03-033-02-04" tag="AT" text="A">
        <cmp x="951" y="1077" width="38" height="73" />
      </word>
      <word id="m03-033-02-05" tag="NN" text="character">
        <cmp x="1040" y="1113" width="40" height="37" />
        <cmp x="1093" y="1081" width="48" height="64" />
        <cmp x="1148" y="1116" width="51" height="27" />
        <cmp x="1199" y="1115" width="11" height="5" />
        <cmp x="1211" y="1113" width="43" height="25" />
        <cmp x="1257" y="1070" width="79" height="75" />
        <cmp x="1343" y="1110" width="60" height="35" />
      </word>
      <word id="m03-033-02-06" tag="NPT" text="Mr">
        <cmp x="1433" y="1076" width="86" height="74" />
      </word>
      <word id="m03-033-02-07" tag="NP" text="Gilberto">
        <cmp x="1567" y="1084" width="55" height="133" />
        <cmp x="1611" y="1140" width="15" height="15" />
        <cmp x="1640" y="1086" width="18" height="67" />
        <cmp x="1661" y="1070" width="129" height="81" />
        <cmp x="1800" y="1111" width="37" height="26" />
      </word>
      <word id="m03-033-02-08" tag="VBD" text="mentioned">
        <cmp x="1877" y="1119" width="67" height="27" />
        <cmp x="1949" y="1116" width="42" height="28" />
        <cmp x="1997" y="1122" width="48" height="16" />
        <cmp x="2043" y="1079" width="86" height="66" />
        <cmp x="2076" y="1069" width="12" height="6" />
        <cmp x="2138" y="1110" width="77" height="24" />
        <cmp x="2221" y="1069" width="50" height="67" />
      </word>
      <upper-contour>
        <point x="366" y="1026" />
        <point x="2228" y="1026" />
      </upper-contour>
      <lower-contour>
        <point x="344" y="1220" />
        <point x="2272" y="1220" />
      </lower-contour>
    </line>
    <line ass="301" asx="0" asy="1251" character-width="999" dss="301" dsx="0" dsy="1393" fd0="12639" fd1="3235" fd2="354" filter-width="4" id="m03-033-03" lbs="360" lbx="0" lby="1332" segmentation="err" slant="90000" stroke-width="6380" threshold="174" text="to other day, my lord. A being of whom" ubs="185" ubx="0" uby="1303">
      <word id="m03-033-03-00" tag="IN" text="to">
        <cmp x="345" y="1249" width="27" height="76" />
        <cmp x="385" y="1292" width="27" height="22" />
      </word>
      <word id="m03-033-03-01" tag="AP" text="other">
        <cmp x="457" y="1255" width="247" height="78" />
        <cmp x="739" y="1296" width="42" height="31" />
        <cmp x="797" y="1260" width="31" height="63" />
        <cmp x="829" y="1264" width="109" height="62" />
      </word>
      <word id="m03-033-03-02" tag="NN" text="day">
        <cmp x="999" y="1255" width="50" height="79" />
        <cmp x="1064" y="1293" width="89" height="61" />
      </word>
      <word id="m03-033-03-03" tag="," text=",">
        <cmp x="1163" y="1319" width="14" height="40" />
      </word>
      <word id="m03-033-03-04" tag="PP$" text="my">
        <cmp x="1221" y="1303" width="82" height="30" />
        <cmp x="1315" y="1303" width="37" height="65" />
      </word>
      <word id="m03-033-03-05" tag="NN" text="lord">
        <cmp x="1414" y="1255" width="10" height="71" />
        <cmp x="1429" y="1292" width="74" height="32" />
        <cmp x="1504" y="1261" width="41" height="61" />
      </word>
      <word id="m03-033-03-06" tag="." text=".">
        <cmp x="1568" y="1312" width="8" height="6" />
      </word>
      <word id="m03-033-03-07" sentence-start="yes" tag="AT" text="A">
        <cmp x="1632" y="1254" width="31" height="69" />
      </word>
      <word id="m03-033-03-08" tag="NN" text="being">
        <cmp x="1717" y="1269" width="99" height="58" />
        <cmp x="1796" y="1259" width="14" height="15" />
        <cmp x="1829" y="1301" width="39" height="19" />
        <cmp x="1874" y="1300" width="28" height="84" />
      </word>
      <word id="m03-033-03-09" tag="INO" text="of">
        <cmp x="1945" y="1291" width="31" height="25" />
        <cmp x="1985" y="1245" width="36" height="121" />
      </word>
      <word id="m03-033-03-10" tag="WPO" text="whom">
        <cmp x="2095" y="1251" width="109" height="67" />
        <cmp x="2206" y="1288" width="41" height="26" />
        <cmp x="2250" y="1297" width="73" height="18" />
      </word>
      <upper-contour>
        <point x="344" y="1220" />
        <point x="2272" y="1220" />
      </upper-contour>
      <lower-contour>
        <point x="357" y="1384" />
        <point x="2124" y="1384" />
      </lower-contour>
    </line>
    <line ass="-98" asx="0" asy="1427" character-width="999" dss="-98" dsx="0" dsy="1540" fd0="13268" fd1="3088" fd2="21" filter-width="4" id="m03-033-04" lbs="-86" lbx="0" lby="1501" segmentation="ok" slant="90000" stroke-width="6013" threshold="172" text="the forest Indians are said to be mortally" ubs="-121" ubx="0" uby="1478">
      <word id="m03-033-04-00" tag="ATI" text="the">
        <cmp x="359" y="1431" width="29" height="67" />
        <cmp x="403" y="1435" width="111" height="76" />
      </word>
      <word id="m03-033-04-01" tag="NN" text="forest">
        <cmp x="564" y="1429" width="40" height="112" />
        <cmp x="597" y="1476" width="68" height="29" />
        <cmp x="670" y="1477" width="64" height="35" />
        <cmp x="722" y="1482" width="5" height="6" />
        <cmp x="741" y="1431" width="24" height="78" />
      </word>
      <word id="m03-033-04-02" tag="NNPS" text="Indians">
        <cmp x="812" y="1445" width="47" height="13" />
        <cmp x="828" y="1458" width="30" height="52" />
        <cmp x="878" y="1449" width="119" height="56" />
        <cmp x="973" y="1444" width="13" height="7" />
        <cmp x="1003" y="1476" width="100" height="25" />
        <cmp x="1109" y="1479" width="32" height="27" />
      </word>
      <word id="m03-033-04-03" tag="BER" text="are">
        <cmp x="1208" y="1474" width="36" height="26" />
        <cmp x="1260" y="1480" width="13" height="24" />
        <cmp x="1277" y="1481" width="45" height="20" />
      </word>
      <word id="m03-033-04-04" tag="VBN" text="said">
        <cmp x="1367" y="1470" width="35" height="36" />
        <cmp x="1403" y="1439" width="139" height="60" />
        <cmp x="1466" y="1443" width="13" height="6" />
      </word>
      <word id="m03-033-04-05" tag="TO" text="to">
        <cmp x="1580" y="1455" width="27" height="55" />
        <cmp x="1622" y="1481" width="33" height="26" />
      </word>
      <word id="m03-033-04-06" tag="BE" text="be">
        <cmp x="1705" y="1459" width="76" height="50" />
      </word>
      <word id="m03-033-04-07" tag="RB" text="mortally">
        <cmp x="1828" y="1488" width="76" height="27" />
        <cmp x="1905" y="1485" width="62" height="24" />
        <cmp x="1964" y="1443" width="24" height="64" />
        <cmp x="1993" y="1442" width="92" height="56" />
        <cmp x="2087" y="1472" width="36" height="63" />
      </word>
      <upper-contour>
        <point x="357" y="1384" />
        <point x="2124" y="1384" />
      </upper-contour>
      <lower-contour>
        <point x="357" y="1541" />
        <point x="2124" y="1541" />
      </lower-contour>
    </line>
    <line ass="589" asx="0" asy="1615" character-width="999" dss="589" dsx="0" dsy="1736" fd0="13097" fd1="2617" fd2="-180" filter-width="4" id="m03-033-05" lbs="607" lbx="0" lby="1694" segmentation="ok" slant="94000" stroke-width="6074" threshold="172" text="afraid, with a hoof shaped like the heel" ubs="553" ubx="0" uby="1666">
      <word id="m03-033-05-00" tag="JJ" text="afraid">
        <cmp x="350" y="1649" width="39" height="33" />
        <cmp x="399" y="1610" width="58" height="92" />
        <cmp x="459" y="1630" width="130" height="53" />
        <cmp x="512" y="1624" width="17" height="8" />
      </word>
      <word id="m03-033-05-01" tag="," text=",">
        <cmp x="600" y="1682" width="17" height="35" />
      </word>
      <word id="m03-033-05-02" tag="IN" text="with">
        <cmp x="651" y="1662" width="66" height="27" />
        <cmp x="714" y="1624" width="16" height="13" />
        <cmp x="728" y="1663" width="14" height="19" />
        <cmp x="750" y="1614" width="93" height="75" />
      </word>
      <word id="m03-033-05-03" tag="AT" text="a">
        <cmp x="897" y="1651" width="38" height="28" />
      </word>
      <word id="m03-033-05-04" tag="NN" text="hoof">
        <cmp x="986" y="1618" width="67" height="79" />
        <cmp x="1060" y="1657" width="31" height="23" />
        <cmp x="1097" y="1661" width="31" height="21" />
        <cmp x="1141" y="1615" width="40" height="104" />
      </word>
      <word id="m03-033-05-05" tag="VBN" text="shaped">
        <cmp x="1245" y="1656" width="34" height="36" />
        <cmp x="1301" y="1625" width="52" height="59" />
        <cmp x="1357" y="1655" width="40" height="25" />
        <cmp x="1408" y="1664" width="43" height="58" />
        <cmp x="1453" y="1625" width="85" height="56" />
      </word>
      <word id="m03-033-05-06" tag="IN" text="like">
        <cmp x="1592" y="1626" width="64" height="54" />
        <cmp x="1627" y="1622" width="17" height="11" />
        <cmp x="1660" y="1627" width="95" height="55" />
      </word>
      <word id="m03-033-05-07" tag="ATI" text="the">
        <cmp x="1791" y="1616" width="139" height="68" />
      </word>
      <word id="m03-033-05-08" tag="NN" text="heel">
        <cmp x="1972" y="1616" width="61" height="57" />
        <cmp x="2038" y="1643" width="86" height="27" />
        <cmp x="2118" y="1604" width="24" height="69" />
      </word>
      <upper-contour>
        <point x="357" y="1541" />
        <point x="2124" y="1541" />
      </upper-contour>
      <lower-contour>
        <point x="348" y="1722" />
        <point x="2143" y="1722" />
      </lower-contour>
    </line>
    <line ass="321" asx="0" asy="1791" character-width="999" dss="321" dsx="0" dsy="1922" fd0="12914" fd1="2521" fd2="-453" filter-width="4" id="m03-033-06" lbs="403" lbx="0" lby="1869" segmentation="ok" slant="91000" stroke-width="6163" threshold="182" text="of a bottle. If your lordship will excuse me" ubs="157" ubx="0" uby="1837">
      <word id="m03-033-06-00" tag="INO" text="of">
        <cmp x="350" y="1825" width="33" height="30" />
        <cmp x="396" y="1791" width="33" height="108" />
      </word>
      <word id="m03-033-06-01" tag="AT" text="a">
        <cmp x="485" y="1832" width="46" height="28" />
      </word>
      <word id="m03-033-06-02" tag="NN" text="bottle">
        <cmp x="563" y="1804" width="87" height="63" />
        <cmp x="637" y="1792" width="63" height="73" />
        <cmp x="665" y="1789" width="12" height="9" />
        <cmp x="712" y="1790" width="24" height="70" />
        <cmp x="743" y="1826" width="46" height="30" />
      </word>
      <word id="m03-033-06-03" tag="." text=".">
        <cmp x="814" y="1855" width="9" height="8" />
      </word>
      <word id="m03-033-06-04" sentence-start="yes" tag="CS" text="If">
        <cmp x="860" y="1792" width="46" height="13" />
        <cmp x="883" y="1806" width="25" height="60" />
        <cmp x="920" y="1789" width="43" height="118" />
      </word>
      <word id="m03-033-06-05" tag="PP$" text="your">
        <cmp x="1027" y="1840" width="44" height="77" />
        <cmp x="1076" y="1834" width="97" height="27" />
        <cmp x="1180" y="1833" width="24" height="31" />
      </word>
      <word id="m03-033-06-06" tag="NN" text="lordship">
        <cmp x="1253" y="1805" width="20" height="54" />
        <cmp x="1274" y="1832" width="69" height="26" />
        <cmp x="1352" y="1796" width="50" height="61" />
        <cmp x="1414" y="1801" width="154" height="100" />
        <cmp x="1499" y="1802" width="16" height="11" />
      </word>
      <word id="m03-033-06-07" tag="MD" text="will">
        <cmp x="1616" y="1839" width="57" height="22" />
        <cmp x="1669" y="1803" width="16" height="14" />
        <cmp x="1679" y="1838" width="13" height="16" />
        <cmp x="1691" y="1800" width="51" height="59" />
      </word>
      <word id="m03-033-06-08" tag="VB" text="excuse">
        <cmp x="1763" y="1827" width="95" height="40" />
        <cmp x="1859" y="1834" width="100" height="31" />
        <cmp x="1959" y="1831" width="72" height="29" />
      </word>
      <word id="m03-033-06-09" tag="PP1O" text="me">
        <cmp x="2063" y="1832" width="119" height="27" />
      </word>
      <upper-contour>
        <point x="348" y="1722" />
        <point x="2143" y="1722" />
      </upper-contour>
      <lower-contour>
        <point x="348" y="1907" />
        <point x="997" y="1907" />
      </lower-contour>
    </line>
    <line ass="180" asx="0" asy="1964" character-width="999" dss="180" dsx="0" dsy="2051" fd0="13631" fd1="4166" fd2="1527" filter-width="4" id="m03-033-07" lbs="769" lbx="0" lby="2049" segmentation="ok" slant="87000" stroke-width="5947" threshold="182" text="a moment...&apos;" ubs="-996" ubx="0" uby="2014">
      <word id="m03-033-07-00" tag="AT" text="a">
        <cmp x="348" y="2014" width="46" height="32" />
      </word>
      <word id="m03-033-07-01" tag="NN" text="moment">
        <cmp x="471" y="2020" width="78" height="31" />
        <cmp x="556" y="2010" width="40" height="28" />
        <cmp x="614" y="2014" width="113" height="30" />
        <cmp x="735" y="2024" width="57" height="14" />
        <cmp x="803" y="1963" width="32" height="76" />
      </word>
      <word id="m03-033-07-02" tag="..." text="...">
        <cmp x="865" y="2030" width="10" height="7" />
        <cmp x="888" y="2037" width="5" height="4" />
        <cmp x="892" y="2035" width="9" height="4" />
        <cmp x="928" y="2035" width="10" height="5" />
      </word>
      <word id="m03-033-07-03" tag="**&apos;" text="&apos;">
        <cmp x="982" y="1974" width="14" height="34" />
      </word>
      <upper-contour>
        <point x="348" y="1907" />
        <point x="997" y="1907" />
      </upper-contour>
    </line>
  </handwritten-part>
</form>

