<?xml version="1.0" encoding="ISO-8859-1"?>

<!DOCTYPE form SYSTEM 'http://www.iam.unibe.ch/~fki/iamdb/form-metadata.dtd'>

<form created="2002-01-25" height="3542" id="m03-006" last-modified="2002-07-17" skew="127" status="final" version="3.0_beta" width="2479" writer-id="536">
  <machine-printed-part>
    <machine-print-line text="&apos;Something&apos;s up,&apos; said Lord Undertone, carefully casual. &apos;The servants are all on" />
    <machine-print-line text="edge... did you notice? And the mules didn&apos;t seem to want to get off the raft.&apos; He" />
    <machine-print-line text="peered as it were into the dark secrets of the jungle. &apos;Think there&apos;s Indians about?&apos;" />
    <machine-print-line text="It was most certainly an eerie night, exceptionally brilliant and strange, for in the" />
    <machine-print-line text="proximity of the mountains, whose presence I could almost smell, the air grew less" />
    <machine-print-line text="humid and as there was no moon the galaxies had it their own way so that the forest" />
    <machine-print-line text="looked ever more mysterious in their faint, silver light." />
  </machine-printed-part>
  <handwritten-part>
    <line ass="425" asx="0" asy="927" character-width="999" dss="425" dsx="0" dsy="1048" fd0="14205" fd1="2386" fd2="-1491" filter-width="3" id="m03-006-00" lbs="515" lbx="0" lby="995" segmentation="err" slant="73000" stroke-width="5670" threshold="189" text="&apos;Something&apos;s up,&apos; said Lord Undertone," ubs="245" ubx="0" uby="960">
      <word id="m03-006-00-00" sentence-start="yes" tag="*&apos;" text="&apos;">
        <cmp x="357" y="985" width="16" height="35" />
        <cmp x="367" y="984" width="18" height="34" />
      </word>
      <word id="m03-006-00-01" tag="PN" text="Something">
        <cmp x="399" y="956" width="54" height="40" />
        <cmp x="419" y="929" width="34" height="28" />
        <cmp x="450" y="933" width="7" height="6" />
        <cmp x="456" y="952" width="154" height="46" />
        <cmp x="604" y="925" width="109" height="67" />
        <cmp x="713" y="928" width="10" height="9" />
        <cmp x="715" y="956" width="86" height="85" />
      </word>
      <word id="m03-006-00-02" tag="BEZ" text="&apos;s">
        <cmp x="818" y="934" width="10" height="27" />
        <cmp x="836" y="951" width="41" height="42" />
      </word>
      <word id="m03-006-00-03" tag="RP" text="up">
        <cmp x="923" y="955" width="99" height="87" />
      </word>
      <word id="m03-006-00-04" tag="," text=",">
        <cmp x="1034" y="986" width="11" height="23" />
        <cmp x="1045" y="986" width="18" height="25" />
        <cmp x="1076" y="921" width="13" height="25" />
      </word>
      <word id="m03-006-00-05" tag="**&apos;" text="&apos;">
        <cmp x="1086" y="921" width="13" height="20" />
      </word>
      <word id="m03-006-00-06" tag="VBD" text="said">
        <cmp x="1096" y="945" width="100" height="47" />
        <cmp x="1138" y="947" width="5" height="6" />
        <cmp x="1196" y="933" width="74" height="61" />
        <cmp x="1204" y="927" width="7" height="6" />
      </word>
      <word id="m03-006-00-07" tag="NPT" text="Lord">
        <cmp x="1318" y="929" width="100" height="57" />
        <cmp x="1411" y="931" width="60" height="57" />
      </word>
      <word id="m03-006-00-08" tag="NP" text="Undertone">
        <cmp x="1524" y="922" width="244" height="68" />
        <cmp x="1755" y="945" width="138" height="42" />
      </word>
      <word id="m03-006-00-09" tag="," text=",">
        <cmp x="1901" y="980" width="22" height="34" />
      </word>
      <lower-contour>
        <point x="368" y="1042" />
        <point x="1923" y="1042" />
      </lower-contour>
    </line>
    <line ass="318" asx="0" asy="1101" character-width="999" dss="318" dsx="0" dsy="1212" fd0="14127" fd1="2421" fd2="-1479" filter-width="3" id="m03-006-01" lbs="383" lbx="0" lby="1175" segmentation="err" slant="59999" stroke-width="5537" threshold="182" text="carefully casual. &apos;The servants are all on" ubs="186" ubx="0" uby="1139">
      <word id="m03-006-01-00" tag="RB" text="carefully">
        <cmp x="370" y="1128" width="40" height="45" />
        <cmp x="411" y="1124" width="127" height="49" />
        <cmp x="539" y="1099" width="216" height="111" />
      </word>
      <word id="m03-006-01-01" tag="JJ" text="casual">
        <cmp x="817" y="1125" width="52" height="45" />
        <cmp x="868" y="1125" width="46" height="47" />
        <cmp x="916" y="1125" width="42" height="45" />
        <cmp x="958" y="1130" width="49" height="42" />
        <cmp x="1013" y="1105" width="93" height="65" />
      </word>
      <word id="m03-006-01-02" tag="." text=".">
        <cmp x="1116" y="1160" width="13" height="14" />
      </word>
      <word id="m03-006-01-03" sentence-start="yes" tag="*&apos;" text="&apos;">
        <cmp x="1177" y="1166" width="12" height="24" />
        <cmp x="1188" y="1160" width="3" height="3" />
      </word>
      <word id="m03-006-01-04" tag="ATI" text="The">
        <cmp x="1193" y="1165" width="13" height="26" />
        <cmp x="1240" y="1102" width="59" height="15" />
        <cmp x="1253" y="1114" width="21" height="55" />
        <cmp x="1282" y="1108" width="73" height="57" />
      </word>
      <word id="m03-006-01-05" tag="NNS" text="servants">
        <cmp x="1404" y="1121" width="158" height="49" />
        <cmp x="1548" y="1100" width="166" height="68" />
      </word>
      <word id="m03-006-01-06" tag="BER" text="are">
        <cmp x="1757" y="1121" width="127" height="51" />
      </word>
      <word id="m03-006-01-07" tag="ABN" text="all">
        <cmp x="1928" y="1104" width="125" height="66" />
      </word>
      <word id="m03-006-01-08" tag="IN" text="on">
        <cmp x="2072" y="1124" width="131" height="43" />
      </word>
      <upper-contour>
        <point x="368" y="1042" />
        <point x="1923" y="1042" />
      </upper-contour>
      <lower-contour>
        <point x="375" y="1209" />
        <point x="2099" y="1209" />
      </lower-contour>
    </line>
    <line ass="695" asx="0" asy="1292" character-width="999" dss="695" dsx="0" dsy="1406" fd0="13883" fd1="2266" fd2="-1245" filter-width="3" id="m03-006-02" lbs="644" lbx="0" lby="1356" segmentation="ok" slant="63000" stroke-width="5681" threshold="182" text="edge... did you notice? And the mules" ubs="795" ubx="0" uby="1333">
      <word id="m03-006-02-00" tag="NN" text="edge">
        <cmp x="377" y="1286" width="170" height="116" />
      </word>
      <word id="m03-006-02-01" tag="..." text="...">
        <cmp x="586" y="1340" width="6" height="8" />
        <cmp x="613" y="1341" width="10" height="7" />
        <cmp x="649" y="1342" width="11" height="10" />
      </word>
      <word id="m03-006-02-02" tag="DOD" text="did">
        <cmp x="729" y="1292" width="84" height="62" />
        <cmp x="816" y="1289" width="68" height="60" />
        <cmp x="819" y="1287" width="10" height="9" />
      </word>
      <word id="m03-006-02-03" tag="PP2" text="you">
        <cmp x="922" y="1318" width="48" height="76" />
        <cmp x="973" y="1311" width="125" height="39" />
      </word>
      <word id="m03-006-02-04" tag="VB" text="notice">
        <cmp x="1150" y="1311" width="42" height="39" />
        <cmp x="1181" y="1280" width="117" height="71" />
        <cmp x="1308" y="1305" width="88" height="46" />
        <cmp x="1309" y="1291" width="13" height="9" />
        <cmp x="1333" y="1310" width="15" height="11" />
      </word>
      <word id="m03-006-02-05" tag="?" text="?">
        <cmp x="1422" y="1280" width="38" height="22" />
        <cmp x="1433" y="1344" width="8" height="5" />
        <cmp x="1434" y="1306" width="26" height="11" />
        <cmp x="1437" y="1299" width="6" height="4" />
      </word>
      <word id="m03-006-02-06" sentence-start="yes" tag="CC" text="And">
        <cmp x="1483" y="1282" width="84" height="66" />
        <cmp x="1552" y="1289" width="85" height="58" />
        <cmp x="1554" y="1327" width="5" height="5" />
      </word>
      <word id="m03-006-02-07" tag="ATI" text="the">
        <cmp x="1664" y="1275" width="142" height="64" />
      </word>
      <word id="m03-006-02-08" tag="NNS" text="mules">
        <cmp x="1840" y="1277" width="258" height="72" />
      </word>
      <upper-contour>
        <point x="375" y="1209" />
        <point x="2099" y="1209" />
      </upper-contour>
      <lower-contour>
        <point x="376" y="1401" />
        <point x="2099" y="1401" />
      </lower-contour>
    </line>
    <line ass="410" asx="0" asy="1455" character-width="999" dss="410" dsx="0" dsy="1577" fd0="13759" fd1="2307" fd2="-1170" filter-width="4" id="m03-006-03" lbs="525" lbx="0" lby="1528" segmentation="ok" slant="64000" stroke-width="5901" threshold="182" text="didn&apos;t seem to want to get off the raft.&apos;" ubs="180" ubx="0" uby="1491">
      <word id="m03-006-03-00" tag="DODX" text="didn&apos;t">
        <cmp x="378" y="1472" width="83" height="67" />
        <cmp x="460" y="1474" width="12" height="5" />
        <cmp x="461" y="1472" width="129" height="61" />
        <cmp x="617" y="1476" width="21" height="28" />
        <cmp x="638" y="1470" width="48" height="54" />
      </word>
      <word id="m03-006-03-01" tag="VB" text="seem">
        <cmp x="739" y="1482" width="44" height="45" />
        <cmp x="781" y="1481" width="183" height="50" />
      </word>
      <word id="m03-006-03-02" tag="TO" text="to">
        <cmp x="1006" y="1469" width="51" height="54" />
        <cmp x="1052" y="1483" width="40" height="40" />
      </word>
      <word id="m03-006-03-03" tag="VB" text="want">
        <cmp x="1145" y="1477" width="57" height="47" />
        <cmp x="1200" y="1459" width="160" height="66" />
      </word>
      <word id="m03-006-03-04" tag="TO" text="to">
        <cmp x="1387" y="1462" width="43" height="64" />
        <cmp x="1421" y="1486" width="45" height="36" />
      </word>
      <word id="m03-006-03-05" tag="VB" text="get">
        <cmp x="1516" y="1451" width="142" height="117" />
      </word>
      <word id="m03-006-03-06" tag="IN" text="off">
        <cmp x="1691" y="1446" width="108" height="110" />
      </word>
      <word id="m03-006-03-07" tag="ATI" text="the">
        <cmp x="1818" y="1457" width="132" height="71" />
      </word>
      <word id="m03-006-03-08" tag="NN" text="raft">
        <cmp x="1994" y="1481" width="39" height="39" />
        <cmp x="2023" y="1441" width="122" height="118" />
      </word>
      <word id="m03-006-03-09" tag="." text=".">
        <cmp x="2145" y="1508" width="13" height="10" />
      </word>
      <word id="m03-006-03-10" tag="**&apos;" text="&apos;">
        <cmp x="2190" y="1450" width="14" height="26" />
        <cmp x="2199" y="1457" width="13" height="22" />
      </word>
      <upper-contour>
        <point x="376" y="1401" />
        <point x="2099" y="1401" />
      </upper-contour>
      <lower-contour>
        <point x="400" y="1568" />
        <point x="2213" y="1568" />
      </lower-contour>
    </line>
    <line ass="325" asx="0" asy="1634" character-width="999" dss="325" dsx="0" dsy="1748" fd0="13560" fd1="2156" fd2="-1675" filter-width="4" id="m03-006-04" lbs="330" lbx="0" lby="1709" segmentation="ok" slant="68999" stroke-width="5778" threshold="182" text="He peered as it were into the dark secrets" ubs="314" ubx="0" uby="1669">
      <word id="m03-006-04-00" sentence-start="yes" tag="PP3A" text="He">
        <cmp x="402" y="1645" width="82" height="67" />
      </word>
      <word id="m03-006-04-01" tag="VBD" text="peered">
        <cmp x="535" y="1672" width="62" height="74" />
        <cmp x="597" y="1665" width="152" height="45" />
        <cmp x="750" y="1652" width="83" height="53" />
      </word>
      <word id="m03-006-04-02" tag="CS" text="as">
        <cmp x="866" y="1670" width="55" height="40" />
        <cmp x="916" y="1669" width="45" height="41" />
      </word>
      <word id="m03-006-04-03" tag="PP3" text="it">
        <cmp x="1017" y="1664" width="17" height="42" />
        <cmp x="1036" y="1644" width="10" height="10" />
        <cmp x="1041" y="1646" width="50" height="60" />
      </word>
      <word id="m03-006-04-04" tag="BED" text="were">
        <cmp x="1138" y="1659" width="173" height="52" />
      </word>
      <word id="m03-006-04-05" tag="IN" text="into">
        <cmp x="1353" y="1664" width="21" height="43" />
        <cmp x="1369" y="1644" width="12" height="6" />
        <cmp x="1379" y="1626" width="120" height="77" />
      </word>
      <word id="m03-006-04-06" tag="ATI" text="the">
        <cmp x="1535" y="1634" width="135" height="70" />
      </word>
      <word id="m03-006-04-07" tag="JJ" text="dark">
        <cmp x="1708" y="1629" width="187" height="74" />
      </word>
      <word id="m03-006-04-08" tag="NNS" text="secrets">
        <cmp x="1954" y="1657" width="43" height="41" />
        <cmp x="1994" y="1626" width="227" height="79" />
      </word>
      <upper-contour>
        <point x="400" y="1568" />
        <point x="2213" y="1568" />
      </upper-contour>
      <lower-contour>
        <point x="400" y="1745" />
        <point x="2042" y="1745" />
      </lower-contour>
    </line>
    <line ass="855" asx="0" asy="1809" character-width="999" dss="855" dsx="0" dsy="1950" fd0="13492" fd1="2437" fd2="-1303" filter-width="4" id="m03-006-05" lbs="909" lbx="0" lby="1901" segmentation="err" slant="65000" stroke-width="5828" threshold="182" text="of the jungle. &apos;Think there&apos;s Indians" ubs="746" ubx="0" uby="1868">
      <word id="m03-006-05-00" tag="INO" text="of">
        <cmp x="383" y="1803" width="94" height="106" />
      </word>
      <word id="m03-006-05-01" tag="ATI" text="the">
        <cmp x="521" y="1814" width="125" height="74" />
      </word>
      <word id="m03-006-05-02" tag="NN" text="jungle">
        <cmp x="699" y="1843" width="49" height="86" />
        <cmp x="745" y="1806" width="19" height="8" />
        <cmp x="751" y="1812" width="237" height="127" />
      </word>
      <word id="m03-006-05-03" tag="." text=".">
        <cmp x="1014" y="1873" width="13" height="7" />
      </word>
      <word id="m03-006-05-04" sentence-start="yes" tag="*&apos;" text="&apos;">
        <cmp x="1086" y="1889" width="12" height="19" />
      </word>
      <word id="m03-006-05-05" tag="VB" text="Think">
        <cmp x="1099" y="1885" width="12" height="23" />
        <cmp x="1142" y="1811" width="115" height="66" />
        <cmp x="1157" y="1822" width="23" height="60" />
        <cmp x="1252" y="1810" width="107" height="79" />
        <cmp x="1257" y="1816" width="10" height="6" />
      </word>
      <word id="m03-006-05-06" tag="EX" text="there">
        <cmp x="1394" y="1811" width="78" height="78" />
        <cmp x="1450" y="1844" width="157" height="47" />
        <cmp x="1619" y="1820" width="14" height="22" />
      </word>
      <word id="m03-006-05-07" tag="BEZ" text="&apos;s">
        <cmp x="1631" y="1810" width="6" height="9" />
        <cmp x="1615" y="1848" width="42" height="44" />
      </word>
      <word id="m03-006-05-08" tag="NNPS" text="Indians">
        <cmp x="1713" y="1811" width="29" height="72" />
        <cmp x="1735" y="1818" width="137" height="67" />
        <cmp x="1871" y="1821" width="12" height="5" />
        <cmp x="1874" y="1832" width="167" height="49" />
      </word>
      <upper-contour>
        <point x="400" y="1745" />
        <point x="2042" y="1745" />
      </upper-contour>
      <lower-contour>
        <point x="381" y="1939" />
        <point x="2042" y="1939" />
      </lower-contour>
    </line>
    <line ass="55" asx="0" asy="1983" character-width="999" dss="55" dsx="0" dsy="2106" fd0="14025" fd1="2504" fd2="-1399" filter-width="4" id="m03-006-06" lbs="30" lbx="0" lby="2055" segmentation="err" slant="59000" stroke-width="5742" threshold="182" text="about?&apos; It was most certainly an eerie" ubs="105" ubx="0" uby="2029">
      <word id="m03-006-06-00" tag="RP" text="about">
        <cmp x="379" y="1983" width="108" height="82" />
        <cmp x="492" y="1990" width="168" height="81" />
      </word>
      <word id="m03-006-06-01" tag="?" text="?">
        <cmp x="684" y="2052" width="8" height="9" />
        <cmp x="686" y="1991" width="32" height="40" />
        <cmp x="739" y="1994" width="14" height="17" />
        <cmp x="751" y="1994" width="12" height="21" />
      </word>
      <word id="m03-006-06-02" tag="**&apos;" text="&apos;">
        <cmp x="801" y="1998" width="34" height="67" />
      </word>
      <word id="m03-006-06-03" sentence-start="yes" tag="PP3" text="It">
        <cmp x="827" y="1997" width="43" height="68" />
      </word>
      <word id="m03-006-06-04" tag="BEDZ" text="was">
        <cmp x="919" y="2014" width="144" height="52" />
      </word>
      <word id="m03-006-06-05" tag="QL" text="most">
        <cmp x="1101" y="1998" width="195" height="71" />
      </word>
      <word id="m03-006-06-06" tag="RB" text="certainly">
        <cmp x="1339" y="1994" width="167" height="72" />
        <cmp x="1372" y="2015" width="13" height="19" />
        <cmp x="1495" y="2024" width="70" height="46" />
        <cmp x="1568" y="2013" width="15" height="8" />
        <cmp x="1574" y="2000" width="141" height="106" />
      </word>
      <word id="m03-006-06-07" tag="AT" text="an">
        <cmp x="1761" y="2014" width="132" height="51" />
      </word>
      <word id="m03-006-06-08" tag="JJ" text="eerie">
        <cmp x="1925" y="2015" width="154" height="45" />
        <cmp x="2071" y="1995" width="19" height="9" />
        <cmp x="2077" y="2009" width="60" height="47" />
      </word>
      <upper-contour>
        <point x="381" y="1939" />
        <point x="2042" y="1939" />
      </upper-contour>
      <lower-contour>
        <point x="377" y="2106" />
        <point x="2138" y="2106" />
      </lower-contour>
    </line>
    <line ass="-193" asx="0" asy="2163" character-width="999" dss="-193" dsx="0" dsy="2292" fd0="13986" fd1="2074" fd2="-1981" filter-width="4" id="m03-006-07" lbs="-176" lbx="0" lby="2232" segmentation="ok" slant="63000" stroke-width="5875" threshold="182" text="night, exceptionally brilliant and strange," ubs="-228" ubx="0" uby="2197">
      <word id="m03-006-07-00" tag="NN" text="night">
        <cmp x="374" y="2200" width="75" height="46" />
        <cmp x="443" y="2184" width="11" height="7" />
        <cmp x="453" y="2165" width="165" height="130" />
      </word>
      <word id="m03-006-07-01" tag="," text=",">
        <cmp x="632" y="2224" width="14" height="25" />
      </word>
      <word id="m03-006-07-02" tag="RB" text="exceptionally">
        <cmp x="670" y="2193" width="106" height="53" />
        <cmp x="782" y="2192" width="133" height="89" />
        <cmp x="913" y="2171" width="48" height="65" />
        <cmp x="957" y="2197" width="49" height="44" />
        <cmp x="965" y="2172" width="21" height="15" />
        <cmp x="1005" y="2203" width="55" height="38" />
        <cmp x="1057" y="2171" width="159" height="114" />
      </word>
      <word id="m03-006-07-03" tag="JJ" text="brilliant">
        <cmp x="1254" y="2179" width="48" height="59" />
        <cmp x="1299" y="2203" width="57" height="43" />
        <cmp x="1350" y="2183" width="116" height="69" />
        <cmp x="1353" y="2185" width="17" height="7" />
        <cmp x="1469" y="2185" width="180" height="66" />
        <cmp x="1472" y="2189" width="13" height="5" />
      </word>
      <word id="m03-006-07-04" tag="CC" text="and">
        <cmp x="1683" y="2177" width="197" height="61" />
      </word>
      <word id="m03-006-07-05" tag="JJ" text="strange">
        <cmp x="1931" y="2191" width="44" height="39" />
        <cmp x="1970" y="2169" width="301" height="122" />
      </word>
      <word id="m03-006-07-06" tag="," text=",">
        <cmp x="2276" y="2230" width="22" height="32" />
      </word>
      <upper-contour>
        <point x="377" y="2106" />
        <point x="2138" y="2106" />
      </upper-contour>
      <lower-contour>
        <point x="384" y="2294" />
        <point x="2297" y="2294" />
      </lower-contour>
    </line>
    <line ass="395" asx="0" asy="2338" character-width="999" dss="395" dsx="0" dsy="2475" fd0="13871" fd1="2493" fd2="-1041" filter-width="4" id="m03-006-08" lbs="397" lbx="0" lby="2422" segmentation="ok" slant="59999" stroke-width="5839" threshold="182" text="for in the proximity of the mountains," ubs="390" ubx="0" uby="2398">
      <word id="m03-006-08-00" tag="CS" text="for">
        <cmp x="386" y="2336" width="136" height="113" />
      </word>
      <word id="m03-006-08-01" tag="IN" text="in">
        <cmp x="570" y="2384" width="24" height="35" />
        <cmp x="589" y="2380" width="6" height="4" />
        <cmp x="597" y="2378" width="69" height="36" />
        <cmp x="598" y="2348" width="12" height="7" />
      </word>
      <word id="m03-006-08-02" tag="ATI" text="the">
        <cmp x="732" y="2354" width="163" height="65" />
        <cmp x="769" y="2348" width="8" height="6" />
      </word>
      <word id="m03-006-08-03" tag="NN" text="proximity">
        <cmp x="909" y="2388" width="87" height="72" />
        <cmp x="1005" y="2383" width="45" height="39" />
        <cmp x="1043" y="2380" width="55" height="48" />
        <cmp x="1111" y="2385" width="52" height="41" />
        <cmp x="1170" y="2390" width="17" height="34" />
        <cmp x="1185" y="2361" width="14" height="12" />
        <cmp x="1194" y="2378" width="115" height="45" />
        <cmp x="1307" y="2363" width="9" height="8" />
        <cmp x="1314" y="2368" width="86" height="99" />
        <cmp x="1350" y="2358" width="6" height="6" />
      </word>
      <word id="m03-006-08-04" tag="INO" text="of">
        <cmp x="1436" y="2345" width="116" height="100" />
      </word>
      <word id="m03-006-08-05" tag="ATI" text="the">
        <cmp x="1597" y="2348" width="139" height="69" />
        <cmp x="1635" y="2349" width="6" height="5" />
      </word>
      <word id="m03-006-08-06" tag="NNS" text="mountains">
        <cmp x="1795" y="2351" width="323" height="76" />
        <cmp x="1807" y="2374" width="6" height="6" />
        <cmp x="2116" y="2361" width="75" height="54" />
        <cmp x="2193" y="2376" width="45" height="36" />
        <cmp x="2200" y="2348" width="10" height="4" />
        <cmp x="2239" y="2367" width="52" height="48" />
      </word>
      <word id="m03-006-08-07" tag="," text=",">
        <cmp x="2272" y="2410" width="24" height="28" />
      </word>
      <upper-contour>
        <point x="384" y="2294" />
        <point x="2297" y="2294" />
      </upper-contour>
      <lower-contour>
        <point x="384" y="2467" />
        <point x="2140" y="2467" />
      </lower-contour>
    </line>
    <line ass="51" asx="0" asy="2513" character-width="999" dss="51" dsx="0" dsy="2644" fd0="13962" fd1="2393" fd2="-1940" filter-width="4" id="m03-006-09" lbs="190" lbx="0" lby="2598" segmentation="ok" slant="65000" stroke-width="5777" threshold="182" text="whose presence I could almost smell," ubs="-228" ubx="0" uby="2555">
      <word id="m03-006-09-00" tag="WP$" text="whose">
        <cmp x="365" y="2540" width="46" height="55" />
        <cmp x="414" y="2513" width="179" height="82" />
      </word>
      <word id="m03-006-09-01" tag="NN" text="presence">
        <cmp x="619" y="2562" width="66" height="83" />
        <cmp x="682" y="2558" width="80" height="49" />
        <cmp x="775" y="2554" width="267" height="50" />
      </word>
      <word id="m03-006-09-02" tag="PP1A" text="I">
        <cmp x="1081" y="2521" width="34" height="80" />
      </word>
      <word id="m03-006-09-03" tag="MD" text="could">
        <cmp x="1148" y="2532" width="277" height="71" />
      </word>
      <word id="m03-006-09-04" tag="RB" text="almost">
        <cmp x="1481" y="2526" width="190" height="74" />
        <cmp x="1676" y="2553" width="42" height="39" />
        <cmp x="1719" y="2523" width="89" height="68" />
      </word>
      <word id="m03-006-09-05" tag="VB" text="smell">
        <cmp x="1843" y="2549" width="53" height="42" />
        <cmp x="1887" y="2551" width="75" height="54" />
        <cmp x="1971" y="2522" width="139" height="78" />
      </word>
      <word id="m03-006-09-06" tag="," text=",">
        <cmp x="2112" y="2586" width="27" height="39" />
      </word>
      <upper-contour>
        <point x="384" y="2467" />
        <point x="2140" y="2467" />
      </upper-contour>
    </line>
  </handwritten-part>
</form>

