<?xml version="1.0" encoding="ISO-8859-1"?>

<!DOCTYPE form SYSTEM 'http://www.iam.unibe.ch/~fki/iamdb/form-metadata.dtd'>

<form created="2002-01-25" height="3542" id="m03-118" last-modified="2002-07-17" skew="-30" status="final" version="3.0_beta" width="2479" writer-id="543">
  <machine-printed-part>
    <machine-print-line text="But after what Mrs Caine had said it was never far from our minds that at any" />
    <machine-print-line text="moment we were to receive a summons. I could see that Mr Septimus was impatient" />
    <machine-print-line text="for it. This afternoon, then, we climbed a promontory, a mass of clean rock crowned" />
    <machine-print-line text="with trees and bushes, that stood well out over the lake." />
  </machine-printed-part>
  <handwritten-part>
    <line ass="6" asx="0" asy="748" character-width="999" dss="6" dsx="0" dsy="808" fd0="12769" fd1="3086" fd2="160" filter-width="4" id="m03-118-00" lbs="-13" lbx="0" lby="788" segmentation="ok" slant="97000" stroke-width="5869" threshold="171" text="But after what Mrs Caine had said it was never" ubs="46" ubx="0" uby="770">
      <word id="m03-118-00-00" sentence-start="yes" tag="CC" text="But">
        <cmp x="369" y="748" width="130" height="43" />
      </word>
      <word id="m03-118-00-01" tag="IN" text="after">
        <cmp x="516" y="756" width="166" height="53" />
      </word>
      <word id="m03-118-00-02" tag="WDT" text="what">
        <cmp x="711" y="751" width="153" height="38" />
      </word>
      <word id="m03-118-00-03" tag="NPT" text="Mrs">
        <cmp x="910" y="757" width="120" height="36" />
      </word>
      <word id="m03-118-00-04" tag="NP" text="Caine">
        <cmp x="1059" y="760" width="179" height="33" />
      </word>
      <word id="m03-118-00-05" tag="HVD" text="had">
        <cmp x="1262" y="753" width="142" height="38" />
      </word>
      <word id="m03-118-00-06" tag="VBN" text="said">
        <cmp x="1424" y="755" width="183" height="39" />
        <cmp x="1545" y="760" width="19" height="13" />
      </word>
      <word id="m03-118-00-07" tag="PP3" text="it">
        <cmp x="1655" y="753" width="51" height="40" />
        <cmp x="1661" y="755" width="16" height="7" />
      </word>
      <word id="m03-118-00-08" tag="BEDZ" text="was">
        <cmp x="1737" y="769" width="128" height="23" />
      </word>
      <word id="m03-118-00-09" tag="RB" text="never">
        <cmp x="1906" y="763" width="187" height="28" />
      </word>
      <lower-contour>
        <point x="373" y="810" />
        <point x="2085" y="810" />
      </lower-contour>
    </line>
    <line ass="140" asx="0" asy="931" character-width="999" dss="140" dsx="0" dsy="986" fd0="12961" fd1="2994" fd2="403" filter-width="4" id="m03-118-01" lbs="161" lbx="0" lby="967" segmentation="ok" slant="116000" stroke-width="5761" threshold="172" text="far from our minds that at any moment we were" ubs="96" ubx="0" uby="948">
      <word id="m03-118-01-00" tag="RB" text="far">
        <cmp x="375" y="941" width="97" height="45" />
      </word>
      <word id="m03-118-01-01" tag="IN" text="from">
        <cmp x="507" y="936" width="145" height="43" />
      </word>
      <word id="m03-118-01-02" tag="PP$" text="our">
        <cmp x="690" y="944" width="102" height="25" />
      </word>
      <word id="m03-118-01-03" tag="NNS" text="minds">
        <cmp x="812" y="933" width="201" height="36" />
      </word>
      <word id="m03-118-01-04" tag="CS" text="that">
        <cmp x="1055" y="929" width="133" height="38" />
      </word>
      <word id="m03-118-01-05" tag="IN" text="at">
        <cmp x="1223" y="928" width="67" height="34" />
      </word>
      <word id="m03-118-01-06" tag="DTI" text="any">
        <cmp x="1328" y="944" width="138" height="40" />
      </word>
      <word id="m03-118-01-07" tag="NN" text="moment">
        <cmp x="1486" y="953" width="4" height="4" />
        <cmp x="1488" y="942" width="188" height="21" />
        <cmp x="1673" y="944" width="37" height="17" />
        <cmp x="1709" y="928" width="32" height="37" />
      </word>
      <word id="m03-118-01-08" tag="PP1AS" text="we">
        <cmp x="1771" y="945" width="93" height="22" />
      </word>
      <word id="m03-118-01-09" tag="BED" text="were">
        <cmp x="1903" y="945" width="181" height="23" />
        <cmp x="2037" y="928" width="4" height="4" />
      </word>
      <upper-contour>
        <point x="373" y="810" />
        <point x="2085" y="810" />
      </upper-contour>
      <lower-contour>
        <point x="373" y="986" />
        <point x="2085" y="986" />
      </lower-contour>
    </line>
    <line ass="-120" asx="0" asy="1099" character-width="999" dss="-120" dsx="0" dsy="1152" fd0="12857" fd1="3173" fd2="349" filter-width="4" id="m03-118-02" lbs="-117" lbx="0" lby="1138" segmentation="ok" slant="100000" stroke-width="5800" threshold="171" text="to receive a summons. I could see that Mr Septimus" ubs="-125" ubx="0" uby="1121">
      <word id="m03-118-02-00" tag="TO" text="to">
        <cmp x="371" y="1109" width="63" height="34" />
      </word>
      <word id="m03-118-02-01" tag="VB" text="receive">
        <cmp x="481" y="1119" width="214" height="24" />
        <cmp x="607" y="1112" width="12" height="7" />
      </word>
      <word id="m03-118-02-02" tag="AT" text="a">
        <cmp x="742" y="1122" width="52" height="18" />
      </word>
      <word id="m03-118-02-03" tag="NN" text="summons">
        <cmp x="817" y="1123" width="307" height="21" />
      </word>
      <word id="m03-118-02-04" tag="." text=".">
        <cmp x="1144" y="1137" width="17" height="9" />
      </word>
      <word id="m03-118-02-05" sentence-start="yes" tag="PP1A" text="I">
        <cmp x="1207" y="1104" width="51" height="36" />
      </word>
      <word id="m03-118-02-06" tag="MD" text="could">
        <cmp x="1285" y="1104" width="193" height="37" />
      </word>
      <word id="m03-118-02-07" tag="VB" text="see">
        <cmp x="1511" y="1121" width="98" height="20" />
      </word>
      <word id="m03-118-02-08" tag="CS" text="that">
        <cmp x="1628" y="1108" width="129" height="35" />
      </word>
      <word id="m03-118-02-09" tag="NPT" text="Mr">
        <cmp x="1803" y="1113" width="81" height="38" />
        <cmp x="1867" y="1137" width="8" height="5" />
      </word>
      <word id="m03-118-02-10" tag="NP" text="Septimus">
        <cmp x="1917" y="1104" width="148" height="54" />
        <cmp x="2063" y="1113" width="134" height="38" />
      </word>
      <upper-contour>
        <point x="373" y="986" />
        <point x="2085" y="986" />
      </upper-contour>
      <lower-contour>
        <point x="369" y="1158" />
        <point x="2090" y="1158" />
      </lower-contour>
    </line>
    <line ass="-65" asx="0" asy="1281" character-width="999" dss="-65" dsx="0" dsy="1340" fd0="13253" fd1="3174" fd2="-13" filter-width="4" id="m03-118-03" lbs="-66" lbx="0" lby="1322" segmentation="ok" slant="101000" stroke-width="5783" threshold="171" text="was impatient for it. This afternoon, then, we climbed" ubs="-63" ubx="0" uby="1302">
      <word id="m03-118-03-00" tag="BEDZ" text="was">
        <cmp x="364" y="1294" width="132" height="26" />
      </word>
      <word id="m03-118-03-01" tag="JJ" text="impatient">
        <cmp x="527" y="1299" width="10" height="21" />
        <cmp x="534" y="1289" width="10" height="20" />
        <cmp x="548" y="1301" width="57" height="17" />
        <cmp x="609" y="1296" width="53" height="41" />
        <cmp x="663" y="1287" width="125" height="38" />
        <cmp x="707" y="1283" width="17" height="6" />
        <cmp x="784" y="1291" width="22" height="32" />
      </word>
      <word id="m03-118-03-02" tag="IN" text="for">
        <cmp x="843" y="1289" width="92" height="48" />
      </word>
      <word id="m03-118-03-03" tag="PP3" text="it">
        <cmp x="969" y="1291" width="15" height="7" />
        <cmp x="970" y="1307" width="7" height="17" />
        <cmp x="990" y="1290" width="28" height="37" />
      </word>
      <word id="m03-118-03-04" tag="." text=".">
        <cmp x="1028" y="1317" width="10" height="6" />
      </word>
      <word id="m03-118-03-05" sentence-start="yes" tag="DT" text="This">
        <cmp x="1078" y="1286" width="44" height="11" />
        <cmp x="1097" y="1296" width="11" height="31" />
        <cmp x="1116" y="1297" width="99" height="34" />
        <cmp x="1161" y="1290" width="13" height="9" />
      </word>
      <word id="m03-118-03-06" tag="NN" text="afternoon">
        <cmp x="1248" y="1292" width="285" height="47" />
      </word>
      <word id="m03-118-03-07" tag="," text=",">
        <cmp x="1560" y="1320" width="8" height="18" />
      </word>
      <word id="m03-118-03-08" tag="RN" text="then">
        <cmp x="1584" y="1292" width="116" height="35" />
      </word>
      <word id="m03-118-03-09" tag="," text=",">
        <cmp x="1708" y="1323" width="6" height="19" />
      </word>
      <word id="m03-118-03-10" tag="PP1AS" text="we">
        <cmp x="1735" y="1300" width="96" height="22" />
      </word>
      <word id="m03-118-03-11" tag="VBD" text="climbed">
        <cmp x="1843" y="1289" width="246" height="39" />
        <cmp x="1922" y="1297" width="6" height="13" />
      </word>
      <upper-contour>
        <point x="369" y="1158" />
        <point x="2090" y="1158" />
      </upper-contour>
      <lower-contour>
        <point x="362" y="1342" />
        <point x="2052" y="1342" />
      </lower-contour>
    </line>
    <line ass="56" asx="0" asy="1471" character-width="999" dss="56" dsx="0" dsy="1524" fd0="12693" fd1="2704" fd2="-31" filter-width="3" id="m03-118-04" lbs="29" lbx="0" lby="1504" segmentation="ok" slant="106000" stroke-width="5593" threshold="172" text="a promontory, a mass of clean rock crowned with" ubs="109" ubx="0" uby="1487">
      <word id="m03-118-04-00" tag="AT" text="a">
        <cmp x="363" y="1482" width="53" height="22" />
      </word>
      <word id="m03-118-04-01" tag="NN" text="promontory">
        <cmp x="444" y="1481" width="217" height="39" />
        <cmp x="661" y="1471" width="119" height="51" />
      </word>
      <word id="m03-118-04-02" tag="," text=",">
        <cmp x="801" y="1503" width="9" height="21" />
      </word>
      <word id="m03-118-04-03" tag="AT" text="a">
        <cmp x="835" y="1488" width="38" height="19" />
      </word>
      <word id="m03-118-04-04" tag="NN" text="mass">
        <cmp x="899" y="1486" width="169" height="22" />
      </word>
      <word id="m03-118-04-05" tag="INO" text="of">
        <cmp x="1099" y="1475" width="67" height="46" />
      </word>
      <word id="m03-118-04-06" tag="JJ" text="clean">
        <cmp x="1195" y="1476" width="163" height="31" />
      </word>
      <word id="m03-118-04-07" tag="NN" text="rock">
        <cmp x="1381" y="1483" width="56" height="27" />
        <cmp x="1439" y="1478" width="69" height="29" />
      </word>
      <word id="m03-118-04-08" tag="VBN" text="crowned">
        <cmp x="1539" y="1484" width="38" height="22" />
        <cmp x="1575" y="1472" width="238" height="35" />
      </word>
      <word id="m03-118-04-09" tag="IN" text="with">
        <cmp x="1862" y="1483" width="87" height="25" />
        <cmp x="1938" y="1478" width="13" height="5" />
        <cmp x="1960" y="1471" width="91" height="34" />
      </word>
      <upper-contour>
        <point x="362" y="1342" />
        <point x="2052" y="1342" />
      </upper-contour>
      <lower-contour>
        <point x="361" y="1524" />
        <point x="2052" y="1524" />
      </lower-contour>
    </line>
    <line ass="-190" asx="0" asy="1646" character-width="999" dss="-190" dsx="0" dsy="1696" fd0="12785" fd1="2645" fd2="-17" filter-width="3" id="m03-118-05" lbs="-168" lbx="0" lby="1680" segmentation="ok" slant="96000" stroke-width="5685" threshold="170" text="trees and bushes, that stood well out over the lake." ubs="-234" ubx="0" uby="1659">
      <word id="m03-118-05-00" tag="NNS" text="trees">
        <cmp x="355" y="1650" width="147" height="35" />
      </word>
      <word id="m03-118-05-01" tag="CC" text="and">
        <cmp x="544" y="1652" width="114" height="30" />
      </word>
      <word id="m03-118-05-02" tag="NNS" text="bushes">
        <cmp x="687" y="1652" width="219" height="33" />
      </word>
      <word id="m03-118-05-03" tag="," text=",">
        <cmp x="935" y="1682" width="7" height="18" />
      </word>
      <word id="m03-118-05-04" tag="WP" text="that">
        <cmp x="962" y="1650" width="130" height="35" />
      </word>
      <word id="m03-118-05-05" tag="VBD" text="stood">
        <cmp x="1125" y="1665" width="30" height="22" />
        <cmp x="1158" y="1653" width="96" height="34" />
      </word>
      <word id="m03-118-05-06" tag="RB" text="well">
        <cmp x="1291" y="1655" width="124" height="30" />
        <cmp x="1417" y="1679" width="8" height="3" />
      </word>
      <word id="m03-118-05-07" tag="RP" text="out">
        <cmp x="1443" y="1653" width="117" height="34" />
      </word>
      <word id="m03-118-05-08" tag="IN" text="over">
        <cmp x="1605" y="1664" width="131" height="24" />
      </word>
      <word id="m03-118-05-09" tag="ATI" text="the">
        <cmp x="1767" y="1651" width="108" height="38" />
      </word>
      <word id="m03-118-05-10" tag="NN" text="lake">
        <cmp x="1907" y="1657" width="154" height="31" />
      </word>
      <word id="m03-118-05-11" tag="." text=".">
        <cmp x="2076" y="1682" width="19" height="6" />
      </word>
      <upper-contour>
        <point x="361" y="1524" />
        <point x="2052" y="1524" />
      </upper-contour>
    </line>
  </handwritten-part>
</form>

