<?xml version="1.0" encoding="ISO-8859-1"?>

<!DOCTYPE form SYSTEM 'http://www.iam.unibe.ch/~fki/iamdb/form-metadata.dtd'>

<form created="2002-01-25" height="3542" id="m03-114" last-modified="2002-07-17" skew="-63" status="final" version="3.0_beta" width="2479" writer-id="542">
  <machine-printed-part>
    <machine-print-line text="But all three were to the casual observation I permitted myself unruffled; Mr Septimus" />
    <machine-print-line text="reserved and certainly very thoughtful, but that was his habit. Indeed we were all" />
    <machine-print-line text="invaded by a most tranquil mood. Even the Indian servants relaxed, knowing, so Mr" />
    <machine-print-line text="Gilberto told us, that the wild and savage tribes never approached this region: at" />
    <machine-print-line text="any rate they remained with us, perhaps for such protection as our presence, or Mrs" />
    <machine-print-line text="Caine&apos;s, afforded, sticking rather to their quarters, going no further than the beach" />
    <machine-print-line text="to fish, whereas we ourselves explored the whole neighbourhood, half, I think with an" />
    <machine-print-line text="eye to fabulous remains." />
  </machine-printed-part>
  <handwritten-part>
    <line ass="-509" asx="0" asy="855" character-width="999" dss="-509" dsx="0" dsy="976" fd0="12694" fd1="2502" fd2="-1537" filter-width="3" id="m03-114-00" lbs="-430" lbx="0" lby="966" segmentation="ok" slant="95000" stroke-width="5482" threshold="187" text="But all three were to the casual" ubs="-667" ubx="0" uby="917">
      <word id="m03-114-00-00" sentence-start="yes" tag="CC" text="But">
        <cmp x="387" y="879" width="119" height="97" />
        <cmp x="502" y="873" width="26" height="97" />
      </word>
      <word id="m03-114-00-01" tag="ABN" text="all">
        <cmp x="588" y="873" width="112" height="102" />
      </word>
      <word id="m03-114-00-02" tag="CD" text="three">
        <cmp x="790" y="863" width="95" height="112" />
        <cmp x="883" y="926" width="103" height="56" />
      </word>
      <word id="m03-114-00-03" tag="BED" text="were">
        <cmp x="1073" y="922" width="159" height="67" />
      </word>
      <word id="m03-114-00-04" tag="IN" text="to">
        <cmp x="1303" y="881" width="80" height="83" />
      </word>
      <word id="m03-114-00-05" tag="ATI" text="the">
        <cmp x="1438" y="878" width="116" height="106" />
      </word>
      <word id="m03-114-00-06" tag="JJ" text="casual">
        <cmp x="1622" y="931" width="99" height="51" />
        <cmp x="1722" y="927" width="96" height="60" />
        <cmp x="1812" y="884" width="94" height="100" />
      </word>
      <lower-contour>
        <point x="385" y="989" />
        <point x="1907" y="989" />
      </lower-contour>
    </line>
    <line ass="-505" asx="0" asy="1038" character-width="999" dss="-505" dsx="0" dsy="1195" fd0="12593" fd1="2534" fd2="-1734" filter-width="3" id="m03-114-01" lbs="-476" lbx="0" lby="1146" segmentation="ok" slant="90000" stroke-width="5591" threshold="185" text="observation I permitted myself unruffled;" ubs="-562" ubx="0" uby="1103">
      <word id="m03-114-01-00" tag="NN" text="observation">
        <cmp x="368" y="1067" width="82" height="86" />
        <cmp x="451" y="1099" width="32" height="21" />
        <cmp x="459" y="1102" width="116" height="54" />
        <cmp x="575" y="1101" width="30" height="51" />
        <cmp x="608" y="1105" width="48" height="50" />
        <cmp x="657" y="1062" width="141" height="95" />
        <cmp x="694" y="1092" width="8" height="10" />
      </word>
      <word id="m03-114-01-01" tag="PP1A" text="I">
        <cmp x="899" y="1068" width="48" height="81" />
        <cmp x="910" y="1155" width="38" height="21" />
      </word>
      <word id="m03-114-01-02" tag="VBD" text="permitted">
        <cmp x="1008" y="1111" width="33" height="78" />
        <cmp x="1048" y="1111" width="127" height="48" />
        <cmp x="1163" y="1083" width="8" height="14" />
        <cmp x="1186" y="1076" width="67" height="87" />
        <cmp x="1251" y="1074" width="50" height="85" />
      </word>
      <word id="m03-114-01-03" tag="PPL" text="myself">
        <cmp x="1378" y="1106" width="133" height="100" />
        <cmp x="1533" y="1059" width="139" height="145" />
      </word>
      <word id="m03-114-01-04" tag="JJ" text="unruffled">
        <cmp x="1747" y="1116" width="84" height="38" />
        <cmp x="1838" y="1056" width="200" height="151" />
        <cmp x="2040" y="1061" width="48" height="86" />
      </word>
      <word id="m03-114-01-05" tag=";" text=";">
        <cmp x="2101" y="1145" width="34" height="70" />
        <cmp x="2128" y="1114" width="7" height="12" />
      </word>
      <upper-contour>
        <point x="385" y="989" />
        <point x="1907" y="989" />
      </upper-contour>
      <lower-contour>
        <point x="388" y="1215" />
        <point x="2131" y="1215" />
      </lower-contour>
    </line>
    <line ass="-9" asx="0" asy="1242" character-width="999" dss="-9" dsx="0" dsy="1408" fd0="12577" fd1="2606" fd2="-1305" filter-width="3" id="m03-114-02" lbs="84" lbx="0" lby="1332" segmentation="ok" slant="90000" stroke-width="5644" threshold="184" text="Mr Septimus reserved and certainly very" ubs="-195" ubx="0" uby="1285">
      <word id="m03-114-02-00" tag="NPT" text="Mr">
        <cmp x="390" y="1243" width="54" height="97" />
        <cmp x="441" y="1286" width="32" height="42" />
      </word>
      <word id="m03-114-02-01" tag="NP" text="Septimus">
        <cmp x="583" y="1248" width="123" height="123" />
        <cmp x="712" y="1243" width="51" height="87" />
        <cmp x="752" y="1260" width="11" height="19" />
        <cmp x="773" y="1282" width="159" height="55" />
      </word>
      <word id="m03-114-02-02" tag="JJ" text="reserved">
        <cmp x="1021" y="1263" width="248" height="77" />
      </word>
      <word id="m03-114-02-03" tag="CC" text="and">
        <cmp x="1336" y="1262" width="141" height="75" />
      </word>
      <word id="m03-114-02-04" tag="RB" text="certainly">
        <cmp x="1573" y="1282" width="114" height="54" />
        <cmp x="1683" y="1256" width="95" height="73" />
        <cmp x="1775" y="1274" width="7" height="13" />
        <cmp x="1786" y="1243" width="123" height="161" />
      </word>
      <word id="m03-114-02-05" tag="QL" text="very">
        <cmp x="1987" y="1285" width="27" height="51" />
        <cmp x="2026" y="1290" width="104" height="121" />
      </word>
      <upper-contour>
        <point x="388" y="1215" />
        <point x="2131" y="1215" />
      </upper-contour>
      <lower-contour>
        <point x="388" y="1404" />
        <point x="2105" y="1411" />
        <point x="2131" y="1411" />
      </lower-contour>
    </line>
    <line ass="-193" asx="0" asy="1406" character-width="999" dss="-193" dsx="0" dsy="1579" fd0="12604" fd1="2565" fd2="-1364" filter-width="3" id="m03-114-03" lbs="-204" lbx="0" lby="1501" segmentation="ok" slant="92999" stroke-width="5566" threshold="185" text="thoughtful, but that was his habit. Indeed" ubs="-171" ubx="0" uby="1462">
      <word id="m03-114-03-00" tag="JJ" text="thoughtful">
        <cmp x="385" y="1410" width="79" height="97" />
        <cmp x="455" y="1459" width="90" height="49" />
        <cmp x="532" y="1421" width="108" height="162" />
        <cmp x="631" y="1410" width="142" height="151" />
      </word>
      <word id="m03-114-03-01" tag="," text=",">
        <cmp x="833" y="1494" width="9" height="45" />
      </word>
      <word id="m03-114-03-02" tag="CC" text="but">
        <cmp x="867" y="1422" width="31" height="84" />
        <cmp x="907" y="1464" width="56" height="45" />
        <cmp x="954" y="1420" width="37" height="92" />
      </word>
      <word id="m03-114-03-03" tag="DT" text="that">
        <cmp x="1058" y="1410" width="138" height="106" />
        <cmp x="1186" y="1413" width="37" height="95" />
      </word>
      <word id="m03-114-03-04" tag="BEDZ" text="was">
        <cmp x="1288" y="1460" width="132" height="56" />
      </word>
      <word id="m03-114-03-05" tag="PP$" text="his">
        <cmp x="1510" y="1429" width="79" height="78" />
        <cmp x="1571" y="1447" width="14" height="15" />
        <cmp x="1589" y="1461" width="37" height="44" />
      </word>
      <word id="m03-114-03-06" tag="NN" text="habit">
        <cmp x="1691" y="1428" width="82" height="82" />
        <cmp x="1771" y="1425" width="35" height="80" />
        <cmp x="1818" y="1466" width="7" height="44" />
        <cmp x="1825" y="1431" width="10" height="11" />
        <cmp x="1834" y="1431" width="30" height="72" />
      </word>
      <word id="m03-114-03-07" tag="." text=".">
        <cmp x="1906" y="1503" width="9" height="8" />
      </word>
      <word id="m03-114-03-08" sentence-start="yes" tag="RB" text="Indeed">
        <cmp x="1962" y="1431" width="8" height="85" />
        <cmp x="1978" y="1474" width="48" height="41" />
        <cmp x="2028" y="1425" width="147" height="95" />
      </word>
      <upper-contour>
        <point x="388" y="1404" />
        <point x="2105" y="1411" />
        <point x="2131" y="1411" />
      </upper-contour>
      <lower-contour>
        <point x="383" y="1583" />
        <point x="2165" y="1518" />
        <point x="2176" y="1518" />
      </lower-contour>
    </line>
    <line ass="-66" asx="0" asy="1579" character-width="999" dss="-66" dsx="0" dsy="1750" fd0="12812" fd1="2493" fd2="-1336" filter-width="4" id="m03-114-04" lbs="-55" lbx="0" lby="1687" segmentation="ok" slant="90000" stroke-width="5737" threshold="183" text="we were all invaded by a most tranquil" ubs="-88" ubx="0" uby="1640">
      <word id="m03-114-04-00" tag="PP1AS" text="we">
        <cmp x="373" y="1637" width="92" height="53" />
      </word>
      <word id="m03-114-04-01" tag="BED" text="were">
        <cmp x="548" y="1642" width="68" height="49" />
        <cmp x="620" y="1641" width="116" height="52" />
      </word>
      <word id="m03-114-04-02" tag="ABN" text="all">
        <cmp x="809" y="1593" width="90" height="95" />
      </word>
      <word id="m03-114-04-03" tag="VBN" text="invaded">
        <cmp x="1011" y="1623" width="12" height="16" />
        <cmp x="1013" y="1642" width="9" height="47" />
        <cmp x="1034" y="1641" width="42" height="56" />
        <cmp x="1077" y="1595" width="147" height="99" />
        <cmp x="1224" y="1596" width="51" height="97" />
      </word>
      <word id="m03-114-04-04" tag="IN" text="by">
        <cmp x="1360" y="1590" width="30" height="94" />
        <cmp x="1399" y="1645" width="40" height="91" />
      </word>
      <word id="m03-114-04-05" tag="AT" text="a">
        <cmp x="1495" y="1644" width="49" height="51" />
      </word>
      <word id="m03-114-04-06" tag="QL" text="most">
        <cmp x="1591" y="1647" width="72" height="48" />
        <cmp x="1656" y="1650" width="35" height="37" />
        <cmp x="1685" y="1619" width="80" height="77" />
      </word>
      <word id="m03-114-04-07" tag="JJ" text="tranquil">
        <cmp x="1847" y="1602" width="70" height="79" />
        <cmp x="1911" y="1640" width="44" height="51" />
        <cmp x="1953" y="1646" width="43" height="47" />
        <cmp x="1997" y="1643" width="36" height="110" />
        <cmp x="2038" y="1646" width="69" height="47" />
        <cmp x="2110" y="1622" width="19" height="11" />
        <cmp x="2134" y="1583" width="44" height="112" />
      </word>
      <upper-contour>
        <point x="383" y="1583" />
        <point x="2165" y="1518" />
        <point x="2176" y="1518" />
      </upper-contour>
      <lower-contour>
        <point x="371" y="1753" />
        <point x="2179" y="1753" />
      </lower-contour>
    </line>
    <line ass="-706" asx="0" asy="1749" character-width="999" dss="-706" dsx="0" dsy="1912" fd0="13060" fd1="2406" fd2="-1447" filter-width="3" id="m03-114-05" lbs="-760" lbx="0" lby="1848" segmentation="ok" slant="91000" stroke-width="5566" threshold="185" text="mood. Even the Indian servants relaxed, knowing," ubs="-597" ubx="0" uby="1809">
      <word id="m03-114-05-00" tag="NN" text="mood">
        <cmp x="368" y="1805" width="78" height="55" />
        <cmp x="443" y="1777" width="121" height="90" />
      </word>
      <word id="m03-114-05-01" tag="." text=".">
        <cmp x="609" y="1855" width="13" height="10" />
      </word>
      <word id="m03-114-05-02" sentence-start="yes" tag="RB" text="Even">
        <cmp x="689" y="1777" width="88" height="86" />
        <cmp x="777" y="1815" width="91" height="50" />
      </word>
      <word id="m03-114-05-03" tag="ATI" text="the">
        <cmp x="910" y="1771" width="122" height="96" />
      </word>
      <word id="m03-114-05-04" tag="JNP" text="Indian">
        <cmp x="1122" y="1776" width="22" height="89" />
        <cmp x="1141" y="1813" width="9" height="9" />
        <cmp x="1145" y="1832" width="53" height="34" />
        <cmp x="1199" y="1776" width="60" height="93" />
        <cmp x="1249" y="1794" width="10" height="19" />
        <cmp x="1262" y="1816" width="96" height="52" />
      </word>
      <word id="m03-114-05-05" tag="NNS" text="servants">
        <cmp x="1406" y="1817" width="114" height="50" />
        <cmp x="1526" y="1820" width="83" height="45" />
        <cmp x="1620" y="1777" width="50" height="96" />
      </word>
      <word id="m03-114-05-06" tag="VBD" text="relaxed">
        <cmp x="1758" y="1771" width="98" height="98" />
        <cmp x="1863" y="1825" width="130" height="53" />
        <cmp x="1987" y="1794" width="53" height="77" />
      </word>
      <word id="m03-114-05-07" tag="," text=",">
        <cmp x="2073" y="1861" width="9" height="25" />
      </word>
      <word id="m03-114-05-08" tag="VBG" text="knowing">
        <cmp x="2101" y="1786" width="86" height="92" />
        <cmp x="2180" y="1831" width="107" height="47" />
        <cmp x="2279" y="1821" width="70" height="68" />
        <cmp x="2341" y="1839" width="45" height="103" />
      </word>
      <word id="m03-114-05-09" tag="," text=",">
        <cmp x="2414" y="1887" width="17" height="30" />
      </word>
      <upper-contour>
        <point x="371" y="1753" />
        <point x="2179" y="1753" />
      </upper-contour>
      <lower-contour>
        <point x="366" y="1886" />
        <point x="2293" y="1886" />
      </lower-contour>
    </line>
    <line ass="-779" asx="0" asy="1931" character-width="999" dss="-779" dsx="0" dsy="2099" fd0="13019" fd1="2601" fd2="-1158" filter-width="3" id="m03-114-06" lbs="-745" lbx="0" lby="2025" segmentation="ok" slant="90000" stroke-width="5472" threshold="186" text="so Mr Gilberto told us, that the wild and" ubs="-848" ubx="0" uby="1985">
      <word id="m03-114-06-00" tag="PN" text="so">
        <cmp x="362" y="1995" width="78" height="48" />
      </word>
      <word id="m03-114-06-01" tag="NPT" text="Mr">
        <cmp x="542" y="1962" width="57" height="76" />
        <cmp x="598" y="1988" width="35" height="40" />
      </word>
      <word id="m03-114-06-02" tag="NP" text="Gilberto">
        <cmp x="680" y="1966" width="103" height="144" />
        <cmp x="790" y="1957" width="52" height="96" />
        <cmp x="843" y="1951" width="139" height="97" />
        <cmp x="976" y="2005" width="38" height="38" />
      </word>
      <word id="m03-114-06-03" tag="VBD" text="told">
        <cmp x="1103" y="1956" width="29" height="75" />
        <cmp x="1130" y="1947" width="83" height="97" />
        <cmp x="1213" y="1975" width="52" height="69" />
      </word>
      <word id="m03-114-06-04" tag="PP1OS" text="us">
        <cmp x="1321" y="2011" width="53" height="39" />
        <cmp x="1370" y="1997" width="35" height="47" />
      </word>
      <word id="m03-114-06-05" tag="," text=",">
        <cmp x="1474" y="2037" width="10" height="53" />
      </word>
      <word id="m03-114-06-06" tag="CS" text="that">
        <cmp x="1525" y="1955" width="93" height="92" />
        <cmp x="1606" y="2012" width="45" height="39" />
        <cmp x="1661" y="1969" width="20" height="73" />
      </word>
      <word id="m03-114-06-07" tag="ATI" text="the">
        <cmp x="1739" y="1959" width="126" height="88" />
      </word>
      <word id="m03-114-06-08" tag="JJ" text="wild">
        <cmp x="1896" y="2006" width="67" height="51" />
        <cmp x="1966" y="1961" width="50" height="97" />
        <cmp x="2016" y="1966" width="39" height="90" />
      </word>
      <word id="m03-114-06-09" tag="CC" text="and">
        <cmp x="2140" y="2016" width="48" height="34" />
        <cmp x="2190" y="2021" width="51" height="43" />
        <cmp x="2242" y="1977" width="51" height="86" />
      </word>
      <upper-contour>
        <point x="366" y="1886" />
        <point x="2293" y="1886" />
      </upper-contour>
      <lower-contour>
        <point x="360" y="2110" />
        <point x="2260" y="2110" />
      </lower-contour>
    </line>
    <line ass="-347" asx="0" asy="2113" character-width="999" dss="-347" dsx="0" dsy="2290" fd0="13100" fd1="2526" fd2="-1665" filter-width="3" id="m03-114-07" lbs="-239" lbx="0" lby="2215" segmentation="ok" slant="90000" stroke-width="5513" threshold="185" text="savage tribes never approached this region: at" ubs="-565" ubx="0" uby="2175">
      <word id="m03-114-07-00" tag="JJ" text="savage">
        <cmp x="355" y="2175" width="98" height="47" />
        <cmp x="453" y="2173" width="27" height="51" />
        <cmp x="487" y="2177" width="105" height="99" />
      </word>
      <word id="m03-114-07-01" tag="NNS" text="tribes">
        <cmp x="670" y="2140" width="79" height="67" />
        <cmp x="747" y="2118" width="117" height="99" />
      </word>
      <word id="m03-114-07-02" tag="RB" text="never">
        <cmp x="913" y="2171" width="72" height="46" />
        <cmp x="992" y="2172" width="22" height="44" />
        <cmp x="1018" y="2174" width="57" height="47" />
      </word>
      <word id="m03-114-07-03" tag="VBD" text="approached">
        <cmp x="1146" y="2181" width="88" height="73" />
        <cmp x="1237" y="2181" width="35" height="72" />
        <cmp x="1282" y="2180" width="27" height="38" />
        <cmp x="1305" y="2185" width="37" height="37" />
        <cmp x="1344" y="2186" width="43" height="39" />
        <cmp x="1386" y="2143" width="127" height="92" />
      </word>
      <word id="m03-114-07-04" tag="DT" text="this">
        <cmp x="1616" y="2132" width="120" height="93" />
        <cmp x="1717" y="2163" width="9" height="14" />
        <cmp x="1742" y="2172" width="34" height="53" />
      </word>
      <word id="m03-114-07-05" tag="NN" text="region">
        <cmp x="1864" y="2181" width="78" height="42" />
        <cmp x="1926" y="2179" width="73" height="124" />
        <cmp x="1994" y="2184" width="7" height="16" />
        <cmp x="2003" y="2201" width="94" height="39" />
      </word>
      <word id="m03-114-07-06" tag=":" text=":">
        <cmp x="2125" y="2197" width="7" height="12" />
        <cmp x="2127" y="2229" width="10" height="11" />
      </word>
      <word id="m03-114-07-07" tag="IN" text="at">
        <cmp x="2177" y="2191" width="54" height="46" />
        <cmp x="2226" y="2156" width="33" height="82" />
      </word>
      <upper-contour>
        <point x="360" y="2110" />
        <point x="2260" y="2110" />
      </upper-contour>
      <lower-contour>
        <point x="367" y="2303" />
        <point x="2201" y="2303" />
      </lower-contour>
    </line>
    <line ass="-1031" asx="0" asy="2273" character-width="999" dss="-1031" dsx="0" dsy="2445" fd0="13323" fd1="2778" fd2="-872" filter-width="3" id="m03-114-08" lbs="-1097" lbx="0" lby="2379" segmentation="ok" slant="91000" stroke-width="5478" threshold="185" text="any rate they remained with us, perhaps" ubs="-900" ubx="0" uby="2350">
      <word id="m03-114-08-00" tag="DTI" text="any">
        <cmp x="369" y="2350" width="58" height="48" />
        <cmp x="420" y="2355" width="111" height="100" />
      </word>
      <word id="m03-114-08-01" tag="NN" text="rate">
        <cmp x="635" y="2348" width="17" height="42" />
        <cmp x="658" y="2358" width="55" height="44" />
        <cmp x="709" y="2316" width="68" height="91" />
      </word>
      <word id="m03-114-08-02" tag="PP3AS" text="they">
        <cmp x="857" y="2314" width="155" height="135" />
      </word>
      <word id="m03-114-08-03" tag="VBD" text="remained">
        <cmp x="1094" y="2354" width="71" height="55" />
        <cmp x="1165" y="2362" width="126" height="44" />
        <cmp x="1281" y="2345" width="91" height="65" />
        <cmp x="1371" y="2335" width="45" height="80" />
      </word>
      <word id="m03-114-08-04" tag="IN" text="with">
        <cmp x="1521" y="2362" width="81" height="44" />
        <cmp x="1598" y="2333" width="9" height="12" />
        <cmp x="1623" y="2320" width="89" height="90" />
      </word>
      <word id="m03-114-08-05" tag="PP1OS" text="us">
        <cmp x="1752" y="2377" width="45" height="36" />
        <cmp x="1804" y="2369" width="27" height="45" />
      </word>
      <word id="m03-114-08-06" tag="," text=",">
        <cmp x="1880" y="2393" width="9" height="39" />
      </word>
      <word id="m03-114-08-07" tag="RB" text="perhaps">
        <cmp x="1913" y="2367" width="41" height="71" />
        <cmp x="1946" y="2396" width="5" height="3" />
        <cmp x="1955" y="2310" width="134" height="105" />
        <cmp x="2074" y="2369" width="43" height="44" />
        <cmp x="2120" y="2377" width="42" height="71" />
        <cmp x="2164" y="2369" width="36" height="56" />
      </word>
      <upper-contour>
        <point x="367" y="2303" />
        <point x="2201" y="2303" />
      </upper-contour>
      <lower-contour>
        <point x="367" y="2455" />
        <point x="2201" y="2455" />
      </lower-contour>
    </line>
    <line ass="-609" asx="0" asy="2476" character-width="999" dss="-609" dsx="0" dsy="2601" fd0="13227" fd1="2662" fd2="-1066" filter-width="3" id="m03-114-09" lbs="-654" lbx="0" lby="2564" segmentation="ok" slant="98000" stroke-width="5389" threshold="187" text="for such protection as our presence, or Mrs" ubs="-517" ubx="0" uby="2529">
      <word id="m03-114-09-00" tag="IN" text="for">
        <cmp x="358" y="2481" width="39" height="125" />
        <cmp x="388" y="2529" width="63" height="36" />
      </word>
      <word id="m03-114-09-01" tag="ABL" text="such">
        <cmp x="533" y="2532" width="91" height="47" />
        <cmp x="617" y="2501" width="103" height="82" />
      </word>
      <word id="m03-114-09-02" tag="NN" text="protection">
        <cmp x="799" y="2541" width="38" height="66" />
        <cmp x="840" y="2543" width="28" height="31" />
        <cmp x="861" y="2500" width="82" height="81" />
        <cmp x="947" y="2539" width="42" height="36" />
        <cmp x="987" y="2489" width="49" height="84" />
        <cmp x="1032" y="2510" width="10" height="12" />
        <cmp x="1049" y="2544" width="76" height="48" />
      </word>
      <word id="m03-114-09-03" tag="CS" text="as">
        <cmp x="1232" y="2530" width="44" height="44" />
        <cmp x="1275" y="2527" width="37" height="49" />
      </word>
      <word id="m03-114-09-04" tag="PP$" text="our">
        <cmp x="1369" y="2534" width="103" height="47" />
        <cmp x="1470" y="2542" width="37" height="31" />
      </word>
      <word id="m03-114-09-05" tag="NN" text="presence">
        <cmp x="1576" y="2522" width="58" height="78" />
        <cmp x="1640" y="2531" width="57" height="40" />
        <cmp x="1717" y="2526" width="30" height="55" />
        <cmp x="1756" y="2530" width="100" height="59" />
        <cmp x="1848" y="2543" width="72" height="55" />
      </word>
      <word id="m03-114-09-06" tag="," text=",">
        <cmp x="1964" y="2569" width="13" height="26" />
      </word>
      <word id="m03-114-09-07" tag="CC" text="or">
        <cmp x="1999" y="2543" width="42" height="45" />
        <cmp x="2059" y="2547" width="21" height="35" />
      </word>
      <word id="m03-114-09-08" tag="NPT" text="Mrs">
        <cmp x="2149" y="2513" width="56" height="86" />
        <cmp x="2214" y="2543" width="72" height="55" />
      </word>
      <upper-contour>
        <point x="367" y="2455" />
        <point x="2201" y="2455" />
      </upper-contour>
    </line>
  </handwritten-part>
</form>

