<?xml version="1.0" encoding="ISO-8859-1"?>

<!DOCTYPE form SYSTEM 'http://www.iam.unibe.ch/~fki/iamdb/form-metadata.dtd'>

<form created="2002-01-25" height="3542" id="m03-013" last-modified="2002-07-17" skew="159" status="final" version="3.0_beta" width="2479" writer-id="537">
  <machine-printed-part>
    <machine-print-line text="&apos;Impressive,&apos; Lord Undertone said, gazing reverently on the cosmic handiwork. &apos;All" />
    <machine-print-line text="those stars. But I&apos;m a bit earthbound tonight, Trout. I&apos;ve got a queer feeling, like I" />
    <machine-print-line text="always get when something sensational&apos;s going to happen. There&apos;s things lurking if" />
    <machine-print-line text="you ask me. Might be jaguar, might be... head-shrinkers." />
  </machine-printed-part>
  <handwritten-part>
    <line ass="-645" asx="0" asy="687" character-width="999" dss="-645" dsx="0" dsy="824" fd0="13663" fd1="3132" fd2="-751" filter-width="3" id="m03-013-00" lbs="-522" lbx="0" lby="790" segmentation="err" slant="78000" stroke-width="5613" threshold="189" text="&apos;Impressive,&apos; Lord Undertone said, gazing reverently" ubs="-891" ubx="0" uby="751">
      <word id="m03-013-00-00" sentence-start="yes" tag="*&apos;" text="&apos;">
        <cmp x="365" y="693" width="16" height="27" />
      </word>
      <word id="m03-013-00-01" tag="JJ" text="Impressive">
        <cmp x="371" y="715" width="26" height="78" />
        <cmp x="388" y="759" width="44" height="35" />
        <cmp x="441" y="766" width="21" height="63" />
        <cmp x="469" y="769" width="18" height="19" />
        <cmp x="497" y="767" width="24" height="26" />
        <cmp x="533" y="765" width="29" height="39" />
        <cmp x="562" y="766" width="32" height="38" />
        <cmp x="602" y="750" width="7" height="10" />
        <cmp x="604" y="777" width="7" height="15" />
        <cmp x="619" y="775" width="22" height="23" />
        <cmp x="651" y="771" width="29" height="30" />
        <cmp x="675" y="805" width="14" height="18" />
        <cmp x="690" y="735" width="8" height="12" />
        <cmp x="693" y="730" width="3" height="3" />
      </word>
      <word id="m03-013-00-02" tag="," text=",">
        <cmp x="702" y="725" width="4" height="17" />
      </word>
      <word id="m03-013-00-03" tag="**&apos;" text="&apos;">
        <cmp x="746" y="738" width="36" height="70" />
      </word>
      <word id="m03-013-00-04" tag="NPT" text="Lord">
        <cmp x="782" y="773" width="31" height="38" />
        <cmp x="828" y="779" width="10" height="26" />
        <cmp x="849" y="735" width="38" height="69" />
      </word>
      <word id="m03-013-00-05" tag="NP" text="Undertone">
        <cmp x="983" y="730" width="43" height="65" />
        <cmp x="1031" y="717" width="121" height="78" />
        <cmp x="1158" y="716" width="63" height="72" />
        <cmp x="1230" y="753" width="35" height="34" />
        <cmp x="1270" y="747" width="29" height="35" />
      </word>
      <word id="m03-013-00-06" tag="VBD" text="said">
        <cmp x="1379" y="752" width="42" height="51" />
        <cmp x="1416" y="764" width="36" height="34" />
        <cmp x="1461" y="768" width="8" height="19" />
        <cmp x="1467" y="732" width="7" height="10" />
        <cmp x="1478" y="723" width="44" height="74" />
      </word>
      <word id="m03-013-00-07" tag="," text=",">
        <cmp x="1519" y="800" width="18" height="24" />
      </word>
      <word id="m03-013-00-08" tag="VBG" text="gazing">
        <cmp x="1595" y="763" width="41" height="68" />
        <cmp x="1634" y="774" width="31" height="31" />
        <cmp x="1671" y="772" width="51" height="33" />
        <cmp x="1722" y="753" width="7" height="10" />
        <cmp x="1732" y="782" width="24" height="26" />
        <cmp x="1738" y="783" width="50" height="60" />
      </word>
      <word id="m03-013-00-09" tag="RB" text="reverently">
        <cmp x="1861" y="774" width="25" height="32" />
        <cmp x="1892" y="777" width="25" height="28" />
        <cmp x="1930" y="781" width="28" height="25" />
        <cmp x="1956" y="777" width="45" height="33" />
        <cmp x="2003" y="777" width="41" height="39" />
        <cmp x="2052" y="757" width="30" height="64" />
        <cmp x="2086" y="766" width="15" height="56" />
        <cmp x="2101" y="786" width="38" height="51" />
      </word>
      <lower-contour>
        <point x="374" y="844" />
        <point x="2116" y="844" />
      </lower-contour>
    </line>
    <line ass="-146" asx="0" asy="909" character-width="999" dss="-146" dsx="0" dsy="994" fd0="13494" fd1="2711" fd2="-654" filter-width="3" id="m03-013-01" lbs="-242" lbx="0" lby="981" segmentation="ok" slant="80000" stroke-width="5516" threshold="189" text="on the cosmic handiwork. &apos;All those stars. But I&apos;m" ubs="44" ubx="0" uby="953">
      <word id="m03-013-01-00" tag="IN" text="on">
        <cmp x="376" y="933" width="35" height="41" />
        <cmp x="412" y="951" width="27" height="28" />
      </word>
      <word id="m03-013-01-01" tag="ATI" text="the">
        <cmp x="521" y="921" width="62" height="70" />
        <cmp x="585" y="955" width="35" height="39" />
      </word>
      <word id="m03-013-01-02" tag="JJ" text="cosmic">
        <cmp x="696" y="953" width="54" height="39" />
        <cmp x="747" y="950" width="72" height="39" />
        <cmp x="822" y="970" width="7" height="19" />
        <cmp x="830" y="940" width="7" height="7" />
        <cmp x="841" y="957" width="29" height="34" />
      </word>
      <word id="m03-013-01-03" tag="NN" text="handiwork">
        <cmp x="936" y="927" width="61" height="55" />
        <cmp x="1004" y="925" width="69" height="60" />
        <cmp x="1059" y="956" width="16" height="28" />
        <cmp x="1078" y="927" width="9" height="9" />
        <cmp x="1085" y="942" width="67" height="39" />
        <cmp x="1157" y="954" width="23" height="26" />
        <cmp x="1190" y="928" width="32" height="57" />
      </word>
      <word id="m03-013-01-04" tag="." text=".">
        <cmp x="1237" y="980" width="10" height="7" />
      </word>
      <word id="m03-013-01-05" sentence-start="yes" tag="*&apos;" text="&apos;">
        <cmp x="1287" y="919" width="6" height="14" />
        <cmp x="1294" y="914" width="7" height="13" />
      </word>
      <word id="m03-013-01-06" tag="ABN" text="All">
        <cmp x="1293" y="923" width="47" height="70" />
        <cmp x="1341" y="928" width="17" height="55" />
        <cmp x="1355" y="931" width="12" height="47" />
      </word>
      <word id="m03-013-01-07" tag="DTS" text="those">
        <cmp x="1433" y="920" width="54" height="65" />
        <cmp x="1491" y="948" width="29" height="36" />
        <cmp x="1528" y="948" width="46" height="38" />
      </word>
      <word id="m03-013-01-08" tag="NNS" text="stars">
        <cmp x="1628" y="952" width="32" height="36" />
        <cmp x="1659" y="930" width="87" height="60" />
        <cmp x="1735" y="952" width="30" height="35" />
      </word>
      <word id="m03-013-01-09" tag="." text=".">
        <cmp x="1784" y="983" width="11" height="12" />
      </word>
      <word id="m03-013-01-10" sentence-start="yes" tag="CC" text="But">
        <cmp x="1840" y="932" width="38" height="67" />
        <cmp x="1874" y="970" width="29" height="28" />
        <cmp x="1917" y="938" width="29" height="55" />
      </word>
      <word id="m03-013-01-11" tag="PP1A" text="I">
        <cmp x="2029" y="931" width="15" height="57" />
      </word>
      <word id="m03-013-01-12" tag="BEM" text="&apos;m">
        <cmp x="2068" y="929" width="22" height="20" />
        <cmp x="2071" y="955" width="45" height="33" />
      </word>
      <upper-contour>
        <point x="374" y="844" />
        <point x="2116" y="844" />
      </upper-contour>
      <lower-contour>
        <point x="374" y="1000" />
        <point x="2116" y="1000" />
      </lower-contour>
    </line>
    <line ass="-886" asx="0" asy="1081" character-width="999" dss="-886" dsx="0" dsy="1175" fd0="13505" fd1="2562" fd2="-614" filter-width="3" id="m03-013-02" lbs="-894" lbx="0" lby="1146" segmentation="ok" slant="79000" stroke-width="5555" threshold="189" text="a bit earthbound tonight, Trout. I&apos;ve got a queer" ubs="-869" ubx="0" uby="1113">
      <word id="m03-013-02-00" tag="AT" text="a">
        <cmp x="376" y="1121" width="31" height="40" />
      </word>
      <word id="m03-013-02-01" tag="NN" text="bit">
        <cmp x="487" y="1101" width="32" height="49" />
        <cmp x="527" y="1129" width="11" height="17" />
        <cmp x="538" y="1107" width="8" height="7" />
        <cmp x="547" y="1107" width="21" height="43" />
      </word>
      <word id="m03-013-02-02" tag="JJ" text="earthbound">
        <cmp x="671" y="1116" width="25" height="43" />
        <cmp x="695" y="1123" width="32" height="31" />
        <cmp x="727" y="1128" width="14" height="23" />
        <cmp x="754" y="1101" width="57" height="62" />
        <cmp x="815" y="1114" width="59" height="47" />
        <cmp x="878" y="1101" width="85" height="59" />
      </word>
      <word id="m03-013-02-03" tag="NR" text="tonight">
        <cmp x="1052" y="1103" width="51" height="62" />
        <cmp x="1107" y="1133" width="22" height="32" />
        <cmp x="1131" y="1140" width="14" height="25" />
        <cmp x="1147" y="1108" width="7" height="10" />
        <cmp x="1154" y="1101" width="83" height="93" />
      </word>
      <word id="m03-013-02-04" tag="," text=",">
        <cmp x="1243" y="1156" width="14" height="24" />
      </word>
      <word id="m03-013-02-05" tag="NP" text="Trout">
        <cmp x="1301" y="1109" width="29" height="50" />
        <cmp x="1305" y="1133" width="3" height="5" />
        <cmp x="1331" y="1145" width="17" height="28" />
        <cmp x="1348" y="1147" width="34" height="31" />
        <cmp x="1387" y="1150" width="31" height="27" />
        <cmp x="1425" y="1110" width="31" height="63" />
      </word>
      <word id="m03-013-02-06" tag="." text=".">
        <cmp x="1473" y="1163" width="10" height="15" />
      </word>
      <word id="m03-013-02-07" sentence-start="yes" tag="PP1A" text="I">
        <cmp x="1541" y="1113" width="16" height="53" />
      </word>
      <word id="m03-013-02-08" tag="HV" text="&apos;ve">
        <cmp x="1573" y="1107" width="11" height="13" />
        <cmp x="1592" y="1134" width="26" height="28" />
        <cmp x="1623" y="1132" width="22" height="33" />
      </word>
      <word id="m03-013-02-09" tag="VBN" text="got">
        <cmp x="1710" y="1131" width="74" height="61" />
        <cmp x="1788" y="1116" width="30" height="56" />
      </word>
      <word id="m03-013-02-10" tag="AT" text="a">
        <cmp x="1895" y="1133" width="35" height="35" />
      </word>
      <word id="m03-013-02-11" tag="JJ" text="queer">
        <cmp x="1986" y="1124" width="40" height="75" />
        <cmp x="2023" y="1133" width="57" height="43" />
        <cmp x="2074" y="1135" width="76" height="40" />
      </word>
      <upper-contour>
        <point x="374" y="1000" />
        <point x="2116" y="1000" />
      </upper-contour>
      <lower-contour>
        <point x="394" y="1194" />
        <point x="1893" y="1194" />
      </lower-contour>
    </line>
    <line ass="-480" asx="0" asy="1272" character-width="999" dss="-480" dsx="0" dsy="1367" fd0="13979" fd1="2934" fd2="-722" filter-width="3" id="m03-013-03" lbs="-417" lbx="0" lby="1342" segmentation="ok" slant="77000" stroke-width="5421" threshold="189" text="feeling, like I always get when something" ubs="-607" ubx="0" uby="1305">
      <word id="m03-013-03-00" tag="NN" text="feeling">
        <cmp x="396" y="1277" width="29" height="82" />
        <cmp x="430" y="1312" width="31" height="36" />
        <cmp x="463" y="1312" width="30" height="38" />
        <cmp x="506" y="1300" width="15" height="40" />
        <cmp x="515" y="1294" width="8" height="5" />
        <cmp x="522" y="1314" width="10" height="24" />
        <cmp x="537" y="1280" width="7" height="14" />
        <cmp x="542" y="1316" width="21" height="22" />
        <cmp x="554" y="1310" width="37" height="61" />
      </word>
      <word id="m03-013-03-01" tag="," text=",">
        <cmp x="616" y="1341" width="13" height="27" />
      </word>
      <word id="m03-013-03-02" tag="CS" text="like">
        <cmp x="686" y="1288" width="18" height="48" />
        <cmp x="696" y="1325" width="8" height="21" />
        <cmp x="708" y="1293" width="9" height="8" />
        <cmp x="717" y="1300" width="40" height="51" />
      </word>
      <word id="m03-013-03-03" tag="PP1A" text="I">
        <cmp x="831" y="1288" width="18" height="59" />
      </word>
      <word id="m03-013-03-04" tag="RB" text="always">
        <cmp x="927" y="1304" width="27" height="46" />
        <cmp x="961" y="1284" width="23" height="62" />
        <cmp x="986" y="1309" width="39" height="33" />
        <cmp x="1028" y="1312" width="24" height="31" />
        <cmp x="1042" y="1313" width="40" height="54" />
        <cmp x="1079" y="1311" width="23" height="34" />
      </word>
      <word id="m03-013-03-05" tag="VB" text="get">
        <cmp x="1155" y="1313" width="58" height="65" />
        <cmp x="1218" y="1295" width="19" height="56" />
      </word>
      <word id="m03-013-03-06" tag="WRB" text="when">
        <cmp x="1333" y="1332" width="38" height="24" />
        <cmp x="1382" y="1304" width="32" height="57" />
        <cmp x="1423" y="1318" width="48" height="50" />
      </word>
      <word id="m03-013-03-07" tag="PN" text="something">
        <cmp x="1572" y="1324" width="35" height="34" />
        <cmp x="1607" y="1327" width="31" height="34" />
        <cmp x="1648" y="1329" width="48" height="31" />
        <cmp x="1702" y="1318" width="26" height="35" />
        <cmp x="1748" y="1294" width="64" height="57" />
        <cmp x="1819" y="1322" width="11" height="21" />
        <cmp x="1828" y="1294" width="8" height="13" />
        <cmp x="1838" y="1318" width="54" height="59" />
      </word>
      <upper-contour>
        <point x="394" y="1194" />
        <point x="1893" y="1194" />
      </upper-contour>
      <lower-contour>
        <point x="394" y="1378" />
        <point x="1893" y="1378" />
      </lower-contour>
    </line>
    <line ass="99" asx="0" asy="1460" character-width="999" dss="99" dsx="0" dsy="1569" fd0="13279" fd1="2765" fd2="-1019" filter-width="3" id="m03-013-04" lbs="254" lbx="0" lby="1530" segmentation="err" slant="83000" stroke-width="5511" threshold="189" text="sensational&apos;s going to happen. There&apos;s things lurking" ubs="-209" ubx="0" uby="1488">
      <word id="m03-013-04-00" tag="JJ" text="sensational">
        <cmp x="392" y="1476" width="53" height="49" />
        <cmp x="442" y="1477" width="108" height="49" />
        <cmp x="557" y="1501" width="7" height="17" />
        <cmp x="562" y="1470" width="11" height="10" />
        <cmp x="572" y="1488" width="53" height="32" />
        <cmp x="625" y="1483" width="25" height="36" />
        <cmp x="656" y="1469" width="13" height="46" />
      </word>
      <word id="m03-013-04-01" tag="BEZ" text="&apos;s">
        <cmp x="690" y="1464" width="6" height="13" />
        <cmp x="701" y="1490" width="25" height="33" />
      </word>
      <word id="m03-013-04-02" tag="VBG" text="going">
        <cmp x="800" y="1497" width="63" height="56" />
        <cmp x="864" y="1507" width="8" height="19" />
        <cmp x="874" y="1476" width="8" height="11" />
        <cmp x="882" y="1502" width="23" height="22" />
        <cmp x="884" y="1494" width="49" height="66" />
      </word>
      <word id="m03-013-04-03" tag="TO" text="to">
        <cmp x="1014" y="1483" width="43" height="50" />
      </word>
      <word id="m03-013-04-04" tag="VB" text="happen">
        <cmp x="1125" y="1463" width="32" height="64" />
        <cmp x="1159" y="1486" width="37" height="43" />
        <cmp x="1184" y="1488" width="52" height="80" />
        <cmp x="1242" y="1486" width="50" height="51" />
      </word>
      <word id="m03-013-04-05" tag="." text=".">
        <cmp x="1314" y="1519" width="8" height="11" />
      </word>
      <word id="m03-013-04-06" sentence-start="yes" tag="EX" text="There">
        <cmp x="1378" y="1466" width="29" height="16" />
        <cmp x="1383" y="1482" width="14" height="43" />
        <cmp x="1407" y="1471" width="29" height="56" />
        <cmp x="1447" y="1488" width="58" height="40" />
        <cmp x="1508" y="1486" width="27" height="42" />
      </word>
      <word id="m03-013-04-07" tag="BEZ" text="&apos;s">
        <cmp x="1562" y="1491" width="32" height="32" />
        <cmp x="1563" y="1473" width="13" height="13" />
      </word>
      <word id="m03-013-04-08" tag="NNS" text="things">
        <cmp x="1680" y="1458" width="53" height="62" />
        <cmp x="1741" y="1502" width="8" height="22" />
        <cmp x="1745" y="1475" width="6" height="10" />
        <cmp x="1760" y="1497" width="22" height="18" />
        <cmp x="1772" y="1486" width="43" height="66" />
        <cmp x="1825" y="1485" width="42" height="32" />
      </word>
      <word id="m03-013-04-09" tag="VBG" text="lurking">
        <cmp x="1946" y="1472" width="17" height="37" />
        <cmp x="1959" y="1495" width="32" height="28" />
        <cmp x="2002" y="1497" width="22" height="26" />
        <cmp x="2030" y="1470" width="27" height="60" />
        <cmp x="2067" y="1507" width="8" height="20" />
        <cmp x="2076" y="1478" width="6" height="9" />
        <cmp x="2087" y="1498" width="21" height="23" />
        <cmp x="2105" y="1491" width="33" height="60" />
      </word>
      <upper-contour>
        <point x="394" y="1378" />
        <point x="1893" y="1378" />
      </upper-contour>
      <lower-contour>
        <point x="399" y="1568" />
        <point x="2000" y="1568" />
      </lower-contour>
    </line>
    <line ass="630" asx="0" asy="1648" character-width="999" dss="630" dsx="0" dsy="1760" fd0="13351" fd1="3490" fd2="54" filter-width="3" id="m03-013-05" lbs="694" lbx="0" lby="1723" segmentation="ok" slant="87999" stroke-width="5475" threshold="189" text="if you ask me. Might be jaguar, might be..." ubs="502" ubx="0" uby="1693">
      <word id="m03-013-05-00" tag="CS" text="if">
        <cmp x="401" y="1683" width="11" height="22" />
        <cmp x="406" y="1660" width="10" height="6" />
        <cmp x="419" y="1659" width="23" height="65" />
      </word>
      <word id="m03-013-05-01" tag="PP2" text="you">
        <cmp x="532" y="1685" width="34" height="49" />
        <cmp x="561" y="1687" width="31" height="29" />
        <cmp x="598" y="1693" width="41" height="28" />
      </word>
      <word id="m03-013-05-02" tag="VB" text="ask">
        <cmp x="720" y="1688" width="34" height="33" />
        <cmp x="752" y="1683" width="29" height="28" />
        <cmp x="791" y="1651" width="26" height="57" />
      </word>
      <word id="m03-013-05-03" tag="PP1O" text="me">
        <cmp x="895" y="1670" width="68" height="38" />
        <cmp x="965" y="1703" width="3" height="3" />
      </word>
      <word id="m03-013-05-04" tag="." text=".">
        <cmp x="998" y="1699" width="9" height="8" />
      </word>
      <word id="m03-013-05-05" sentence-start="yes" tag="MD" text="Might">
        <cmp x="1074" y="1646" width="61" height="60" />
        <cmp x="1132" y="1642" width="68" height="92" />
        <cmp x="1137" y="1656" width="9" height="7" />
        <cmp x="1203" y="1646" width="31" height="53" />
      </word>
      <word id="m03-013-05-06" tag="BE" text="be">
        <cmp x="1290" y="1660" width="46" height="44" />
      </word>
      <word id="m03-013-05-07" tag="NN" text="jaguar">
        <cmp x="1393" y="1671" width="35" height="54" />
        <cmp x="1421" y="1644" width="9" height="11" />
        <cmp x="1436" y="1672" width="32" height="28" />
        <cmp x="1453" y="1670" width="70" height="63" />
        <cmp x="1529" y="1665" width="65" height="35" />
      </word>
      <word id="m03-013-05-08" tag="," text=",">
        <cmp x="1605" y="1690" width="13" height="16" />
      </word>
      <word id="m03-013-05-09" tag="MD" text="might">
        <cmp x="1659" y="1665" width="52" height="28" />
        <cmp x="1711" y="1670" width="11" height="21" />
        <cmp x="1727" y="1645" width="7" height="8" />
        <cmp x="1727" y="1630" width="48" height="111" />
        <cmp x="1781" y="1634" width="34" height="63" />
      </word>
      <word id="m03-013-05-10" tag="BE" text="be">
        <cmp x="1871" y="1648" width="54" height="50" />
      </word>
      <word id="m03-013-05-11" tag="..." text="...">
        <cmp x="1938" y="1699" width="15" height="7" />
        <cmp x="1963" y="1693" width="11" height="8" />
        <cmp x="1989" y="1696" width="10" height="9" />
      </word>
      <upper-contour>
        <point x="399" y="1568" />
        <point x="2000" y="1568" />
      </upper-contour>
      <lower-contour>
        <point x="399" y="1733" />
        <point x="801" y="1733" />
      </lower-contour>
    </line>
    <line ass="-752" asx="0" asy="1803" character-width="999" dss="-752" dsx="0" dsy="1877" fd0="13242" fd1="3262" fd2="-772" filter-width="3" id="m03-013-06" lbs="-360" lbx="0" lby="1875" segmentation="err" slant="79000" stroke-width="5440" threshold="189" text="head-shrinkers." ubs="-1538" ubx="0" uby="1830">
      <word id="m03-013-06-00" tag="NNS" text="head-shrinkers">
        <cmp x="396" y="1810" width="30" height="67" />
        <cmp x="428" y="1822" width="68" height="64" />
        <cmp x="506" y="1851" width="25" height="7" />
        <cmp x="562" y="1844" width="33" height="39" />
        <cmp x="596" y="1822" width="26" height="63" />
        <cmp x="622" y="1853" width="18" height="30" />
        <cmp x="658" y="1860" width="6" height="15" />
        <cmp x="662" y="1824" width="9" height="9" />
        <cmp x="673" y="1855" width="26" height="30" />
        <cmp x="707" y="1829" width="9" height="46" />
        <cmp x="712" y="1855" width="18" height="21" />
      </word>
      <word id="m03-013-06-01" tag="." text=".">
        <cmp x="740" y="1844" width="60" height="46" />
      </word>
      <upper-contour>
        <point x="399" y="1733" />
        <point x="801" y="1733" />
      </upper-contour>
    </line>
  </handwritten-part>
</form>

