<?xml version="1.0" encoding="ISO-8859-1"?>

<!DOCTYPE form SYSTEM 'http://www.iam.unibe.ch/~fki/iamdb/form-metadata.dtd'>

<form created="2002-01-25" height="3542" id="m03-020" last-modified="2002-07-17" skew="159" status="final" version="3.0_beta" width="2479" writer-id="538">
  <machine-printed-part>
    <machine-print-line text="Hope I die kind of composed, Trout. I mean you can&apos;t imagine the Christian martyrs" />
    <machine-print-line text="twisting and shrieking, no matter how bad it felt, the fire you know, or a lion munch-" />
    <machine-print-line text="ing, or arrows where it hurts most. Or can you. Look over there.&apos; He pointed to the" />
    <machine-print-line text="shadows beyond the river. &apos;Something moved.&apos;" />
  </machine-printed-part>
  <handwritten-part>
    <line ass="500" asx="0" asy="733" character-width="999" dss="500" dsx="0" dsy="840" fd0="13037" fd1="2427" fd2="-975" filter-width="3" id="m03-020-00" lbs="502" lbx="0" lby="804" segmentation="ok" slant="90000" stroke-width="5382" threshold="189" text="Hope I die kind of composed, Trout. I mean you can&apos;t" ubs="496" ubx="0" uby="766">
      <word id="m03-020-00-00" sentence-start="yes" tag="VB" text="Hope">
        <cmp x="347" y="736" width="35" height="65" />
        <cmp x="384" y="758" width="91" height="66" />
      </word>
      <word id="m03-020-00-01" tag="PP1A" text="I">
        <cmp x="534" y="737" width="11" height="60" />
      </word>
      <word id="m03-020-00-02" tag="VB" text="die">
        <cmp x="592" y="731" width="89" height="65" />
        <cmp x="641" y="728" width="11" height="8" />
      </word>
      <word id="m03-020-00-03" tag="RB21" text="kind">
        <cmp x="741" y="730" width="38" height="63" />
        <cmp x="782" y="731" width="7" height="7" />
        <cmp x="782" y="752" width="14" height="42" />
        <cmp x="802" y="729" width="72" height="65" />
      </word>
      <word id="m03-020-00-04" tag="RB22" text="of">
        <cmp x="919" y="728" width="51" height="77" />
      </word>
      <word id="m03-020-00-05" tag="JJ" text="composed">
        <cmp x="1032" y="754" width="54" height="38" />
        <cmp x="1088" y="755" width="110" height="57" />
        <cmp x="1200" y="732" width="75" height="62" />
      </word>
      <word id="m03-020-00-06" tag="," text=",">
        <cmp x="1312" y="793" width="6" height="15" />
      </word>
      <word id="m03-020-00-07" tag="NP" text="Trout">
        <cmp x="1340" y="730" width="36" height="8" />
        <cmp x="1353" y="744" width="8" height="49" />
        <cmp x="1372" y="758" width="17" height="37" />
        <cmp x="1389" y="756" width="34" height="37" />
        <cmp x="1427" y="734" width="60" height="59" />
      </word>
      <word id="m03-020-00-08" tag="." text=".">
        <cmp x="1501" y="782" width="10" height="12" />
      </word>
      <word id="m03-020-00-09" sentence-start="yes" tag="PP1A" text="I">
        <cmp x="1537" y="737" width="8" height="53" />
      </word>
      <word id="m03-020-00-10" tag="VB" text="mean">
        <cmp x="1599" y="751" width="114" height="42" />
        <cmp x="1716" y="758" width="29" height="35" />
      </word>
      <word id="m03-020-00-11" tag="PP2" text="you">
        <cmp x="1790" y="758" width="41" height="67" />
        <cmp x="1833" y="754" width="60" height="36" />
      </word>
      <word id="m03-020-00-12" tag="MDX" text="can&apos;t">
        <cmp x="1945" y="749" width="72" height="38" />
        <cmp x="2015" y="751" width="31" height="33" />
        <cmp x="2042" y="736" width="9" height="14" />
        <cmp x="2069" y="745" width="16" height="39" />
      </word>
      <lower-contour>
        <point x="355" y="826" />
        <point x="2081" y="826" />
      </lower-contour>
    </line>
    <line ass="344" asx="0" asy="910" character-width="999" dss="344" dsx="0" dsy="1026" fd0="13248" fd1="2851" fd2="-1949" filter-width="3" id="m03-020-01" lbs="610" lbx="0" lby="986" segmentation="ok" slant="90000" stroke-width="5310" threshold="189" text="imagine the Christian martyrs twisting and shrieking," ubs="-189" ubx="0" uby="932">
      <word id="m03-020-01-00" tag="VB" text="imagine">
        <cmp x="357" y="909" width="7" height="8" />
        <cmp x="357" y="938" width="5" height="34" />
        <cmp x="370" y="936" width="47" height="41" />
        <cmp x="421" y="939" width="32" height="36" />
        <cmp x="451" y="937" width="51" height="81" />
        <cmp x="495" y="920" width="9" height="13" />
        <cmp x="512" y="941" width="55" height="41" />
      </word>
      <word id="m03-020-01-01" tag="ATI" text="the">
        <cmp x="621" y="917" width="82" height="57" />
      </word>
      <word id="m03-020-01-02" tag="JNP" text="Christian">
        <cmp x="741" y="917" width="40" height="58" />
        <cmp x="784" y="915" width="33" height="62" />
        <cmp x="822" y="941" width="14" height="32" />
        <cmp x="842" y="940" width="7" height="33" />
        <cmp x="848" y="918" width="4" height="9" />
        <cmp x="854" y="935" width="31" height="42" />
        <cmp x="875" y="921" width="34" height="55" />
        <cmp x="905" y="924" width="8" height="7" />
        <cmp x="917" y="939" width="37" height="37" />
        <cmp x="958" y="940" width="31" height="31" />
      </word>
      <word id="m03-020-01-03" tag="NNS" text="martyrs">
        <cmp x="1052" y="935" width="82" height="39" />
        <cmp x="1140" y="939" width="16" height="34" />
        <cmp x="1162" y="919" width="20" height="50" />
        <cmp x="1190" y="936" width="30" height="71" />
        <cmp x="1222" y="931" width="26" height="36" />
        <cmp x="1247" y="934" width="29" height="40" />
      </word>
      <word id="m03-020-01-04" tag="VBG" text="twisting">
        <cmp x="1339" y="918" width="86" height="62" />
        <cmp x="1422" y="924" width="7" height="9" />
        <cmp x="1437" y="944" width="32" height="36" />
        <cmp x="1469" y="928" width="30" height="49" />
        <cmp x="1499" y="927" width="5" height="6" />
        <cmp x="1504" y="944" width="36" height="31" />
        <cmp x="1537" y="940" width="33" height="71" />
      </word>
      <word id="m03-020-01-05" tag="CC" text="and">
        <cmp x="1626" y="921" width="120" height="56" />
      </word>
      <word id="m03-020-01-06" tag="VBG" text="shrieking">
        <cmp x="1805" y="931" width="25" height="39" />
        <cmp x="1838" y="921" width="35" height="51" />
        <cmp x="1879" y="937" width="20" height="28" />
        <cmp x="1906" y="944" width="6" height="28" />
        <cmp x="1908" y="924" width="5" height="6" />
        <cmp x="1923" y="939" width="27" height="27" />
        <cmp x="1955" y="928" width="29" height="41" />
        <cmp x="1993" y="943" width="10" height="28" />
        <cmp x="2003" y="927" width="5" height="6" />
        <cmp x="2011" y="936" width="24" height="35" />
        <cmp x="2034" y="936" width="38" height="78" />
      </word>
      <word id="m03-020-01-07" tag="," text=",">
        <cmp x="2074" y="970" width="7" height="21" />
      </word>
      <upper-contour>
        <point x="355" y="826" />
        <point x="2081" y="826" />
      </upper-contour>
      <lower-contour>
        <point x="358" y="1017" />
        <point x="1971" y="1017" />
      </lower-contour>
    </line>
    <line ass="161" asx="0" asy="1092" character-width="999" dss="161" dsx="0" dsy="1186" fd0="13116" fd1="2792" fd2="-851" filter-width="3" id="m03-020-02" lbs="132" lbx="0" lby="1151" segmentation="err" slant="90000" stroke-width="5285" threshold="189" text="no matter how bad it felt, the fire you know, or a" ubs="220" ubx="0" uby="1119">
      <word id="m03-020-02-00" tag="ATI" text="no">
        <cmp x="360" y="1094" width="65" height="59" />
      </word>
      <word id="m03-020-02-01" tag="NN" text="matter">
        <cmp x="482" y="1097" width="160" height="60" />
      </word>
      <word id="m03-020-02-02" tag="WRB" text="how">
        <cmp x="691" y="1092" width="42" height="58" />
        <cmp x="729" y="1113" width="26" height="35" />
        <cmp x="757" y="1118" width="47" height="37" />
      </word>
      <word id="m03-020-02-03" tag="JJ" text="bad">
        <cmp x="863" y="1098" width="66" height="51" />
        <cmp x="928" y="1095" width="31" height="54" />
      </word>
      <word id="m03-020-02-04" tag="PP3" text="it">
        <cmp x="1009" y="1093" width="8" height="10" />
        <cmp x="1009" y="1112" width="7" height="34" />
        <cmp x="1020" y="1091" width="20" height="56" />
      </word>
      <word id="m03-020-02-05" tag="VBD" text="felt">
        <cmp x="1061" y="1094" width="71" height="75" />
        <cmp x="1124" y="1095" width="24" height="53" />
      </word>
      <word id="m03-020-02-06" tag="," text=",">
        <cmp x="1166" y="1144" width="6" height="20" />
      </word>
      <word id="m03-020-02-07" tag="ATI" text="the">
        <cmp x="1199" y="1096" width="100" height="54" />
      </word>
      <word id="m03-020-02-08" tag="NN" text="fire">
        <cmp x="1343" y="1091" width="36" height="68" />
        <cmp x="1384" y="1100" width="4" height="9" />
        <cmp x="1388" y="1110" width="23" height="26" />
        <cmp x="1388" y="1137" width="6" height="8" />
        <cmp x="1411" y="1113" width="23" height="34" />
      </word>
      <word id="m03-020-02-09" tag="PP2" text="you">
        <cmp x="1489" y="1115" width="6" height="5" />
        <cmp x="1489" y="1121" width="35" height="62" />
        <cmp x="1529" y="1117" width="24" height="33" />
        <cmp x="1560" y="1118" width="35" height="32" />
      </word>
      <word id="m03-020-02-10" tag="VB" text="know">
        <cmp x="1646" y="1097" width="36" height="51" />
        <cmp x="1685" y="1115" width="28" height="33" />
        <cmp x="1718" y="1112" width="91" height="35" />
        <cmp x="1796" y="1142" width="7" height="25" />
      </word>
      <word id="m03-020-02-11" tag="," text=",">
        <cmp x="1829" y="1108" width="38" height="41" />
      </word>
      <word id="m03-020-02-12" tag="CC" text="or">
        <cmp x="1872" y="1111" width="16" height="32" />
      </word>
      <word id="m03-020-02-13" tag="AT" text="a">
        <cmp x="1936" y="1111" width="34" height="28" />
      </word>
      <upper-contour>
        <point x="358" y="1017" />
        <point x="1971" y="1017" />
      </upper-contour>
      <lower-contour>
        <point x="358" y="1184" />
        <point x="1913" y="1184" />
      </lower-contour>
    </line>
    <line ass="388" asx="0" asy="1260" character-width="999" dss="388" dsx="0" dsy="1382" fd0="13847" fd1="2975" fd2="-1205" filter-width="3" id="m03-020-03" lbs="375" lbx="0" lby="1334" segmentation="ok" slant="90000" stroke-width="5282" threshold="199" text="lion munching, or arrows where it hurts most. Or" ubs="413" ubx="0" uby="1305">
      <word id="m03-020-03-00" tag="NN" text="lion">
        <cmp x="348" y="1258" width="54" height="75" />
        <cmp x="391" y="1261" width="11" height="11" />
        <cmp x="402" y="1292" width="32" height="44" />
        <cmp x="439" y="1293" width="33" height="43" />
      </word>
      <word id="m03-020-03-01" tag="VBG" text="munching">
        <cmp x="541" y="1301" width="109" height="35" />
        <cmp x="648" y="1278" width="71" height="58" />
        <cmp x="724" y="1306" width="9" height="32" />
        <cmp x="726" y="1284" width="9" height="10" />
        <cmp x="741" y="1309" width="30" height="33" />
        <cmp x="767" y="1306" width="27" height="72" />
      </word>
      <word id="m03-020-03-02" tag="," text=",">
        <cmp x="805" y="1333" width="6" height="19" />
      </word>
      <word id="m03-020-03-03" tag="CC" text="or">
        <cmp x="825" y="1307" width="27" height="29" />
        <cmp x="856" y="1310" width="21" height="30" />
      </word>
      <word id="m03-020-03-04" tag="NNS" text="arrows">
        <cmp x="901" y="1309" width="37" height="37" />
        <cmp x="944" y="1310" width="32" height="33" />
        <cmp x="974" y="1305" width="25" height="31" />
        <cmp x="1002" y="1301" width="52" height="35" />
        <cmp x="1057" y="1301" width="16" height="31" />
      </word>
      <word id="m03-020-03-05" tag="WRB" text="where">
        <cmp x="1131" y="1292" width="50" height="44" />
        <cmp x="1132" y="1298" width="4" height="5" />
        <cmp x="1187" y="1278" width="74" height="46" />
        <cmp x="1190" y="1273" width="4" height="4" />
        <cmp x="1259" y="1287" width="30" height="39" />
      </word>
      <word id="m03-020-03-06" tag="PP3" text="it">
        <cmp x="1335" y="1293" width="10" height="33" />
        <cmp x="1344" y="1265" width="7" height="9" />
        <cmp x="1353" y="1269" width="23" height="50" />
      </word>
      <word id="m03-020-03-07" tag="VBZ" text="hurts">
        <cmp x="1431" y="1271" width="87" height="51" />
        <cmp x="1523" y="1292" width="17" height="31" />
        <cmp x="1548" y="1271" width="23" height="45" />
        <cmp x="1566" y="1287" width="27" height="35" />
      </word>
      <word id="m03-020-03-08" tag="RBT" text="most">
        <cmp x="1642" y="1286" width="89" height="39" />
        <cmp x="1734" y="1264" width="47" height="61" />
      </word>
      <word id="m03-020-03-09" tag="." text=".">
        <cmp x="1789" y="1321" width="6" height="7" />
      </word>
      <word id="m03-020-03-10" sentence-start="yes" tag="CC" text="Or">
        <cmp x="1850" y="1279" width="62" height="51" />
      </word>
      <upper-contour>
        <point x="358" y="1184" />
        <point x="1913" y="1184" />
      </upper-contour>
      <lower-contour>
        <point x="346" y="1377" />
        <point x="1816" y="1377" />
      </lower-contour>
    </line>
    <line ass="49" asx="0" asy="1446" character-width="999" dss="49" dsx="0" dsy="1543" fd0="13094" fd1="2541" fd2="-829" filter-width="3" id="m03-020-04" lbs="91" lbx="0" lby="1508" segmentation="ok" slant="90000" stroke-width="5323" threshold="190" text="can you. Look over there.&apos; He pointed to the" ubs="-34" ubx="0" uby="1471">
      <word id="m03-020-04-00" tag="MD" text="can">
        <cmp x="343" y="1464" width="106" height="44" />
      </word>
      <word id="m03-020-04-01" tag="PP2" text="you">
        <cmp x="503" y="1470" width="92" height="74" />
      </word>
      <word id="m03-020-04-02" tag="." text=".">
        <cmp x="597" y="1511" width="7" height="7" />
      </word>
      <word id="m03-020-04-03" sentence-start="yes" tag="VB" text="Look">
        <cmp x="653" y="1456" width="26" height="59" />
        <cmp x="659" y="1448" width="5" height="6" />
        <cmp x="679" y="1458" width="92" height="53" />
        <cmp x="680" y="1509" width="4" height="3" />
      </word>
      <word id="m03-020-04-04" tag="RP" text="over">
        <cmp x="818" y="1475" width="123" height="40" />
      </word>
      <word id="m03-020-04-05" tag="RN" text="there">
        <cmp x="985" y="1459" width="122" height="56" />
        <cmp x="1110" y="1478" width="37" height="32" />
      </word>
      <word id="m03-020-04-06" tag="." text=".">
        <cmp x="1162" y="1508" width="5" height="3" />
        <cmp x="1165" y="1504" width="3" height="3" />
      </word>
      <word id="m03-020-04-07" tag="**&apos;" text="&apos;">
        <cmp x="1189" y="1446" width="12" height="27" />
      </word>
      <word id="m03-020-04-08" sentence-start="yes" tag="PP3A" text="He">
        <cmp x="1248" y="1455" width="56" height="56" />
      </word>
      <word id="m03-020-04-09" tag="VBD" text="pointed">
        <cmp x="1341" y="1478" width="83" height="55" />
        <cmp x="1418" y="1464" width="8" height="10" />
        <cmp x="1430" y="1474" width="25" height="30" />
        <cmp x="1432" y="1500" width="5" height="5" />
        <cmp x="1459" y="1446" width="79" height="55" />
      </word>
      <word id="m03-020-04-10" tag="IN" text="to">
        <cmp x="1587" y="1455" width="58" height="48" />
      </word>
      <word id="m03-020-04-11" tag="ATI" text="the">
        <cmp x="1704" y="1454" width="111" height="56" />
      </word>
      <upper-contour>
        <point x="346" y="1377" />
        <point x="1816" y="1377" />
      </upper-contour>
      <lower-contour>
        <point x="343" y="1543" />
        <point x="1816" y="1543" />
      </lower-contour>
    </line>
    <line ass="50" asx="0" asy="1605" character-width="999" dss="50" dsx="0" dsy="1726" fd0="13545" fd1="2724" fd2="-1423" filter-width="3" id="m03-020-05" lbs="29" lbx="0" lby="1681" segmentation="ok" slant="91000" stroke-width="5281" threshold="189" text="shadows beyond the river. &apos;Something moved.&apos;" ubs="93" ubx="0" uby="1648">
      <word id="m03-020-05-00" tag="NNS" text="shadows">
        <cmp x="345" y="1656" width="27" height="41" />
        <cmp x="382" y="1625" width="40" height="60" />
        <cmp x="420" y="1649" width="28" height="38" />
        <cmp x="451" y="1620" width="140" height="65" />
        <cmp x="590" y="1641" width="25" height="37" />
      </word>
      <word id="m03-020-05-01" tag="IN" text="beyond">
        <cmp x="672" y="1622" width="68" height="55" />
        <cmp x="751" y="1651" width="32" height="76" />
        <cmp x="752" y="1645" width="6" height="5" />
        <cmp x="784" y="1634" width="89" height="55" />
      </word>
      <word id="m03-020-05-02" tag="ATI" text="the">
        <cmp x="943" y="1632" width="98" height="55" />
      </word>
      <word id="m03-020-05-03" tag="NN" text="river">
        <cmp x="1083" y="1652" width="25" height="36" />
        <cmp x="1110" y="1654" width="7" height="28" />
        <cmp x="1112" y="1631" width="6" height="9" />
        <cmp x="1126" y="1646" width="97" height="51" />
      </word>
      <word id="m03-020-05-04" tag="." text=".">
        <cmp x="1237" y="1681" width="11" height="10" />
      </word>
      <word id="m03-020-05-05" sentence-start="yes" tag="*&apos;" text="&apos;">
        <cmp x="1275" y="1621" width="10" height="30" />
      </word>
      <word id="m03-020-05-06" tag="PN" text="Something">
        <cmp x="1310" y="1630" width="57" height="57" />
        <cmp x="1372" y="1649" width="58" height="32" />
        <cmp x="1431" y="1645" width="27" height="34" />
        <cmp x="1462" y="1623" width="81" height="60" />
        <cmp x="1549" y="1628" width="9" height="11" />
        <cmp x="1552" y="1648" width="9" height="32" />
        <cmp x="1570" y="1649" width="37" height="31" />
        <cmp x="1611" y="1642" width="28" height="75" />
      </word>
      <word id="m03-020-05-07" tag="VBD" text="moved">
        <cmp x="1699" y="1645" width="65" height="38" />
        <cmp x="1765" y="1647" width="26" height="34" />
        <cmp x="1789" y="1644" width="81" height="40" />
        <cmp x="1868" y="1628" width="41" height="55" />
      </word>
      <word id="m03-020-05-08" tag="." text=".">
        <cmp x="1918" y="1681" width="6" height="9" />
      </word>
      <word id="m03-020-05-09" tag="**&apos;" text="&apos;">
        <cmp x="1932" y="1605" width="21" height="33" />
      </word>
      <upper-contour>
        <point x="343" y="1543" />
        <point x="1816" y="1543" />
      </upper-contour>
    </line>
  </handwritten-part>
</form>

