<?xml version="1.0" encoding="ISO-8859-1"?>

<!DOCTYPE form SYSTEM 'http://www.iam.unibe.ch/~fki/iamdb/form-metadata.dtd'>

<form created="2002-01-25" height="3542" id="m03-095" last-modified="2002-07-17" skew="-63" status="final" version="3.0_beta" width="2479" writer-id="541">
  <machine-printed-part>
    <machine-print-line text="I had a distinct impression that the hut had recently been cleaned and prepared for" />
    <machine-print-line text="visitors. Mrs Caine said we were to go no further unless and until we were sent for," />
    <machine-print-line text="confirming another impression that became more and more definite, namely, that she" />
    <machine-print-line text="was in touch with an invisible source of authority." />
  </machine-printed-part>
  <handwritten-part>
    <line ass="-535" asx="0" asy="697" character-width="999" dss="-535" dsx="0" dsy="819" fd0="13298" fd1="3021" fd2="-568" filter-width="4" id="m03-095-00" lbs="-412" lbx="0" lby="776" segmentation="ok" slant="81000" stroke-width="5974" threshold="171" text="I had a distinct impression that the" ubs="-782" ubx="0" uby="731">
      <word id="m03-095-00-00" sentence-start="yes" tag="PP1A" text="I">
        <cmp x="326" y="715" width="64" height="87" />
        <cmp x="340" y="701" width="68" height="17" />
      </word>
      <word id="m03-095-00-01" tag="HVD" text="had">
        <cmp x="466" y="710" width="180" height="76" />
      </word>
      <word id="m03-095-00-02" tag="AT" text="a">
        <cmp x="660" y="740" width="48" height="45" />
      </word>
      <word id="m03-095-00-03" tag="JJ" text="distinct">
        <cmp x="773" y="715" width="92" height="66" />
        <cmp x="862" y="722" width="9" height="13" />
        <cmp x="867" y="741" width="31" height="45" />
        <cmp x="909" y="717" width="57" height="71" />
        <cmp x="966" y="719" width="11" height="10" />
        <cmp x="978" y="749" width="82" height="44" />
        <cmp x="1071" y="732" width="52" height="58" />
      </word>
      <word id="m03-095-00-04" tag="NN" text="impression">
        <cmp x="1175" y="744" width="15" height="45" />
        <cmp x="1186" y="735" width="9" height="8" />
        <cmp x="1203" y="760" width="129" height="73" />
        <cmp x="1347" y="754" width="107" height="43" />
        <cmp x="1450" y="762" width="6" height="4" />
        <cmp x="1468" y="746" width="34" height="49" />
        <cmp x="1505" y="753" width="22" height="33" />
        <cmp x="1531" y="728" width="12" height="7" />
        <cmp x="1543" y="757" width="105" height="35" />
        <cmp x="1559" y="757" width="8" height="5" />
      </word>
      <word id="m03-095-00-05" tag="CS" text="that">
        <cmp x="1700" y="729" width="170" height="64" />
        <cmp x="1875" y="732" width="44" height="64" />
      </word>
      <word id="m03-095-00-06" tag="ATI" text="the">
        <cmp x="1974" y="731" width="187" height="68" />
      </word>
      <lower-contour>
        <point x="327" y="833" />
        <point x="2162" y="833" />
      </lower-contour>
    </line>
    <line ass="-73" asx="0" asy="891" character-width="999" dss="-73" dsx="0" dsy="1026" fd0="12930" fd1="2607" fd2="-861" filter-width="4" id="m03-095-01" lbs="-46" lbx="0" lby="965" segmentation="ok" slant="89000" stroke-width="6186" threshold="169" text="hut had recently been cleaned and" ubs="-126" ubx="0" uby="928">
      <word id="m03-095-01-00" tag="NN" text="hut">
        <cmp x="329" y="893" width="142" height="72" />
      </word>
      <word id="m03-095-01-01" tag="HVD" text="had">
        <cmp x="508" y="899" width="55" height="64" />
        <cmp x="563" y="923" width="39" height="36" />
        <cmp x="603" y="897" width="100" height="78" />
      </word>
      <word id="m03-095-01-02" tag="RB" text="recently">
        <cmp x="750" y="932" width="22" height="42" />
        <cmp x="771" y="929" width="198" height="50" />
        <cmp x="967" y="915" width="48" height="55" />
        <cmp x="1016" y="907" width="78" height="122" />
      </word>
      <word id="m03-095-01-03" tag="BEN" text="been">
        <cmp x="1177" y="898" width="229" height="72" />
      </word>
      <word id="m03-095-01-04" tag="VBN" text="cleaned">
        <cmp x="1460" y="893" width="213" height="74" />
        <cmp x="1681" y="896" width="189" height="70" />
      </word>
      <word id="m03-095-01-05" tag="CC" text="and">
        <cmp x="1926" y="912" width="249" height="64" />
        <cmp x="1960" y="942" width="4" height="5" />
      </word>
      <upper-contour>
        <point x="327" y="833" />
        <point x="2162" y="833" />
      </upper-contour>
      <lower-contour>
        <point x="327" y="1029" />
        <point x="2176" y="1029" />
      </lower-contour>
    </line>
    <line ass="374" asx="0" asy="1089" character-width="999" dss="374" dsx="0" dsy="1206" fd0="13198" fd1="2897" fd2="-496" filter-width="4" id="m03-095-02" lbs="413" lbx="0" lby="1157" segmentation="ok" slant="79000" stroke-width="6235" threshold="168" text="prepared for visitors. Mrs Caine said" ubs="294" ubx="0" uby="1123">
      <word id="m03-095-02-00" tag="VBN" text="prepared">
        <cmp x="311" y="1107" width="194" height="90" />
        <cmp x="486" y="1138" width="5" height="4" />
        <cmp x="528" y="1113" width="98" height="42" />
        <cmp x="612" y="1098" width="149" height="61" />
      </word>
      <word id="m03-095-02-01" tag="IN" text="for">
        <cmp x="803" y="1093" width="166" height="109" />
      </word>
      <word id="m03-095-02-02" tag="NNS" text="visitors">
        <cmp x="986" y="1106" width="56" height="41" />
        <cmp x="1031" y="1083" width="26" height="13" />
        <cmp x="1061" y="1104" width="75" height="46" />
        <cmp x="1131" y="1089" width="7" height="15" />
        <cmp x="1166" y="1086" width="196" height="65" />
      </word>
      <word id="m03-095-02-03" tag="." text=".">
        <cmp x="1393" y="1135" width="11" height="10" />
      </word>
      <word id="m03-095-02-04" sentence-start="yes" tag="NPT" text="Mrs">
        <cmp x="1495" y="1089" width="57" height="61" />
        <cmp x="1555" y="1101" width="72" height="51" />
      </word>
      <word id="m03-095-02-05" tag="NP" text="Caine">
        <cmp x="1689" y="1083" width="168" height="66" />
        <cmp x="1852" y="1087" width="4" height="6" />
        <cmp x="1875" y="1110" width="136" height="46" />
      </word>
      <word id="m03-095-02-06" tag="VBD" text="said">
        <cmp x="2043" y="1101" width="104" height="45" />
        <cmp x="2144" y="1086" width="10" height="12" />
        <cmp x="2153" y="1098" width="63" height="59" />
      </word>
      <upper-contour>
        <point x="327" y="1029" />
        <point x="2176" y="1029" />
      </upper-contour>
      <lower-contour>
        <point x="313" y="1202" />
        <point x="2204" y="1202" />
      </lower-contour>
    </line>
    <line ass="-128" asx="0" asy="1245" character-width="999" dss="-128" dsx="0" dsy="1384" fd0="12639" fd1="2653" fd2="-252" filter-width="4" id="m03-095-03" lbs="-109" lbx="0" lby="1328" segmentation="ok" slant="79000" stroke-width="6340" threshold="168" text="we were to go no further unless and" ubs="-166" ubx="0" uby="1293">
      <word id="m03-095-03-00" tag="PP1AS" text="we">
        <cmp x="315" y="1285" width="126" height="44" />
      </word>
      <word id="m03-095-03-01" tag="BED" text="were">
        <cmp x="469" y="1289" width="267" height="51" />
      </word>
      <word id="m03-095-03-02" tag="TO" text="to">
        <cmp x="802" y="1265" width="81" height="58" />
      </word>
      <word id="m03-095-03-03" tag="VB" text="go">
        <cmp x="930" y="1284" width="99" height="104" />
      </word>
      <word id="m03-095-03-04" tag="RB" text="no">
        <cmp x="1068" y="1291" width="94" height="45" />
      </word>
      <word id="m03-095-03-05" tag="RBR" text="further">
        <cmp x="1219" y="1249" width="367" height="137" />
      </word>
      <word id="m03-095-03-06" tag="CS" text="unless">
        <cmp x="1615" y="1292" width="91" height="51" />
        <cmp x="1723" y="1270" width="74" height="69" />
        <cmp x="1794" y="1293" width="92" height="44" />
      </word>
      <word id="m03-095-03-07" tag="CC" text="and">
        <cmp x="1964" y="1279" width="239" height="61" />
      </word>
      <upper-contour>
        <point x="313" y="1202" />
        <point x="2204" y="1202" />
      </upper-contour>
      <lower-contour>
        <point x="313" y="1388" />
        <point x="2106" y="1388" />
      </lower-contour>
    </line>
    <line ass="-456" asx="0" asy="1418" character-width="999" dss="-456" dsx="0" dsy="1555" fd0="13207" fd1="2968" fd2="90" filter-width="4" id="m03-095-04" lbs="-565" lbx="0" lby="1493" segmentation="ok" slant="77000" stroke-width="6360" threshold="167" text="until we were sent for, confirming" ubs="-239" ubx="0" uby="1470">
      <word id="m03-095-04-00" tag="CS" text="until">
        <cmp x="303" y="1465" width="101" height="39" />
        <cmp x="420" y="1442" width="56" height="63" />
        <cmp x="479" y="1447" width="6" height="6" />
        <cmp x="517" y="1448" width="11" height="49" />
      </word>
      <word id="m03-095-04-01" tag="PP1AS" text="we">
        <cmp x="570" y="1456" width="109" height="51" />
        <cmp x="649" y="1465" width="5" height="4" />
      </word>
      <word id="m03-095-04-02" tag="BED" text="were">
        <cmp x="757" y="1469" width="54" height="44" />
        <cmp x="812" y="1473" width="187" height="41" />
      </word>
      <word id="m03-095-04-03" tag="VBN" text="sent">
        <cmp x="1058" y="1461" width="158" height="63" />
        <cmp x="1215" y="1444" width="56" height="61" />
      </word>
      <word id="m03-095-04-04" tag="IN" text="for">
        <cmp x="1292" y="1446" width="142" height="111" />
      </word>
      <word id="m03-095-04-05" tag="," text=",">
        <cmp x="1412" y="1506" width="26" height="40" />
      </word>
      <word id="m03-095-04-06" tag="VBG" text="confirming">
        <cmp x="1492" y="1441" width="217" height="117" />
        <cmp x="1720" y="1442" width="5" height="17" />
        <cmp x="1726" y="1476" width="234" height="38" />
        <cmp x="1953" y="1435" width="11" height="10" />
        <cmp x="1974" y="1467" width="62" height="36" />
        <cmp x="2045" y="1471" width="58" height="102" />
      </word>
      <upper-contour>
        <point x="313" y="1388" />
        <point x="2106" y="1388" />
      </upper-contour>
      <lower-contour>
        <point x="301" y="1573" />
        <point x="2106" y="1573" />
      </lower-contour>
    </line>
    <line ass="-149" asx="0" asy="1608" character-width="999" dss="-149" dsx="0" dsy="1722" fd0="12692" fd1="2600" fd2="-505" filter-width="4" id="m03-095-05" lbs="-157" lbx="0" lby="1676" segmentation="ok" slant="84000" stroke-width="6262" threshold="167" text="another impression that became more" ubs="-132" ubx="0" uby="1650">
      <word id="m03-095-05-00" tag="DT" text="another">
        <cmp x="297" y="1652" width="182" height="32" />
        <cmp x="489" y="1613" width="193" height="72" />
      </word>
      <word id="m03-095-05-01" tag="NN" text="impression">
        <cmp x="742" y="1636" width="10" height="37" />
        <cmp x="749" y="1613" width="8" height="11" />
        <cmp x="761" y="1643" width="239" height="83" />
        <cmp x="1007" y="1638" width="131" height="47" />
        <cmp x="1135" y="1616" width="9" height="16" />
        <cmp x="1149" y="1650" width="115" height="37" />
      </word>
      <word id="m03-095-05-02" tag="WP" text="that">
        <cmp x="1287" y="1620" width="168" height="71" />
        <cmp x="1456" y="1613" width="63" height="70" />
      </word>
      <word id="m03-095-05-03" tag="VBD" text="became">
        <cmp x="1585" y="1613" width="389" height="77" />
      </word>
      <word id="m03-095-05-04" tag="QL" text="more">
        <cmp x="2018" y="1645" width="231" height="60" />
      </word>
      <upper-contour>
        <point x="301" y="1573" />
        <point x="2106" y="1573" />
      </upper-contour>
      <lower-contour>
        <point x="295" y="1726" />
        <point x="2163" y="1726" />
      </lower-contour>
    </line>
    <line ass="-68" asx="0" asy="1781" character-width="999" dss="-68" dsx="0" dsy="1922" fd0="12882" fd1="2780" fd2="-235" filter-width="4" id="m03-095-06" lbs="6" lbx="0" lby="1861" segmentation="ok" slant="78000" stroke-width="6362" threshold="167" text="and more definite, namely, that" ubs="-217" ubx="0" uby="1828">
      <word id="m03-095-06-00" tag="CC" text="and">
        <cmp x="295" y="1806" width="205" height="65" />
      </word>
      <word id="m03-095-06-01" tag="QL" text="more">
        <cmp x="575" y="1822" width="273" height="49" />
      </word>
      <word id="m03-095-06-02" tag="JJ" text="definite">
        <cmp x="893" y="1794" width="206" height="123" />
        <cmp x="1104" y="1792" width="8" height="13" />
        <cmp x="1115" y="1827" width="47" height="34" />
        <cmp x="1176" y="1801" width="22" height="12" />
        <cmp x="1176" y="1819" width="19" height="36" />
        <cmp x="1203" y="1783" width="107" height="81" />
      </word>
      <word id="m03-095-06-03" tag="," text=",">
        <cmp x="1305" y="1860" width="30" height="50" />
      </word>
      <word id="m03-095-06-04" tag="RB" text="namely">
        <cmp x="1395" y="1827" width="47" height="36" />
        <cmp x="1453" y="1826" width="189" height="41" />
        <cmp x="1654" y="1810" width="98" height="116" />
      </word>
      <word id="m03-095-06-05" tag="," text=",">
        <cmp x="1791" y="1852" width="27" height="48" />
      </word>
      <word id="m03-095-06-06" tag="CS" text="that">
        <cmp x="1864" y="1796" width="202" height="81" />
        <cmp x="2056" y="1803" width="106" height="62" />
      </word>
      <upper-contour>
        <point x="295" y="1726" />
        <point x="2163" y="1726" />
      </upper-contour>
      <lower-contour>
        <point x="330" y="1926" />
        <point x="2153" y="1926" />
      </lower-contour>
    </line>
    <line ass="443" asx="0" asy="1965" character-width="999" dss="443" dsx="0" dsy="2067" fd0="13221" fd1="2886" fd2="414" filter-width="4" id="m03-095-07" lbs="401" lbx="0" lby="2048" segmentation="ok" slant="84000" stroke-width="6344" threshold="166" text="she was in touch with an invi-" ubs="525" ubx="0" uby="2021">
      <word id="m03-095-07-00" tag="PP3A" text="she">
        <cmp x="332" y="1962" width="181" height="89" />
      </word>
      <word id="m03-095-07-01" tag="BEDZ" text="was">
        <cmp x="584" y="2012" width="188" height="50" />
      </word>
      <word id="m03-095-07-02" tag="IN" text="in">
        <cmp x="841" y="2017" width="11" height="24" />
        <cmp x="846" y="1977" width="8" height="10" />
        <cmp x="871" y="2019" width="67" height="21" />
      </word>
      <word id="m03-095-07-03" tag="NN" text="touch">
        <cmp x="986" y="1979" width="55" height="62" />
        <cmp x="1048" y="1976" width="252" height="72" />
      </word>
      <word id="m03-095-07-04" tag="IN" text="with">
        <cmp x="1356" y="2001" width="97" height="38" />
        <cmp x="1446" y="1976" width="21" height="9" />
        <cmp x="1470" y="1976" width="122" height="66" />
      </word>
      <word id="m03-095-07-05" tag="AT" text="an">
        <cmp x="1678" y="1992" width="129" height="43" />
      </word>
      <word id="m03-095-07-06" tag="JJ-" text="invi-">
        <cmp x="1900" y="1995" width="19" height="43" />
        <cmp x="1917" y="1962" width="5" height="18" />
        <cmp x="1930" y="2006" width="49" height="39" />
        <cmp x="2001" y="1998" width="68" height="44" />
        <cmp x="2062" y="1966" width="5" height="5" />
        <cmp x="2069" y="1968" width="8" height="9" />
        <cmp x="2105" y="2006" width="47" height="10" />
      </word>
      <upper-contour>
        <point x="330" y="1926" />
        <point x="2153" y="1926" />
      </upper-contour>
      <lower-contour>
        <point x="330" y="2063" />
        <point x="1703" y="2063" />
      </lower-contour>
    </line>
    <line ass="-312" asx="0" asy="2140" character-width="999" dss="-312" dsx="0" dsy="2259" fd0="12945" fd1="2690" fd2="-345" filter-width="4" id="m03-095-08" lbs="-228" lbx="0" lby="2219" segmentation="ok" slant="84000" stroke-width="6276" threshold="165" text="sible source of authority." ubs="-480" ubx="0" uby="2178">
      <word id="m03-095-08-00" tag="-JJ" text="sible">
        <cmp x="320" y="2179" width="101" height="53" />
        <cmp x="393" y="2148" width="4" height="4" />
        <cmp x="400" y="2153" width="8" height="5" />
        <cmp x="440" y="2149" width="41" height="70" />
        <cmp x="490" y="2158" width="76" height="59" />
      </word>
      <word id="m03-095-08-01" tag="NN" text="source">
        <cmp x="643" y="2172" width="324" height="59" />
      </word>
      <word id="m03-095-08-02" tag="INO" text="of">
        <cmp x="1010" y="2154" width="103" height="101" />
      </word>
      <word id="m03-095-08-03" tag="NN" text="authority">
        <cmp x="1187" y="2177" width="104" height="41" />
        <cmp x="1293" y="2148" width="221" height="78" />
        <cmp x="1501" y="2160" width="5" height="9" />
        <cmp x="1532" y="2161" width="111" height="108" />
      </word>
      <word id="m03-095-08-04" tag="." text=".">
        <cmp x="1696" y="2214" width="7" height="8" />
      </word>
      <upper-contour>
        <point x="330" y="2063" />
        <point x="1703" y="2063" />
      </upper-contour>
    </line>
  </handwritten-part>
</form>

