<?xml version="1.0" encoding="ISO-8859-1"?>

<!DOCTYPE form SYSTEM 'http://www.iam.unibe.ch/~fki/iamdb/form-metadata.dtd'>

<form created="2002-01-25" height="3542" id="m04-038" last-modified="2002-07-17" skew="30" status="final" version="3.0_beta" width="2479" writer-id="545">
  <machine-printed-part>
    <machine-print-line text="So the bus set out for Llangrwl. But it never reached there! Somewhere, on those" />
    <machine-print-line text="fifteen miles of mountain roads, it disappeared from the earthly scene. The first" />
    <machine-print-line text="intimation that all was not well came when a Mr. Isaiah Roberts, landlord of The" />
    <machine-print-line text="Traveller&apos;s Joy, rang up the Dinas Motor Omnibus Co. to ask what had happened to" />
    <machine-print-line text="their damn bus." />
  </machine-printed-part>
  <handwritten-part>
    <line ass="-268" asx="0" asy="721" character-width="999" dss="-268" dsx="0" dsy="879" fd0="13174" fd1="2819" fd2="-891" filter-width="4" id="m04-038-00" lbs="-245" lbx="0" lby="825" segmentation="ok" slant="108999" stroke-width="6036" threshold="181" text="So the bus set out for Llangrwl. But it never reached there! Somewhere," ubs="-313" ubx="0" uby="787">
      <word id="m04-038-00-00" sentence-start="yes" tag="RB" text="So">
        <cmp x="323" y="774" width="56" height="53" />
      </word>
      <word id="m04-038-00-01" tag="ATI" text="the">
        <cmp x="398" y="763" width="74" height="67" />
      </word>
      <word id="m04-038-00-02" tag="NN" text="bus">
        <cmp x="485" y="766" width="86" height="75" />
      </word>
      <word id="m04-038-00-03" tag="VBD" text="set">
        <cmp x="600" y="750" width="67" height="88" />
      </word>
      <word id="m04-038-00-04" tag="RP" text="out">
        <cmp x="700" y="730" width="80" height="101" />
      </word>
      <word id="m04-038-00-05" tag="IN" text="for">
        <cmp x="798" y="747" width="72" height="110" />
      </word>
      <word id="m04-038-00-06" tag="NP" text="Llangrwl">
        <cmp x="888" y="752" width="238" height="133" />
      </word>
      <word id="m04-038-00-07" tag="." text=".">
        <cmp x="1145" y="838" width="6" height="13" />
      </word>
      <word id="m04-038-00-08" sentence-start="yes" tag="CC" text="But">
        <cmp x="1177" y="764" width="99" height="79" />
        <cmp x="1186" y="786" width="22" height="58" />
      </word>
      <word id="m04-038-00-09" tag="PP3" text="it">
        <cmp x="1286" y="773" width="9" height="12" />
        <cmp x="1303" y="770" width="38" height="69" />
      </word>
      <word id="m04-038-00-10" tag="RB" text="never">
        <cmp x="1372" y="796" width="135" height="44" />
      </word>
      <word id="m04-038-00-11" tag="VBD" text="reached">
        <cmp x="1547" y="729" width="163" height="112" />
      </word>
      <word id="m04-038-00-12" tag="RN" text="there">
        <cmp x="1734" y="760" width="116" height="82" />
      </word>
      <word id="m04-038-00-13" tag="!" text="!">
        <cmp x="1872" y="749" width="9" height="47" />
        <cmp x="1880" y="814" width="6" height="13" />
      </word>
      <word id="m04-038-00-14" sentence-start="yes" tag="RB" text="Somewhere">
        <cmp x="1913" y="753" width="246" height="77" />
      </word>
      <word id="m04-038-00-15" tag="," text=",">
        <cmp x="2184" y="826" width="9" height="30" />
      </word>
      <lower-contour>
        <point x="321" y="857" />
        <point x="1025" y="885" />
        <point x="1105" y="856" />
        <point x="2194" y="856" />
      </lower-contour>
    </line>
    <line ass="-1108" asx="0" asy="837" character-width="999" dss="-1108" dsx="0" dsy="998" fd0="13101" fd1="2761" fd2="-702" filter-width="4" id="m04-038-01" lbs="-1069" lbx="0" lby="947" segmentation="ok" slant="114000" stroke-width="5993" threshold="182" text="on those fifteen miles of mountain roads, it disappeared from the earthly" ubs="-1186" ubx="0" uby="914">
      <word id="m04-038-01-00" tag="IN" text="on">
        <cmp x="323" y="925" width="80" height="36" />
      </word>
      <word id="m04-038-01-01" tag="DTS" text="those">
        <cmp x="440" y="886" width="124" height="68" />
      </word>
      <word id="m04-038-01-02" tag="CD" text="fifteen">
        <cmp x="575" y="870" width="45" height="114" />
        <cmp x="608" y="879" width="132" height="119" />
      </word>
      <word id="m04-038-01-03" tag="NNS" text="miles">
        <cmp x="766" y="879" width="123" height="91" />
        <cmp x="813" y="899" width="6" height="11" />
      </word>
      <word id="m04-038-01-04" tag="INO" text="of">
        <cmp x="919" y="880" width="55" height="111" />
      </word>
      <word id="m04-038-01-05" tag="NN" text="mountain">
        <cmp x="1008" y="870" width="216" height="102" />
        <cmp x="1129" y="996" width="7" height="6" />
        <cmp x="1186" y="910" width="10" height="13" />
      </word>
      <word id="m04-038-01-06" tag="NNS" text="roads">
        <cmp x="1246" y="863" width="132" height="108" />
      </word>
      <word id="m04-038-01-07" tag="," text=",">
        <cmp x="1402" y="954" width="11" height="25" />
      </word>
      <word id="m04-038-01-08" tag="PP3" text="it">
        <cmp x="1416" y="900" width="8" height="14" />
        <cmp x="1435" y="889" width="34" height="75" />
      </word>
      <word id="m04-038-01-09" tag="VBD" text="disappeared">
        <cmp x="1498" y="881" width="307" height="137" />
        <cmp x="1550" y="911" width="11" height="10" />
      </word>
      <word id="m04-038-01-10" tag="IN" text="from">
        <cmp x="1818" y="906" width="128" height="107" />
      </word>
      <word id="m04-038-01-11" tag="ATI" text="the">
        <cmp x="1960" y="900" width="88" height="87" />
      </word>
      <word id="m04-038-01-12" tag="JJ" text="earthly">
        <cmp x="2074" y="901" width="167" height="140" />
      </word>
      <upper-contour>
        <point x="321" y="857" />
        <point x="1025" y="885" />
        <point x="1105" y="856" />
        <point x="2194" y="856" />
      </upper-contour>
      <lower-contour>
        <point x="321" y="1002" />
        <point x="1130" y="1001" />
        <point x="1646" y="1018" />
        <point x="2017" y="1018" />
      </lower-contour>
    </line>
    <line ass="-1314" asx="0" asy="976" character-width="999" dss="-1314" dsx="0" dsy="1086" fd0="13491" fd1="2851" fd2="-550" filter-width="4" id="m04-038-02" lbs="-1350" lbx="0" lby="1069" segmentation="ok" slant="105000" stroke-width="6114" threshold="181" text="scene. The first intimation that all was not well came when a" ubs="-1240" ubx="0" uby="1040">
      <word id="m04-038-02-00" tag="NN" text="scene">
        <cmp x="304" y="1043" width="135" height="42" />
      </word>
      <word id="m04-038-02-01" tag="." text=".">
        <cmp x="444" y="1077" width="9" height="11" />
      </word>
      <word id="m04-038-02-02" sentence-start="yes" tag="ATI" text="The">
        <cmp x="481" y="1017" width="92" height="73" />
      </word>
      <word id="m04-038-02-03" tag="OD" text="first">
        <cmp x="609" y="1012" width="109" height="89" />
        <cmp x="621" y="1077" width="6" height="8" />
        <cmp x="657" y="1023" width="12" height="12" />
      </word>
      <word id="m04-038-02-04" tag="NN" text="intimation">
        <cmp x="755" y="1006" width="278" height="88" />
        <cmp x="757" y="1022" width="8" height="12" />
        <cmp x="807" y="1029" width="4" height="6" />
        <cmp x="856" y="1005" width="8" height="14" />
        <cmp x="986" y="1025" width="9" height="18" />
      </word>
      <word id="m04-038-02-05" tag="CS" text="that">
        <cmp x="1056" y="1004" width="105" height="89" />
      </word>
      <word id="m04-038-02-06" tag="ABN" text="all">
        <cmp x="1204" y="1007" width="74" height="86" />
      </word>
      <word id="m04-038-02-07" tag="BEDZ" text="was">
        <cmp x="1312" y="1056" width="86" height="41" />
      </word>
      <word id="m04-038-02-08" tag="XNOT" text="not">
        <cmp x="1423" y="1017" width="90" height="86" />
      </word>
      <word id="m04-038-02-09" tag="JJ" text="well">
        <cmp x="1540" y="1012" width="93" height="98" />
      </word>
      <word id="m04-038-02-10" tag="VBD" text="came">
        <cmp x="1681" y="1081" width="113" height="44" />
      </word>
      <word id="m04-038-02-11" tag="WRB" text="when">
        <cmp x="1821" y="1045" width="120" height="75" />
      </word>
      <word id="m04-038-02-12" tag="AT" text="a">
        <cmp x="1978" y="1089" width="38" height="34" />
      </word>
      <upper-contour>
        <point x="321" y="1002" />
        <point x="1130" y="1001" />
        <point x="1646" y="1018" />
        <point x="2017" y="1018" />
      </upper-contour>
      <lower-contour>
        <point x="302" y="1125" />
        <point x="2017" y="1125" />
      </lower-contour>
    </line>
    <line ass="-775" asx="0" asy="1123" character-width="999" dss="-775" dsx="0" dsy="1291" fd0="13493" fd1="2963" fd2="-413" filter-width="4" id="m04-038-03" lbs="-808" lbx="0" lby="1219" segmentation="ok" slant="108999" stroke-width="6019" threshold="181" text="Mr. Isaiah Roberts, landlord of The Traveller&apos;s Joy, rang up the" ubs="-709" ubx="0" uby="1185">
      <word id="m04-038-03-00" tag="NPT" text="Mr.">
        <cmp x="287" y="1162" width="73" height="68" />
        <cmp x="382" y="1233" width="9" height="10" />
      </word>
      <word id="m04-038-03-01" tag="NP" text="Isaiah">
        <cmp x="426" y="1147" width="171" height="96" />
        <cmp x="508" y="1182" width="10" height="13" />
      </word>
      <word id="m04-038-03-02" tag="NP" text="Roberts">
        <cmp x="624" y="1151" width="160" height="87" />
      </word>
      <word id="m04-038-03-03" tag="," text=",">
        <cmp x="804" y="1225" width="9" height="29" />
      </word>
      <word id="m04-038-03-04" tag="NN" text="landlord">
        <cmp x="822" y="1153" width="160" height="86" />
        <cmp x="982" y="1154" width="59" height="77" />
      </word>
      <word id="m04-038-03-05" tag="INO" text="of">
        <cmp x="1074" y="1143" width="54" height="113" />
        <cmp x="1118" y="1218" width="5" height="5" />
      </word>
      <word id="m04-038-03-06" tag="ATI" text="The">
        <cmp x="1158" y="1149" width="19" height="46" />
        <cmp x="1169" y="1154" width="85" height="74" />
      </word>
      <word id="m04-038-03-07" tag="NN$" text="Traveller&apos;s">
        <cmp x="1287" y="1147" width="27" height="51" />
        <cmp x="1297" y="1143" width="239" height="93" />
        <cmp x="1554" y="1164" width="6" height="26" />
        <cmp x="1573" y="1219" width="32" height="31" />
      </word>
      <word id="m04-038-03-08" tag="NN" text="Joy">
        <cmp x="1646" y="1183" width="83" height="116" />
      </word>
      <word id="m04-038-03-09" tag="," text=",">
        <cmp x="1755" y="1236" width="8" height="28" />
      </word>
      <word id="m04-038-03-10" tag="VBD" text="rang">
        <cmp x="1778" y="1214" width="118" height="103" />
      </word>
      <word id="m04-038-03-11" tag="RP" text="up">
        <cmp x="1912" y="1216" width="73" height="71" />
      </word>
      <word id="m04-038-03-12" tag="ATI" text="the">
        <cmp x="2012" y="1174" width="85" height="83" />
      </word>
      <upper-contour>
        <point x="302" y="1125" />
        <point x="2017" y="1125" />
      </upper-contour>
      <lower-contour>
        <point x="285" y="1287" />
        <point x="1714" y="1311" />
        <point x="1880" y="1316" />
        <point x="1887" y="1317" />
        <point x="1905" y="1287" />
        <point x="2009" y="1287" />
      </lower-contour>
    </line>
    <line ass="-403" asx="0" asy="1282" character-width="999" dss="-403" dsx="0" dsy="1425" fd0="13345" fd1="2629" fd2="-976" filter-width="4" id="m04-038-04" lbs="-505" lbx="0" lby="1377" segmentation="ok" slant="113000" stroke-width="6185" threshold="180" text="Dinas Motor Omnibus Co. to ask what had happened to their" ubs="-198" ubx="0" uby="1350">
      <word id="m04-038-04-00" tag="NP" text="Dinas">
        <cmp x="286" y="1327" width="51" height="48" />
        <cmp x="332" y="1351" width="100" height="28" />
        <cmp x="392" y="1319" width="9" height="14" />
      </word>
      <word id="m04-038-04-01" tag="NN" text="Motor">
        <cmp x="467" y="1292" width="104" height="96" />
        <cmp x="571" y="1352" width="34" height="30" />
      </word>
      <word id="m04-038-04-02" tag="NN" text="Omnibus">
        <cmp x="640" y="1310" width="194" height="80" />
        <cmp x="746" y="1321" width="9" height="17" />
      </word>
      <word id="m04-038-04-03" tag="NNP" text="Co.">
        <cmp x="862" y="1324" width="72" height="66" />
        <cmp x="949" y="1382" width="10" height="10" />
      </word>
      <word id="m04-038-04-04" tag="TO" text="to">
        <cmp x="991" y="1313" width="80" height="85" />
      </word>
      <word id="m04-038-04-05" tag="VB" text="ask">
        <cmp x="1092" y="1306" width="102" height="86" />
      </word>
      <word id="m04-038-04-06" tag="WDT" text="what">
        <cmp x="1216" y="1292" width="111" height="88" />
      </word>
      <word id="m04-038-04-07" tag="HVD" text="had">
        <cmp x="1356" y="1294" width="112" height="90" />
      </word>
      <word id="m04-038-04-08" tag="VBN" text="happened">
        <cmp x="1495" y="1300" width="253" height="137" />
      </word>
      <word id="m04-038-04-09" tag="IN" text="to">
        <cmp x="1777" y="1325" width="75" height="77" />
      </word>
      <word id="m04-038-04-10" tag="PP$" text="their">
        <cmp x="1874" y="1312" width="134" height="85" />
        <cmp x="1994" y="1333" width="12" height="10" />
      </word>
      <upper-contour>
        <point x="285" y="1287" />
        <point x="1714" y="1311" />
        <point x="1880" y="1316" />
        <point x="1887" y="1317" />
        <point x="1905" y="1287" />
        <point x="2009" y="1287" />
      </upper-contour>
      <lower-contour>
        <point x="284" y="1388" />
        <point x="605" y="1388" />
      </lower-contour>
    </line>
    <line ass="-2169" asx="0" asy="1429" character-width="999" dss="-2169" dsx="0" dsy="1510" fd0="12220" fd1="1704" fd2="-211" filter-width="4" id="m04-038-05" lbs="-1553" lbx="0" lby="1510" segmentation="ok" slant="119000" stroke-width="6635" threshold="176" text="damn bus." ubs="-3401" ubx="0" uby="1472">
      <word id="m04-038-05-00" tag="JJ" text="damn">
        <cmp x="282" y="1449" width="171" height="73" />
      </word>
      <word id="m04-038-05-01" tag="NN" text="bus">
        <cmp x="474" y="1447" width="96" height="78" />
      </word>
      <word id="m04-038-05-02" tag="." text=".">
        <cmp x="596" y="1518" width="8" height="11" />
      </word>
      <upper-contour>
        <point x="284" y="1388" />
        <point x="605" y="1388" />
      </upper-contour>
    </line>
  </handwritten-part>
</form>

