<?xml version="1.0" encoding="ISO-8859-1"?>

<!DOCTYPE form SYSTEM 'http://www.iam.unibe.ch/~fki/iamdb/form-metadata.dtd'>

<form created="2002-01-25" height="3542" id="m04-251" last-modified="2002-07-17" skew="95" status="final" version="3.0_beta" width="2479" writer-id="548">
  <machine-printed-part>
    <machine-print-line text="&amp;quot;Then we are saved,&amp;quot; cried the Rev. Edwards. Shyly, Morfydd Owen produced a" />
    <machine-print-line text="block of chocolate." />
  </machine-printed-part>
  <handwritten-part>
    <line ass="125" asx="0" asy="664" character-width="999" dss="125" dsx="0" dsy="773" fd0="14494" fd1="3564" fd2="606" filter-width="3" id="m04-251-00" lbs="193" lbx="0" lby="755" segmentation="ok" slant="77000" stroke-width="5105" threshold="196" text="&amp;quot;Then we are saved,&amp;quot; cried the Rev. Edwards." ubs="-8" ubx="0" uby="731">
      <word id="m04-251-00-00" sentence-start="yes" tag="*&apos;" text="&quot;">
        <cmp x="375" y="665" width="7" height="19" />
        <cmp x="386" y="665" width="10" height="19" />
      </word>
      <word id="m04-251-00-01" tag="RN" text="Then">
        <cmp x="411" y="701" width="37" height="56" />
        <cmp x="451" y="687" width="40" height="60" />
        <cmp x="503" y="724" width="21" height="24" />
        <cmp x="529" y="724" width="37" height="30" />
      </word>
      <word id="m04-251-00-02" tag="PP1AS" text="we">
        <cmp x="627" y="726" width="81" height="26" />
      </word>
      <word id="m04-251-00-03" tag="BER" text="are">
        <cmp x="741" y="728" width="31" height="25" />
        <cmp x="777" y="730" width="64" height="20" />
      </word>
      <word id="m04-251-00-04" tag="VBN" text="saved">
        <cmp x="896" y="729" width="35" height="34" />
        <cmp x="935" y="738" width="60" height="23" />
        <cmp x="988" y="735" width="46" height="17" />
        <cmp x="1035" y="715" width="47" height="42" />
        <cmp x="1074" y="707" width="10" height="7" />
      </word>
      <word id="m04-251-00-05" tag="," text=",">
        <cmp x="1107" y="745" width="9" height="18" />
      </word>
      <word id="m04-251-00-06" tag="**&apos;" text="&quot;">
        <cmp x="1146" y="677" width="17" height="14" />
      </word>
      <word id="m04-251-00-07" tag="VBD" text="cried">
        <cmp x="1221" y="726" width="29" height="30" />
        <cmp x="1254" y="729" width="47" height="28" />
        <cmp x="1296" y="706" width="8" height="6" />
        <cmp x="1315" y="725" width="16" height="21" />
        <cmp x="1331" y="713" width="50" height="37" />
      </word>
      <word id="m04-251-00-08" tag="ATI" text="the">
        <cmp x="1466" y="712" width="27" height="58" />
        <cmp x="1499" y="700" width="47" height="55" />
      </word>
      <word id="m04-251-00-09" tag="NPT" text="Rev.">
        <cmp x="1607" y="706" width="57" height="56" />
        <cmp x="1676" y="731" width="34" height="26" />
        <cmp x="1714" y="749" width="13" height="7" />
      </word>
      <word id="m04-251-00-10" tag="NP" text="Edwards">
        <cmp x="1798" y="717" width="12" height="30" />
        <cmp x="1812" y="742" width="24" height="6" />
        <cmp x="1813" y="696" width="23" height="7" />
        <cmp x="1819" y="724" width="11" height="6" />
        <cmp x="1844" y="701" width="49" height="49" />
        <cmp x="1900" y="722" width="39" height="26" />
        <cmp x="1943" y="730" width="42" height="16" />
        <cmp x="1991" y="705" width="40" height="41" />
        <cmp x="2033" y="722" width="25" height="30" />
      </word>
      <word id="m04-251-00-11" tag="." text=".">
        <cmp x="2096" y="736" width="6" height="8" />
      </word>
      <lower-contour>
        <point x="395" y="770" />
        <point x="1824" y="770" />
      </lower-contour>
    </line>
    <line ass="-617" asx="0" asy="890" character-width="999" dss="-617" dsx="0" dsy="1008" fd0="14157" fd1="2725" fd2="-500" filter-width="3" id="m04-251-01" lbs="-386" lbx="0" lby="957" segmentation="ok" slant="83000" stroke-width="5094" threshold="195" text="Shyly, Morfydd Owen produced a block of" ubs="-1080" ubx="0" uby="918">
      <word id="m04-251-01-00" sentence-start="yes" tag="RB" text="Shyly">
        <cmp x="397" y="906" width="81" height="60" />
        <cmp x="481" y="942" width="35" height="73" />
        <cmp x="528" y="910" width="63" height="100" />
      </word>
      <word id="m04-251-01-01" tag="," text=",">
        <cmp x="621" y="966" width="11" height="32" />
      </word>
      <word id="m04-251-01-02" tag="NP" text="Morfydd">
        <cmp x="683" y="928" width="13" height="38" />
        <cmp x="691" y="915" width="37" height="54" />
        <cmp x="732" y="945" width="24" height="25" />
        <cmp x="760" y="942" width="36" height="26" />
        <cmp x="801" y="906" width="34" height="80" />
        <cmp x="834" y="941" width="26" height="61" />
        <cmp x="863" y="922" width="37" height="40" />
        <cmp x="893" y="912" width="49" height="51" />
      </word>
      <word id="m04-251-01-03" tag="NP" text="Owen">
        <cmp x="1005" y="916" width="117" height="47" />
        <cmp x="1126" y="930" width="26" height="31" />
      </word>
      <word id="m04-251-01-04" tag="VBD" text="produced">
        <cmp x="1188" y="948" width="29" height="44" />
        <cmp x="1220" y="944" width="55" height="28" />
        <cmp x="1291" y="922" width="75" height="45" />
        <cmp x="1374" y="945" width="50" height="24" />
        <cmp x="1430" y="938" width="36" height="30" />
        <cmp x="1463" y="930" width="7" height="7" />
      </word>
      <word id="m04-251-01-05" tag="AT" text="a">
        <cmp x="1514" y="950" width="31" height="21" />
      </word>
      <word id="m04-251-01-06" tag="NN" text="block">
        <cmp x="1586" y="915" width="37" height="60" />
        <cmp x="1634" y="920" width="44" height="48" />
        <cmp x="1683" y="958" width="10" height="13" />
        <cmp x="1693" y="955" width="5" height="4" />
        <cmp x="1695" y="946" width="15" height="20" />
        <cmp x="1706" y="910" width="18" height="64" />
      </word>
      <word id="m04-251-01-07" tag="INO" text="of">
        <cmp x="1762" y="915" width="61" height="78" />
      </word>
      <upper-contour>
        <point x="395" y="770" />
        <point x="1824" y="770" />
      </upper-contour>
      <lower-contour>
        <point x="409" y="1015" />
        <point x="726" y="1015" />
      </lower-contour>
    </line>
    <line ass="-1496" asx="0" asy="1053" character-width="999" dss="-1496" dsx="0" dsy="1136" fd0="13847" fd1="3484" fd2="92" filter-width="3" id="m04-251-02" lbs="-654" lbx="0" lby="1140" segmentation="ok" slant="73000" stroke-width="5014" threshold="196" text="chocolate." ubs="-3178" ubx="0" uby="1092">
      <word id="m04-251-02-00" tag="NN" text="chocolate">
        <cmp x="411" y="1112" width="30" height="34" />
        <cmp x="443" y="1066" width="29" height="74" />
        <cmp x="482" y="1121" width="24" height="28" />
        <cmp x="521" y="1126" width="46" height="26" />
        <cmp x="585" y="1095" width="27" height="55" />
        <cmp x="608" y="1132" width="37" height="20" />
        <cmp x="648" y="1087" width="45" height="60" />
      </word>
      <word id="m04-251-02-01" tag="." text=".">
        <cmp x="720" y="1136" width="6" height="9" />
      </word>
      <upper-contour>
        <point x="409" y="1015" />
        <point x="726" y="1015" />
      </upper-contour>
    </line>
  </handwritten-part>
</form>

