<?xml version="1.0" encoding="ISO-8859-1"?>

<!DOCTYPE form SYSTEM 'http://www.iam.unibe.ch/~fki/iamdb/form-metadata.dtd'>

<form created="2002-01-25" height="3542" id="m04-061" last-modified="2002-07-17" skew="0" status="final" version="3.0_beta" width="2479" writer-id="545">
  <machine-printed-part>
    <machine-print-line text="&amp;quot;And what are you going to do about it?&amp;quot; Tendentious, Mr. Roberts sounded. &amp;quot;What" />
    <machine-print-line text="do you want me to do? Send out a sheriff&apos;s posse, is it?&amp;quot; No sense of humour, that" />
    <machine-print-line text="Isaiah. He banged down the receiver. Very uncivil. Dropped the mask, now, Ifor did." />
    <machine-print-line text="&amp;quot;Dai Pugh,&amp;quot; he bellowed. &amp;quot;Leap on your bicycle and scour the countryside between" />
    <machine-print-line text="here and The Traveller&apos;s Joy." />
  </machine-printed-part>
  <handwritten-part>
    <line ass="77" asx="0" asy="774" character-width="999" dss="77" dsx="0" dsy="939" fd0="13163" fd1="2665" fd2="-540" filter-width="4" id="m04-061-00" lbs="189" lbx="0" lby="867" segmentation="ok" slant="104000" stroke-width="5984" threshold="182" text="&amp;quot;And what are you going to do about it?&amp;quot; Tendentious, Mr. Roberts sounded." ubs="-146" ubx="0" uby="831">
      <word id="m04-061-00-00" sentence-start="yes" tag="*&apos;" text="&quot;">
        <cmp x="349" y="798" width="5" height="8" />
        <cmp x="355" y="794" width="10" height="17" />
      </word>
      <word id="m04-061-00-01" tag="CC" text="And">
        <cmp x="390" y="795" width="108" height="90" />
      </word>
      <word id="m04-061-00-02" tag="WDT" text="what">
        <cmp x="516" y="798" width="94" height="84" />
      </word>
      <word id="m04-061-00-03" tag="BER" text="are">
        <cmp x="637" y="844" width="70" height="42" />
      </word>
      <word id="m04-061-00-04" tag="PP2" text="you">
        <cmp x="736" y="842" width="87" height="91" />
      </word>
      <word id="m04-061-00-05" tag="VBG" text="going">
        <cmp x="848" y="842" width="130" height="97" />
        <cmp x="938" y="822" width="11" height="12" />
      </word>
      <word id="m04-061-00-06" tag="TO" text="to">
        <cmp x="996" y="778" width="80" height="102" />
      </word>
      <word id="m04-061-00-07" tag="DO" text="do">
        <cmp x="1086" y="792" width="62" height="80" />
      </word>
      <word id="m04-061-00-08" tag="IN" text="about">
        <cmp x="1175" y="785" width="128" height="92" />
      </word>
      <word id="m04-061-00-09" tag="PP3" text="it">
        <cmp x="1320" y="798" width="7" height="13" />
        <cmp x="1336" y="789" width="45" height="78" />
      </word>
      <word id="m04-061-00-10" tag="?" text="?">
        <cmp x="1394" y="790" width="22" height="49" />
        <cmp x="1411" y="849" width="10" height="10" />
      </word>
      <word id="m04-061-00-11" tag="**&apos;" text="&quot;">
        <cmp x="1431" y="774" width="11" height="26" />
      </word>
      <word id="m04-061-00-12" sentence-start="yes" tag="JJ" text="Tendentious">
        <cmp x="1463" y="775" width="279" height="98" />
        <cmp x="1692" y="802" width="12" height="15" />
      </word>
      <word id="m04-061-00-13" tag="," text=",">
        <cmp x="1764" y="861" width="12" height="24" />
      </word>
      <word id="m04-061-00-14" tag="NPT" text="Mr.">
        <cmp x="1784" y="794" width="65" height="79" />
        <cmp x="1862" y="865" width="9" height="7" />
      </word>
      <word id="m04-061-00-15" tag="NP" text="Roberts">
        <cmp x="1885" y="774" width="160" height="101" />
      </word>
      <word id="m04-061-00-16" tag="VBD" text="sounded">
        <cmp x="2073" y="782" width="173" height="98" />
      </word>
      <word id="m04-061-00-17" tag="." text=".">
        <cmp x="2252" y="864" width="10" height="11" />
      </word>
      <lower-contour>
        <point x="347" y="926" />
        <point x="765" y="933" />
        <point x="788" y="931" />
        <point x="879" y="939" />
        <point x="947" y="933" />
        <point x="966" y="936" />
        <point x="1217" y="885" />
        <point x="2209" y="885" />
      </lower-contour>
    </line>
    <line ass="-657" asx="0" asy="910" character-width="999" dss="-657" dsx="0" dsy="1042" fd0="13163" fd1="2048" fd2="-733" filter-width="4" id="m04-061-01" lbs="-616" lbx="0" lby="1002" segmentation="err" slant="108000" stroke-width="5904" threshold="182" text="&amp;quot;What do you want me to do? Send out a sheriff&apos;s posse, is it?&amp;quot; No sense" ubs="-739" ubx="0" uby="971">
      <word id="m04-061-01-00" sentence-start="yes" tag="*&apos;" text="&quot;">
        <cmp x="335" y="953" width="8" height="11" />
        <cmp x="346" y="953" width="7" height="17" />
      </word>
      <word id="m04-061-01-01" tag="WDT" text="What">
        <cmp x="373" y="953" width="36" height="59" />
        <cmp x="406" y="928" width="88" height="88" />
      </word>
      <word id="m04-061-01-02" tag="DO" text="do">
        <cmp x="521" y="951" width="75" height="69" />
      </word>
      <word id="m04-061-01-03" tag="PP2" text="you">
        <cmp x="615" y="980" width="75" height="71" />
      </word>
      <word id="m04-061-01-04" tag="VB" text="want">
        <cmp x="718" y="933" width="108" height="80" />
      </word>
      <word id="m04-061-01-05" tag="PP1O" text="me">
        <cmp x="859" y="979" width="72" height="39" />
      </word>
      <word id="m04-061-01-06" tag="TO" text="to">
        <cmp x="945" y="934" width="70" height="83" />
      </word>
      <word id="m04-061-01-07" tag="DO" text="do">
        <cmp x="1038" y="941" width="60" height="72" />
      </word>
      <word id="m04-061-01-08" tag="?" text="?">
        <cmp x="1102" y="944" width="20" height="46" />
        <cmp x="1120" y="1017" width="6" height="15" />
      </word>
      <word id="m04-061-01-09" sentence-start="yes" tag="VB" text="Send">
        <cmp x="1156" y="931" width="114" height="94" />
      </word>
      <word id="m04-061-01-10" tag="RP" text="out">
        <cmp x="1290" y="930" width="75" height="93" />
      </word>
      <word id="m04-061-01-11" tag="AT" text="a">
        <cmp x="1391" y="982" width="32" height="34" />
      </word>
      <word id="m04-061-01-12" tag="NN$" text="sheriff&apos;s">
        <cmp x="1460" y="928" width="148" height="129" />
        <cmp x="1540" y="947" width="7" height="11" />
        <cmp x="1612" y="935" width="8" height="23" />
        <cmp x="1635" y="991" width="29" height="26" />
      </word>
      <word id="m04-061-01-13" tag="NN" text="posse">
        <cmp x="1693" y="991" width="113" height="56" />
      </word>
      <word id="m04-061-01-14" tag="," text=",">
        <cmp x="1824" y="1018" width="8" height="20" />
      </word>
      <word id="m04-061-01-15" tag="BEZ" text="is">
        <cmp x="1844" y="952" width="8" height="19" />
        <cmp x="1845" y="1001" width="30" height="20" />
      </word>
      <word id="m04-061-01-16" tag="PP3" text="it">
        <cmp x="1885" y="960" width="13" height="20" />
        <cmp x="1893" y="938" width="40" height="89" />
      </word>
      <word id="m04-061-01-17" tag="?" text="?">
        <cmp x="1952" y="938" width="20" height="59" />
        <cmp x="1965" y="1018" width="7" height="13" />
      </word>
      <word id="m04-061-01-18" tag="**&apos;" text="&quot;">
        <cmp x="1995" y="947" width="5" height="10" />
      </word>
      <word id="m04-061-01-19" sentence-start="yes" tag="ATI" text="No">
        <cmp x="2001" y="949" width="5" height="17" />
        <cmp x="2027" y="957" width="33" height="75" />
        <cmp x="2051" y="990" width="35" height="36" />
      </word>
      <word id="m04-061-01-20" tag="NN" text="sense">
        <cmp x="2108" y="999" width="101" height="43" />
      </word>
      <upper-contour>
        <point x="347" y="926" />
        <point x="765" y="933" />
        <point x="788" y="931" />
        <point x="879" y="939" />
        <point x="947" y="933" />
        <point x="966" y="936" />
        <point x="1217" y="885" />
        <point x="2209" y="885" />
      </upper-contour>
      <lower-contour>
        <point x="333" y="1050" />
        <point x="1585" y="1057" />
        <point x="1607" y="1049" />
        <point x="2209" y="1049" />
      </lower-contour>
    </line>
    <line ass="-1086" asx="0" asy="1027" character-width="999" dss="-1086" dsx="0" dsy="1185" fd0="13456" fd1="2828" fd2="-334" filter-width="4" id="m04-061-02" lbs="-1132" lbx="0" lby="1123" segmentation="err" slant="103000" stroke-width="5876" threshold="180" text="of humour, that Isaiah. He banged down the receiver. Very uncivil. Dropped" ubs="-996" ubx="0" uby="1097">
      <word id="m04-061-02-00" tag="INO" text="of">
        <cmp x="332" y="1069" width="42" height="94" />
      </word>
      <word id="m04-061-02-01" tag="NN" text="humour">
        <cmp x="390" y="1066" width="180" height="76" />
      </word>
      <word id="m04-061-02-02" tag="," text=",">
        <cmp x="587" y="1129" width="6" height="23" />
      </word>
      <word id="m04-061-02-03" tag="DT" text="that">
        <cmp x="597" y="1053" width="111" height="89" />
      </word>
      <word id="m04-061-02-04" tag="NP" text="Isaiah">
        <cmp x="759" y="1068" width="154" height="77" />
        <cmp x="842" y="1090" width="7" height="11" />
      </word>
      <word id="m04-061-02-05" tag="." text=".">
        <cmp x="928" y="1137" width="6" height="9" />
      </word>
      <word id="m04-061-02-06" sentence-start="yes" tag="PP3A" text="He">
        <cmp x="955" y="1108" width="8" height="13" />
        <cmp x="960" y="1086" width="51" height="70" />
      </word>
      <word id="m04-061-02-07" tag="VBD" text="banged">
        <cmp x="1035" y="1060" width="168" height="147" />
      </word>
      <word id="m04-061-02-08" tag="RP" text="down">
        <cmp x="1225" y="1062" width="129" height="86" />
      </word>
      <word id="m04-061-02-09" tag="ATI" text="the">
        <cmp x="1367" y="1074" width="73" height="79" />
      </word>
      <word id="m04-061-02-10" tag="NN" text="receiver">
        <cmp x="1468" y="1108" width="143" height="43" />
        <cmp x="1582" y="1093" width="6" height="9" />
      </word>
      <word id="m04-061-02-11" tag="." text=".">
        <cmp x="1639" y="1163" width="11" height="12" />
      </word>
      <word id="m04-061-02-12" sentence-start="yes" tag="QL" text="Very">
        <cmp x="1681" y="1101" width="94" height="113" />
      </word>
      <word id="m04-061-02-13" tag="JJ" text="uncivil">
        <cmp x="1804" y="1088" width="174" height="73" />
        <cmp x="1886" y="1089" width="10" height="13" />
      </word>
      <word id="m04-061-02-14" tag="." text=".">
        <cmp x="1998" y="1148" width="10" height="14" />
      </word>
      <word id="m04-061-02-15" sentence-start="yes" tag="VBD" text="Dropped">
        <cmp x="2025" y="1067" width="191" height="123" />
      </word>
      <upper-contour>
        <point x="333" y="1050" />
        <point x="1585" y="1057" />
        <point x="1607" y="1049" />
        <point x="2209" y="1049" />
      </upper-contour>
      <lower-contour>
        <point x="330" y="1195" />
        <point x="1141" y="1206" />
        <point x="1151" y="1207" />
        <point x="1198" y="1196" />
        <point x="1761" y="1214" />
        <point x="2149" y="1214" />
      </lower-contour>
    </line>
    <line ass="-544" asx="0" asy="1185" character-width="999" dss="-544" dsx="0" dsy="1327" fd0="13357" fd1="2902" fd2="-513" filter-width="4" id="m04-061-03" lbs="-480" lbx="0" lby="1267" segmentation="err" slant="108999" stroke-width="5779" threshold="183" text="the mask, now, Ifor did. &amp;quot;Dai Pugh,&amp;quot; he bellowed. &amp;quot;Leap on your bicycle" ubs="-671" ubx="0" uby="1240">
      <word id="m04-061-03-00" tag="ATI" text="the">
        <cmp x="321" y="1209" width="60" height="75" />
      </word>
      <word id="m04-061-03-01" tag="NN" text="mask">
        <cmp x="419" y="1198" width="142" height="85" />
      </word>
      <word id="m04-061-03-02" tag="," text=",">
        <cmp x="578" y="1271" width="10" height="25" />
      </word>
      <word id="m04-061-03-03" tag="RN" text="now">
        <cmp x="615" y="1245" width="89" height="36" />
      </word>
      <word id="m04-061-03-04" tag="," text=",">
        <cmp x="709" y="1274" width="9" height="21" />
      </word>
      <word id="m04-061-03-05" tag="NP" text="Ifor">
        <cmp x="736" y="1217" width="85" height="98" />
      </word>
      <word id="m04-061-03-06" tag="DOD" text="did">
        <cmp x="835" y="1204" width="96" height="90" />
        <cmp x="870" y="1216" width="15" height="17" />
      </word>
      <word id="m04-061-03-07" tag="." text=".">
        <cmp x="953" y="1279" width="8" height="10" />
      </word>
      <word id="m04-061-03-08" sentence-start="yes" tag="*&apos;" text="&quot;">
        <cmp x="960" y="1207" width="6" height="18" />
      </word>
      <word id="m04-061-03-09" tag="NP" text="Dai">
        <cmp x="971" y="1209" width="10" height="21" />
        <cmp x="991" y="1232" width="107" height="45" />
        <cmp x="1073" y="1223" width="10" height="9" />
      </word>
      <word id="m04-061-03-10" tag="NP" text="Pugh">
        <cmp x="1119" y="1201" width="128" height="130" />
      </word>
      <word id="m04-061-03-11" tag="," text=",">
        <cmp x="1252" y="1267" width="8" height="24" />
      </word>
      <word id="m04-061-03-12" tag="**&apos;" text="&quot;">
        <cmp x="1261" y="1208" width="11" height="20" />
      </word>
      <word id="m04-061-03-13" tag="PP3A" text="he">
        <cmp x="1288" y="1210" width="58" height="85" />
      </word>
      <word id="m04-061-03-14" tag="VBD" text="bellowed">
        <cmp x="1364" y="1198" width="186" height="90" />
      </word>
      <word id="m04-061-03-15" tag="." text=".">
        <cmp x="1566" y="1285" width="5" height="12" />
      </word>
      <word id="m04-061-03-16" sentence-start="yes" tag="*&apos;" text="&quot;">
        <cmp x="1582" y="1217" width="6" height="16" />
        <cmp x="1592" y="1218" width="7" height="21" />
      </word>
      <word id="m04-061-03-17" tag="VB" text="Leap">
        <cmp x="1622" y="1234" width="131" height="91" />
      </word>
      <word id="m04-061-03-18" tag="IN" text="on">
        <cmp x="1775" y="1271" width="63" height="25" />
      </word>
      <word id="m04-061-03-19" tag="PP$" text="your">
        <cmp x="1848" y="1266" width="121" height="77" />
      </word>
      <word id="m04-061-03-20" tag="NN" text="bicycle">
        <cmp x="1980" y="1217" width="168" height="131" />
        <cmp x="2034" y="1243" width="10" height="14" />
      </word>
      <upper-contour>
        <point x="330" y="1195" />
        <point x="1141" y="1206" />
        <point x="1151" y="1207" />
        <point x="1198" y="1196" />
        <point x="1761" y="1214" />
        <point x="2149" y="1214" />
      </upper-contour>
      <lower-contour>
        <point x="319" y="1315" />
        <point x="1200" y="1331" />
        <point x="1351" y="1325" />
        <point x="1875" y="1343" />
        <point x="1901" y="1343" />
      </lower-contour>
    </line>
    <line ass="-819" asx="0" asy="1303" character-width="999" dss="-819" dsx="0" dsy="1438" fd0="13229" fd1="2513" fd2="-1189" filter-width="4" id="m04-061-04" lbs="-1022" lbx="0" lby="1384" segmentation="ok" slant="106000" stroke-width="6025" threshold="182" text="and scour the countryside between here and The Traveller&apos;s Joy." ubs="-414" ubx="0" uby="1363">
      <word id="m04-061-04-00" tag="CC" text="and">
        <cmp x="316" y="1331" width="82" height="75" />
      </word>
      <word id="m04-061-04-01" tag="VB" text="scour">
        <cmp x="434" y="1365" width="117" height="41" />
      </word>
      <word id="m04-061-04-02" tag="ATI" text="the">
        <cmp x="579" y="1333" width="72" height="75" />
      </word>
      <word id="m04-061-04-03" tag="NN" text="countryside">
        <cmp x="680" y="1318" width="254" height="129" />
        <cmp x="868" y="1339" width="10" height="14" />
      </word>
      <word id="m04-061-04-04" tag="IN" text="between">
        <cmp x="951" y="1318" width="210" height="89" />
      </word>
      <word id="m04-061-04-05" tag="RN" text="here">
        <cmp x="1185" y="1332" width="92" height="76" />
      </word>
      <word id="m04-061-04-06" tag="CC" text="and">
        <cmp x="1313" y="1329" width="85" height="79" />
      </word>
      <word id="m04-061-04-07" tag="ATI" text="The">
        <cmp x="1423" y="1330" width="73" height="85" />
      </word>
      <word id="m04-061-04-08" tag="NN$" text="Traveller&apos;s">
        <cmp x="1538" y="1328" width="195" height="88" />
        <cmp x="1743" y="1350" width="8" height="17" />
        <cmp x="1751" y="1383" width="29" height="33" />
      </word>
      <word id="m04-061-04-09" tag="NN" text="Joy">
        <cmp x="1802" y="1350" width="78" height="116" />
      </word>
      <word id="m04-061-04-10" tag="." text=".">
        <cmp x="1894" y="1404" width="6" height="18" />
      </word>
      <upper-contour>
        <point x="319" y="1315" />
        <point x="1200" y="1331" />
        <point x="1351" y="1325" />
        <point x="1875" y="1343" />
        <point x="1901" y="1343" />
      </upper-contour>
    </line>
  </handwritten-part>
</form>

