<?xml version="1.0" encoding="ISO-8859-1"?>

<!DOCTYPE form SYSTEM 'http://www.iam.unibe.ch/~fki/iamdb/form-metadata.dtd'>

<form created="2002-01-25" height="3542" id="m04-131" last-modified="2002-07-25" skew="95" status="final" version="3.0_beta" width="2479" writer-id="547">
  <machine-printed-part>
    <machine-print-line text="Megan Thomas sat tight-lipped, nursing the sleeping Cadwallader. Driver and con-" />
    <machine-print-line text="ductor peered ahead into nothingness. On the back seat Stan Hayball embraced his" />
    <machine-print-line text="Eth. Morfydd thought of Dai. The Rev. Edwards, standing at the front, looked at his" />
    <machine-print-line text="forlorn flock. &quot;What about a verse or two of Cwm Rhondda?&quot; he suggested hopefully." />
  </machine-printed-part>
  <handwritten-part>
    <line ass="-351" asx="0" asy="692" character-width="999" dss="-351" dsx="0" dsy="837" fd0="13392" fd1="2109" fd2="-1019" filter-width="4" id="m04-131-00" lbs="-382" lbx="0" lby="783" segmentation="ok" slant="58000" stroke-width="6586" threshold="172" text="Megan Thomas sat tight-lipped, nursing" ubs="-290" ubx="0" uby="753">
      <word id="m04-131-00-00" sentence-start="yes" tag="NP" text="Megan">
        <cmp x="349" y="708" width="282" height="133" />
      </word>
      <word id="m04-131-00-01" tag="NP" text="Thomas">
        <cmp x="664" y="697" width="327" height="93" />
      </word>
      <word id="m04-131-00-02" tag="VBD" text="sat">
        <cmp x="1026" y="721" width="191" height="78" />
      </word>
      <word id="m04-131-00-03" tag="JJ" text="tight-lipped">
        <cmp x="1228" y="714" width="257" height="120" />
        <cmp x="1318" y="725" width="8" height="17" />
        <cmp x="1500" y="758" width="36" height="9" />
        <cmp x="1552" y="716" width="316" height="108" />
        <cmp x="1628" y="725" width="17" height="15" />
      </word>
      <word id="m04-131-00-04" tag="," text=",">
        <cmp x="1876" y="769" width="23" height="30" />
      </word>
      <word id="m04-131-00-05" tag="VBG" text="nursing">
        <cmp x="1931" y="751" width="344" height="82" />
        <cmp x="2140" y="729" width="13" height="19" />
      </word>
      <lower-contour>
        <point x="347" y="840" />
        <point x="2099" y="840" />
      </lower-contour>
    </line>
    <line ass="209" asx="0" asy="895" character-width="999" dss="209" dsx="0" dsy="1025" fd0="13436" fd1="1960" fd2="-1082" filter-width="4" id="m04-131-01" lbs="312" lbx="0" lby="974" segmentation="ok" slant="57000" stroke-width="6554" threshold="173" text="the sleeping Cadwallader. Driver and" ubs="5" ubx="0" uby="936">
      <word id="m04-131-01-00" tag="ATI" text="the">
        <cmp x="336" y="894" width="146" height="78" />
      </word>
      <word id="m04-131-01-01" tag="JJ" text="sleeping">
        <cmp x="501" y="895" width="415" height="127" />
        <cmp x="787" y="911" width="9" height="15" />
      </word>
      <word id="m04-131-01-02" tag="NP" text="Cadwallader">
        <cmp x="955" y="894" width="540" height="80" />
      </word>
      <word id="m04-131-01-03" tag="." text=".">
        <cmp x="1501" y="961" width="14" height="14" />
      </word>
      <word id="m04-131-01-04" sentence-start="yes" tag="NN" text="Driver">
        <cmp x="1559" y="899" width="297" height="73" />
        <cmp x="1695" y="915" width="13" height="20" />
      </word>
      <word id="m04-131-01-05" tag="CC" text="and">
        <cmp x="1883" y="915" width="215" height="57" />
      </word>
      <upper-contour>
        <point x="347" y="840" />
        <point x="2099" y="840" />
      </upper-contour>
      <lower-contour>
        <point x="344" y="1022" />
        <point x="2099" y="1022" />
      </lower-contour>
    </line>
    <line ass="-182" asx="0" asy="1074" character-width="999" dss="-182" dsx="0" dsy="1185" fd0="13409" fd1="2098" fd2="-992" filter-width="4" id="m04-131-02" lbs="-104" lbx="0" lby="1144" segmentation="ok" slant="56000" stroke-width="6572" threshold="171" text="conductor peered ahead into nothingness." ubs="-340" ubx="0" uby="1111">
      <word id="m04-131-02-00" tag="NN" text="conductor">
        <cmp x="346" y="1087" width="499" height="62" />
      </word>
      <word id="m04-131-02-01" tag="VBD" text="peered">
        <cmp x="862" y="1083" width="325" height="87" />
      </word>
      <word id="m04-131-02-02" tag="RB" text="ahead">
        <cmp x="1204" y="1080" width="280" height="78" />
      </word>
      <word id="m04-131-02-03" tag="IN" text="into">
        <cmp x="1512" y="1080" width="216" height="68" />
        <cmp x="1547" y="1091" width="9" height="9" />
      </word>
      <word id="m04-131-02-04" tag="NN" text="nothingness">
        <cmp x="1758" y="1080" width="547" height="112" />
        <cmp x="1984" y="1091" width="20" height="18" />
      </word>
      <word id="m04-131-02-05" tag="." text=".">
        <cmp x="2314" y="1141" width="15" height="12" />
      </word>
      <upper-contour>
        <point x="344" y="1022" />
        <point x="2099" y="1022" />
      </upper-contour>
      <lower-contour>
        <point x="344" y="1193" />
        <point x="2289" y="1193" />
      </lower-contour>
    </line>
    <line ass="30" asx="0" asy="1255" character-width="999" dss="30" dsx="0" dsy="1367" fd0="13065" fd1="1774" fd2="-1090" filter-width="4" id="m04-131-03" lbs="97" lbx="0" lby="1328" segmentation="ok" slant="58000" stroke-width="6685" threshold="170" text="On the back seat Stan Hayball embraced" ubs="-103" ubx="0" uby="1293">
      <word id="m04-131-03-00" sentence-start="yes" tag="IN" text="On">
        <cmp x="330" y="1259" width="137" height="71" />
      </word>
      <word id="m04-131-03-01" tag="ATI" text="the">
        <cmp x="485" y="1255" width="148" height="75" />
      </word>
      <word id="m04-131-03-02" tag="JJB" text="back">
        <cmp x="665" y="1255" width="235" height="77" />
      </word>
      <word id="m04-131-03-03" tag="NN" text="seat">
        <cmp x="927" y="1263" width="203" height="68" />
      </word>
      <word id="m04-131-03-04" tag="NP" text="Stan">
        <cmp x="1165" y="1257" width="216" height="76" />
      </word>
      <word id="m04-131-03-05" tag="NP" text="Hayball">
        <cmp x="1423" y="1255" width="360" height="113" />
      </word>
      <word id="m04-131-03-06" tag="VBD" text="embraced">
        <cmp x="1785" y="1264" width="503" height="66" />
      </word>
      <upper-contour>
        <point x="344" y="1193" />
        <point x="2289" y="1193" />
      </upper-contour>
      <lower-contour>
        <point x="329" y="1368" />
        <point x="2137" y="1368" />
      </lower-contour>
    </line>
    <line ass="-191" asx="0" asy="1429" character-width="999" dss="-191" dsx="0" dsy="1544" fd0="12993" fd1="1827" fd2="-981" filter-width="4" id="m04-131-04" lbs="-321" lbx="0" lby="1501" segmentation="ok" slant="62000" stroke-width="6597" threshold="169" text="his Eth. Morfydd thought of Dai. The" ubs="69" ubx="0" uby="1474">
      <word id="m04-131-04-00" tag="PP$" text="his">
        <cmp x="331" y="1443" width="161" height="69" />
        <cmp x="438" y="1452" width="7" height="17" />
      </word>
      <word id="m04-131-04-01" tag="NP" text="Eth">
        <cmp x="546" y="1441" width="146" height="69" />
      </word>
      <word id="m04-131-04-02" tag="." text=".">
        <cmp x="710" y="1499" width="10" height="11" />
      </word>
      <word id="m04-131-04-03" sentence-start="yes" tag="NP" text="Morfydd">
        <cmp x="757" y="1435" width="398" height="114" />
      </word>
      <word id="m04-131-04-04" tag="VBD" text="thought">
        <cmp x="1192" y="1435" width="395" height="110" />
      </word>
      <word id="m04-131-04-05" tag="INO" text="of">
        <cmp x="1620" y="1435" width="96" height="113" />
      </word>
      <word id="m04-131-04-06" tag="NP" text="Dai">
        <cmp x="1752" y="1436" width="161" height="70" />
        <cmp x="1925" y="1447" width="12" height="13" />
        <cmp x="1928" y="1461" width="4" height="4" />
      </word>
      <word id="m04-131-04-07" tag="." text=".">
        <cmp x="1931" y="1496" width="12" height="17" />
      </word>
      <word id="m04-131-04-08" sentence-start="yes" tag="ATI" text="The">
        <cmp x="1999" y="1444" width="72" height="72" />
        <cmp x="2017" y="1448" width="119" height="68" />
      </word>
      <upper-contour>
        <point x="329" y="1368" />
        <point x="2137" y="1368" />
      </upper-contour>
      <lower-contour>
        <point x="339" y="1549" />
        <point x="2123" y="1549" />
      </lower-contour>
    </line>
    <line ass="58" asx="0" asy="1604" character-width="999" dss="58" dsx="0" dsy="1735" fd0="13234" fd1="2257" fd2="-746" filter-width="4" id="m04-131-05" lbs="61" lbx="0" lby="1679" segmentation="ok" slant="53000" stroke-width="6455" threshold="169" text="Rev. Edwards, standing at the front," ubs="53" ubx="0" uby="1657">
      <word id="m04-131-05-00" tag="NPT" text="Rev.">
        <cmp x="341" y="1608" width="153" height="76" />
        <cmp x="502" y="1674" width="9" height="11" />
      </word>
      <word id="m04-131-05-01" tag="NP" text="Edwards">
        <cmp x="562" y="1603" width="384" height="82" />
      </word>
      <word id="m04-131-05-02" tag="," text=",">
        <cmp x="961" y="1666" width="26" height="36" />
      </word>
      <word id="m04-131-05-03" tag="VBG" text="standing">
        <cmp x="1016" y="1614" width="450" height="121" />
        <cmp x="1328" y="1634" width="16" height="14" />
      </word>
      <word id="m04-131-05-04" tag="IN" text="at">
        <cmp x="1501" y="1615" width="122" height="71" />
      </word>
      <word id="m04-131-05-05" tag="ATI" text="the">
        <cmp x="1631" y="1609" width="159" height="73" />
      </word>
      <word id="m04-131-05-06" tag="NN" text="front">
        <cmp x="1813" y="1603" width="290" height="113" />
      </word>
      <word id="m04-131-05-07" tag="," text=",">
        <cmp x="2092" y="1668" width="30" height="39" />
      </word>
      <upper-contour>
        <point x="339" y="1549" />
        <point x="2123" y="1549" />
      </upper-contour>
      <lower-contour>
        <point x="339" y="1735" />
        <point x="2025" y="1735" />
      </lower-contour>
    </line>
    <line ass="-359" asx="0" asy="1771" character-width="999" dss="-359" dsx="0" dsy="1884" fd0="13323" fd1="1901" fd2="-965" filter-width="4" id="m04-131-06" lbs="-315" lbx="0" lby="1853" segmentation="ok" slant="66999" stroke-width="6621" threshold="170" text="looked at his forlorn flock. &quot;What" ubs="-447" ubx="0" uby="1821">
      <word id="m04-131-06-00" tag="VBD" text="looked">
        <cmp x="329" y="1783" width="314" height="83" />
      </word>
      <word id="m04-131-06-01" tag="IN" text="at">
        <cmp x="653" y="1788" width="112" height="71" />
      </word>
      <word id="m04-131-06-02" tag="PP$" text="his">
        <cmp x="767" y="1788" width="154" height="72" />
        <cmp x="877" y="1793" width="8" height="15" />
      </word>
      <word id="m04-131-06-03" tag="JJ" text="forlorn">
        <cmp x="955" y="1777" width="359" height="114" />
      </word>
      <word id="m04-131-06-04" tag="NN" text="flock">
        <cmp x="1338" y="1789" width="247" height="104" />
      </word>
      <word id="m04-131-06-05" tag="." text=".">
        <cmp x="1602" y="1856" width="11" height="14" />
      </word>
      <word id="m04-131-06-06" sentence-start="yes" tag="*&apos;" text="&quot;">
        <cmp x="1678" y="1791" width="18" height="22" />
        <cmp x="1696" y="1795" width="13" height="16" />
      </word>
      <word id="m04-131-06-07" tag="WDT" text="What">
        <cmp x="1737" y="1802" width="104" height="65" />
        <cmp x="1812" y="1805" width="212" height="62" />
      </word>
      <upper-contour>
        <point x="339" y="1735" />
        <point x="2025" y="1735" />
      </upper-contour>
      <lower-contour>
        <point x="336" y="1894" />
        <point x="2025" y="1894" />
      </lower-contour>
    </line>
    <line ass="-353" asx="0" asy="1952" character-width="999" dss="-353" dsx="0" dsy="2070" fd0="13182" fd1="2276" fd2="-417" filter-width="4" id="m04-131-07" lbs="-340" lbx="0" lby="2030" segmentation="err" slant="59000" stroke-width="6425" threshold="171" text="about a verse or two of Cwm Rhondda?&quot;" ubs="-377" ubx="0" uby="2001">
      <word id="m04-131-07-00" tag="IN" text="about">
        <cmp x="338" y="1961" width="94" height="78" />
        <cmp x="429" y="1975" width="192" height="63" />
      </word>
      <word id="m04-131-07-01" tag="AT" text="a">
        <cmp x="652" y="1999" width="55" height="34" />
      </word>
      <word id="m04-131-07-02" tag="NN" text="verse">
        <cmp x="752" y="1990" width="232" height="49" />
      </word>
      <word id="m04-131-07-03" tag="CC" text="or">
        <cmp x="1027" y="2001" width="104" height="39" />
      </word>
      <word id="m04-131-07-04" tag="CD" text="two">
        <cmp x="1148" y="1961" width="220" height="79" />
      </word>
      <word id="m04-131-07-05" tag="INO" text="of">
        <cmp x="1401" y="1963" width="102" height="117" />
      </word>
      <word id="m04-131-07-06" tag="&amp;FW" text="Cwm">
        <cmp x="1543" y="1975" width="214" height="69" />
      </word>
      <word id="m04-131-07-07" tag="&amp;FW" text="Rhondda">
        <cmp x="1793" y="1969" width="418" height="78" />
        <cmp x="2240" y="1980" width="30" height="52" />
        <cmp x="2247" y="2045" width="13" height="10" />
        <cmp x="2294" y="1967" width="20" height="24" />
      </word>
      <word id="m04-131-07-08" tag="?" text="?">
        <cmp x="2307" y="1975" width="22" height="28" />
      </word>
      <word id="m04-131-07-09" tag="**&apos;" text="&quot;" />
      <upper-contour>
        <point x="336" y="1894" />
        <point x="2025" y="1894" />
      </upper-contour>
      <lower-contour>
        <point x="336" y="2080" />
        <point x="1496" y="2080" />
      </lower-contour>
    </line>
    <line ass="-65" asx="0" asy="2136" character-width="999" dss="-65" dsx="0" dsy="2272" fd0="13516" fd1="2604" fd2="-1114" filter-width="4" id="m04-131-08" lbs="216" lbx="0" lby="2226" segmentation="ok" slant="59000" stroke-width="6386" threshold="171" text="he suggested hopefully." ubs="-629" ubx="0" uby="2183">
      <word id="m04-131-08-00" tag="PP3A" text="he">
        <cmp x="337" y="2137" width="113" height="87" />
      </word>
      <word id="m04-131-08-01" tag="VBD" text="suggested">
        <cmp x="497" y="2155" width="444" height="98" />
      </word>
      <word id="m04-131-08-02" tag="RB" text="hopefully">
        <cmp x="978" y="2146" width="476" height="129" />
      </word>
      <word id="m04-131-08-03" tag="." text=".">
        <cmp x="1484" y="2213" width="11" height="13" />
      </word>
      <upper-contour>
        <point x="336" y="2080" />
        <point x="1496" y="2080" />
      </upper-contour>
    </line>
  </handwritten-part>
</form>

