<?xml version="1.0" encoding="ISO-8859-1"?>

<!DOCTYPE form SYSTEM 'http://www.iam.unibe.ch/~fki/iamdb/form-metadata.dtd'>

<form created="2002-01-25" height="3542" id="m04-072" last-modified="2002-07-17" skew="63" status="final" version="3.0_beta" width="2479" writer-id="546">
  <machine-printed-part>
    <machine-print-line text="The two-twenty to Llangrwl has failed to complete her mission.&amp;quot; Paled, did Dai. For" />
    <machine-print-line text="the two-twenty carried, for him, a cargo more precious than jewels. Though Mofydd" />
    <machine-print-line text="Owen was, as he feared, departed out of his life, he still loved her dearly. Already," />
    <machine-print-line text="even as with trembling fingers he fastened his trouser clips, he was seeing her lying in" />
    <machine-print-line text="some dreadful ravine, or beset by robbers, or being whisked off to Emergency Ward 10." />
  </machine-printed-part>
  <handwritten-part>
    <line ass="-448" asx="0" asy="883" character-width="999" dss="-448" dsx="0" dsy="1032" fd0="14257" fd1="3109" fd2="-475" filter-width="3" id="m04-072-00" lbs="-240" lbx="0" lby="969" segmentation="ok" slant="70000" stroke-width="5453" threshold="173" text="The two-twenty to Llangrwl has failed to" ubs="-866" ubx="0" uby="931">
      <word id="m04-072-00-00" sentence-start="yes" tag="ATI" text="The">
        <cmp x="369" y="893" width="59" height="10" />
        <cmp x="383" y="941" width="9" height="28" />
        <cmp x="391" y="931" width="4" height="3" />
        <cmp x="391" y="935" width="4" height="3" />
        <cmp x="393" y="902" width="9" height="28" />
        <cmp x="420" y="903" width="38" height="69" />
        <cmp x="441" y="898" width="6" height="4" />
        <cmp x="467" y="936" width="24" height="37" />
      </word>
      <word id="m04-072-00-01" tag="CD" text="two-twenty">
        <cmp x="553" y="906" width="38" height="69" />
        <cmp x="589" y="940" width="48" height="41" />
        <cmp x="634" y="946" width="40" height="39" />
        <cmp x="676" y="965" width="20" height="4" />
        <cmp x="706" y="914" width="28" height="62" />
        <cmp x="737" y="947" width="51" height="30" />
        <cmp x="747" y="945" width="5" height="4" />
        <cmp x="777" y="945" width="6" height="6" />
        <cmp x="794" y="947" width="60" height="28" />
        <cmp x="864" y="912" width="25" height="59" />
        <cmp x="897" y="945" width="34" height="56" />
      </word>
      <word id="m04-072-00-02" tag="IN" text="to">
        <cmp x="988" y="939" width="6" height="7" />
        <cmp x="992" y="893" width="24" height="85" />
        <cmp x="1007" y="943" width="44" height="35" />
      </word>
      <word id="m04-072-00-03" tag="NP" text="Llangrwl">
        <cmp x="1101" y="906" width="32" height="68" />
        <cmp x="1140" y="913" width="22" height="56" />
        <cmp x="1160" y="944" width="36" height="33" />
        <cmp x="1208" y="956" width="63" height="87" />
        <cmp x="1275" y="952" width="61" height="23" />
        <cmp x="1340" y="937" width="50" height="44" />
        <cmp x="1348" y="949" width="5" height="3" />
        <cmp x="1388" y="902" width="34" height="78" />
      </word>
      <word id="m04-072-00-04" tag="HVZ" text="has">
        <cmp x="1486" y="909" width="42" height="62" />
        <cmp x="1529" y="940" width="63" height="41" />
      </word>
      <word id="m04-072-00-05" tag="VBN" text="failed">
        <cmp x="1623" y="894" width="53" height="136" />
        <cmp x="1662" y="953" width="62" height="34" />
        <cmp x="1729" y="937" width="3" height="4" />
        <cmp x="1731" y="931" width="8" height="4" />
        <cmp x="1734" y="903" width="61" height="83" />
        <cmp x="1777" y="952" width="23" height="33" />
        <cmp x="1806" y="921" width="51" height="68" />
      </word>
      <word id="m04-072-00-06" tag="TO" text="to">
        <cmp x="1920" y="912" width="40" height="64" />
        <cmp x="1960" y="939" width="49" height="46" />
      </word>
      <lower-contour>
        <point x="367" y="1043" />
        <point x="2010" y="1043" />
      </lower-contour>
    </line>
    <line ass="-400" asx="0" asy="1066" character-width="999" dss="-400" dsx="0" dsy="1175" fd0="14382" fd1="3123" fd2="-699" filter-width="3" id="m04-072-01" lbs="-417" lbx="0" lby="1144" segmentation="ok" slant="66999" stroke-width="5582" threshold="170" text="complete her mission.&amp;quot; Paled, did Dai. For the" ubs="-366" ubx="0" uby="1120">
      <word id="m04-072-01-00" tag="VB" text="complete">
        <cmp x="356" y="1093" width="67" height="62" />
        <cmp x="427" y="1127" width="71" height="26" />
        <cmp x="497" y="1112" width="43" height="66" />
        <cmp x="539" y="1089" width="42" height="60" />
        <cmp x="558" y="1116" width="33" height="36" />
        <cmp x="605" y="1095" width="48" height="58" />
      </word>
      <word id="m04-072-01-01" tag="PP$" text="her">
        <cmp x="712" y="1084" width="27" height="60" />
        <cmp x="740" y="1122" width="5" height="4" />
        <cmp x="746" y="1115" width="13" height="37" />
        <cmp x="763" y="1111" width="60" height="36" />
      </word>
      <word id="m04-072-01-02" tag="NN" text="mission">
        <cmp x="893" y="1109" width="60" height="46" />
        <cmp x="956" y="1133" width="13" height="18" />
        <cmp x="967" y="1115" width="7" height="4" />
        <cmp x="972" y="1117" width="52" height="47" />
        <cmp x="1026" y="1137" width="11" height="16" />
        <cmp x="1042" y="1111" width="5" height="5" />
        <cmp x="1048" y="1122" width="35" height="36" />
        <cmp x="1082" y="1130" width="39" height="22" />
      </word>
      <word id="m04-072-01-03" tag="." text=".">
        <cmp x="1128" y="1153" width="6" height="6" />
      </word>
      <word id="m04-072-01-04" tag="**&apos;" text="&quot;">
        <cmp x="1173" y="1076" width="16" height="28" />
        <cmp x="1184" y="1081" width="14" height="26" />
      </word>
      <word id="m04-072-01-05" sentence-start="yes" tag="VBD" text="Paled">
        <cmp x="1244" y="1085" width="54" height="73" />
        <cmp x="1277" y="1131" width="48" height="34" />
        <cmp x="1329" y="1096" width="48" height="69" />
        <cmp x="1355" y="1103" width="83" height="66" />
      </word>
      <word id="m04-072-01-06" tag="," text=",">
        <cmp x="1445" y="1150" width="20" height="36" />
      </word>
      <word id="m04-072-01-07" tag="DOD" text="did">
        <cmp x="1496" y="1130" width="35" height="40" />
        <cmp x="1528" y="1140" width="4" height="7" />
        <cmp x="1531" y="1101" width="27" height="64" />
        <cmp x="1552" y="1147" width="10" height="17" />
        <cmp x="1555" y="1095" width="5" height="5" />
        <cmp x="1567" y="1116" width="8" height="6" />
        <cmp x="1568" y="1100" width="52" height="66" />
      </word>
      <word id="m04-072-01-08" tag="NP" text="Dai">
        <cmp x="1639" y="1093" width="61" height="75" />
        <cmp x="1649" y="1139" width="6" height="4" />
        <cmp x="1655" y="1121" width="14" height="32" />
        <cmp x="1691" y="1132" width="43" height="31" />
        <cmp x="1746" y="1144" width="8" height="19" />
        <cmp x="1756" y="1110" width="8" height="12" />
      </word>
      <word id="m04-072-01-09" tag="." text=".">
        <cmp x="1800" y="1149" width="8" height="6" />
      </word>
      <word id="m04-072-01-10" sentence-start="yes" tag="IN" text="For">
        <cmp x="1848" y="1083" width="77" height="17" />
        <cmp x="1857" y="1095" width="38" height="59" />
        <cmp x="1895" y="1124" width="77" height="37" />
      </word>
      <word id="m04-072-01-11" tag="ATI" text="the">
        <cmp x="2040" y="1089" width="38" height="72" />
        <cmp x="2067" y="1097" width="35" height="65" />
        <cmp x="2111" y="1123" width="46" height="52" />
      </word>
      <upper-contour>
        <point x="367" y="1043" />
        <point x="2010" y="1043" />
      </upper-contour>
      <lower-contour>
        <point x="354" y="1186" />
        <point x="2105" y="1186" />
      </lower-contour>
    </line>
    <line ass="-554" asx="0" asy="1243" character-width="999" dss="-554" dsx="0" dsy="1366" fd0="14399" fd1="3351" fd2="-308" filter-width="3" id="m04-072-02" lbs="-582" lbx="0" lby="1324" segmentation="ok" slant="68000" stroke-width="5619" threshold="170" text="two-twenty carried, for him, a cargo more" ubs="-500" ubx="0" uby="1301">
      <word id="m04-072-02-00" tag="CD" text="two-twenty">
        <cmp x="341" y="1254" width="39" height="79" />
        <cmp x="374" y="1290" width="50" height="45" />
        <cmp x="388" y="1301" width="4" height="5" />
        <cmp x="422" y="1301" width="39" height="40" />
        <cmp x="475" y="1314" width="22" height="8" />
        <cmp x="516" y="1254" width="44" height="84" />
        <cmp x="546" y="1302" width="50" height="36" />
        <cmp x="562" y="1302" width="5" height="5" />
        <cmp x="607" y="1296" width="26" height="29" />
        <cmp x="638" y="1308" width="42" height="22" />
        <cmp x="693" y="1271" width="26" height="54" />
        <cmp x="732" y="1308" width="8" height="8" />
        <cmp x="736" y="1302" width="30" height="46" />
      </word>
      <word id="m04-072-02-01" tag="VBD" text="carried">
        <cmp x="838" y="1288" width="45" height="45" />
        <cmp x="876" y="1300" width="77" height="30" />
        <cmp x="965" y="1307" width="42" height="21" />
        <cmp x="1014" y="1302" width="44" height="34" />
        <cmp x="1042" y="1277" width="8" height="5" />
        <cmp x="1072" y="1271" width="50" height="65" />
      </word>
      <word id="m04-072-02-02" tag="," text=",">
        <cmp x="1140" y="1324" width="18" height="30" />
      </word>
      <word id="m04-072-02-03" tag="IN" text="for">
        <cmp x="1194" y="1262" width="49" height="103" />
        <cmp x="1230" y="1313" width="80" height="35" />
      </word>
      <word id="m04-072-02-04" tag="PP3O" text="him">
        <cmp x="1353" y="1262" width="40" height="69" />
        <cmp x="1383" y="1257" width="6" height="3" />
        <cmp x="1404" y="1314" width="14" height="20" />
        <cmp x="1421" y="1315" width="66" height="21" />
        <cmp x="1423" y="1292" width="6" height="6" />
      </word>
      <word id="m04-072-02-05" tag="," text=",">
        <cmp x="1491" y="1320" width="18" height="25" />
      </word>
      <word id="m04-072-02-06" tag="AT" text="a">
        <cmp x="1539" y="1303" width="41" height="35" />
      </word>
      <word id="m04-072-02-07" tag="NN" text="cargo">
        <cmp x="1626" y="1299" width="49" height="42" />
        <cmp x="1655" y="1315" width="88" height="27" />
        <cmp x="1732" y="1307" width="44" height="76" />
        <cmp x="1778" y="1305" width="52" height="42" />
      </word>
      <word id="m04-072-02-08" tag="QL" text="more">
        <cmp x="1878" y="1303" width="79" height="50" />
        <cmp x="1949" y="1313" width="81" height="42" />
        <cmp x="2046" y="1304" width="53" height="50" />
        <cmp x="2100" y="1347" width="4" height="3" />
      </word>
      <upper-contour>
        <point x="354" y="1186" />
        <point x="2105" y="1186" />
      </upper-contour>
      <lower-contour>
        <point x="339" y="1383" />
        <point x="2105" y="1383" />
      </lower-contour>
    </line>
    <line ass="-769" asx="0" asy="1418" character-width="999" dss="-769" dsx="0" dsy="1553" fd0="14305" fd1="2913" fd2="-1341" filter-width="3" id="m04-072-03" lbs="-910" lbx="0" lby="1497" segmentation="ok" slant="64000" stroke-width="5661" threshold="169" text="precious than jewels. Though Mofydd Owen" ubs="-487" ubx="0" uby="1476">
      <word id="m04-072-03-00" tag="JJ" text="precious">
        <cmp x="333" y="1471" width="9" height="14" />
        <cmp x="338" y="1462" width="99" height="70" />
        <cmp x="360" y="1473" width="5" height="5" />
        <cmp x="434" y="1468" width="39" height="44" />
        <cmp x="462" y="1503" width="5" height="4" />
        <cmp x="470" y="1479" width="33" height="37" />
        <cmp x="515" y="1498" width="9" height="13" />
        <cmp x="519" y="1493" width="5" height="3" />
        <cmp x="522" y="1464" width="8" height="6" />
        <cmp x="535" y="1476" width="89" height="43" />
        <cmp x="629" y="1475" width="29" height="39" />
      </word>
      <word id="m04-072-03-01" tag="IN" text="than">
        <cmp x="732" y="1437" width="47" height="89" />
        <cmp x="776" y="1452" width="35" height="62" />
        <cmp x="812" y="1483" width="37" height="30" />
        <cmp x="864" y="1490" width="39" height="28" />
      </word>
      <word id="m04-072-03-02" tag="NNS" text="jewels">
        <cmp x="949" y="1478" width="84" height="83" />
        <cmp x="985" y="1458" width="13" height="9" />
        <cmp x="1036" y="1482" width="51" height="36" />
        <cmp x="1089" y="1482" width="32" height="39" />
        <cmp x="1129" y="1441" width="46" height="74" />
        <cmp x="1153" y="1521" width="3" height="3" />
        <cmp x="1157" y="1484" width="31" height="39" />
      </word>
      <word id="m04-072-03-03" tag="." text=".">
        <cmp x="1236" y="1508" width="8" height="9" />
      </word>
      <word id="m04-072-03-04" sentence-start="yes" tag="CS" text="Though">
        <cmp x="1293" y="1446" width="80" height="59" />
        <cmp x="1347" y="1454" width="41" height="59" />
        <cmp x="1389" y="1481" width="88" height="39" />
        <cmp x="1452" y="1486" width="48" height="87" />
        <cmp x="1504" y="1450" width="28" height="68" />
      </word>
      <word id="m04-072-03-05" tag="NP" text="Mofydd">
        <cmp x="1598" y="1454" width="82" height="64" />
        <cmp x="1662" y="1482" width="46" height="43" />
        <cmp x="1690" y="1447" width="61" height="111" />
        <cmp x="1729" y="1493" width="53" height="62" />
        <cmp x="1740" y="1505" width="10" height="8" />
        <cmp x="1774" y="1499" width="31" height="33" />
        <cmp x="1811" y="1455" width="28" height="66" />
        <cmp x="1819" y="1448" width="51" height="80" />
      </word>
      <word id="m04-072-03-06" tag="NP" text="Owen">
        <cmp x="1936" y="1444" width="86" height="81" />
        <cmp x="1983" y="1469" width="6" height="7" />
        <cmp x="1994" y="1484" width="47" height="37" />
        <cmp x="2048" y="1479" width="37" height="40" />
        <cmp x="2088" y="1497" width="51" height="33" />
      </word>
      <upper-contour>
        <point x="339" y="1383" />
        <point x="2105" y="1383" />
      </upper-contour>
      <lower-contour>
        <point x="333" y="1573" />
        <point x="2140" y="1573" />
      </lower-contour>
    </line>
    <line ass="-980" asx="0" asy="1592" character-width="999" dss="-980" dsx="0" dsy="1720" fd0="14284" fd1="2848" fd2="-501" filter-width="4" id="m04-072-04" lbs="-779" lbx="0" lby="1680" segmentation="ok" slant="71000" stroke-width="5798" threshold="167" text="was, as he feared, departed out of his life," ubs="-1381" ubx="0" uby="1633">
      <word id="m04-072-04-00" tag="BEDZ" text="was">
        <cmp x="335" y="1613" width="51" height="50" />
        <cmp x="385" y="1628" width="33" height="38" />
        <cmp x="416" y="1631" width="34" height="42" />
      </word>
      <word id="m04-072-04-01" tag="," text=",">
        <cmp x="459" y="1673" width="22" height="25" />
      </word>
      <word id="m04-072-04-02" tag="CS" text="as">
        <cmp x="520" y="1644" width="42" height="45" />
        <cmp x="558" y="1646" width="44" height="53" />
      </word>
      <word id="m04-072-04-03" tag="PP3A" text="he">
        <cmp x="637" y="1617" width="37" height="79" />
        <cmp x="684" y="1654" width="28" height="38" />
      </word>
      <word id="m04-072-04-04" tag="VBD" text="feared">
        <cmp x="775" y="1618" width="39" height="116" />
        <cmp x="817" y="1651" width="32" height="42" />
        <cmp x="842" y="1661" width="86" height="34" />
        <cmp x="942" y="1654" width="28" height="37" />
        <cmp x="971" y="1629" width="42" height="59" />
        <cmp x="1009" y="1623" width="5" height="5" />
      </word>
      <word id="m04-072-04-05" tag="," text=",">
        <cmp x="1047" y="1665" width="14" height="33" />
      </word>
      <word id="m04-072-04-06" tag="VBN" text="departed">
        <cmp x="1114" y="1618" width="72" height="77" />
        <cmp x="1174" y="1656" width="27" height="42" />
        <cmp x="1196" y="1654" width="39" height="73" />
        <cmp x="1233" y="1661" width="80" height="38" />
        <cmp x="1328" y="1631" width="34" height="61" />
        <cmp x="1359" y="1663" width="29" height="28" />
        <cmp x="1391" y="1663" width="34" height="39" />
        <cmp x="1425" y="1629" width="24" height="82" />
        <cmp x="1445" y="1622" width="6" height="5" />
      </word>
      <word id="m04-072-04-07" tag="RP" text="out">
        <cmp x="1504" y="1669" width="48" height="40" />
        <cmp x="1550" y="1669" width="55" height="35" />
        <cmp x="1607" y="1630" width="38" height="74" />
      </word>
      <word id="m04-072-04-08" tag="INO" text="of">
        <cmp x="1677" y="1672" width="51" height="34" />
        <cmp x="1723" y="1629" width="69" height="97" />
      </word>
      <word id="m04-072-04-09" tag="PP$" text="his">
        <cmp x="1825" y="1640" width="47" height="66" />
        <cmp x="1868" y="1634" width="7" height="6" />
        <cmp x="1883" y="1679" width="48" height="22" />
        <cmp x="1909" y="1649" width="9" height="4" />
      </word>
      <word id="m04-072-04-10" tag="NN" text="life">
        <cmp x="2002" y="1626" width="62" height="77" />
        <cmp x="2041" y="1628" width="95" height="122" />
        <cmp x="2042" y="1685" width="14" height="14" />
        <cmp x="2059" y="1654" width="12" height="7" />
      </word>
      <word id="m04-072-04-11" tag="," text=",">
        <cmp x="2140" y="1688" width="25" height="40" />
      </word>
      <upper-contour>
        <point x="333" y="1573" />
        <point x="2140" y="1573" />
      </upper-contour>
      <lower-contour>
        <point x="350" y="1750" />
        <point x="2140" y="1750" />
      </lower-contour>
    </line>
    <line ass="-602" asx="0" asy="1772" character-width="999" dss="-602" dsx="0" dsy="1897" fd0="14730" fd1="2918" fd2="-737" filter-width="4" id="m04-072-05" lbs="-571" lbx="0" lby="1860" segmentation="ok" slant="63000" stroke-width="5960" threshold="166" text="he still loved her dearly. Already, even" ubs="-665" ubx="0" uby="1826">
      <word id="m04-072-05-00" tag="PP3A" text="he">
        <cmp x="352" y="1804" width="41" height="70" />
        <cmp x="399" y="1828" width="30" height="50" />
      </word>
      <word id="m04-072-05-01" tag="RB" text="still">
        <cmp x="486" y="1832" width="45" height="37" />
        <cmp x="538" y="1786" width="42" height="83" />
        <cmp x="567" y="1847" width="14" height="15" />
        <cmp x="585" y="1821" width="5" height="4" />
        <cmp x="590" y="1787" width="107" height="81" />
      </word>
      <word id="m04-072-05-02" tag="VBD" text="loved">
        <cmp x="761" y="1781" width="58" height="89" />
        <cmp x="786" y="1835" width="41" height="39" />
        <cmp x="823" y="1829" width="75" height="48" />
        <cmp x="893" y="1796" width="61" height="73" />
      </word>
      <word id="m04-072-05-03" tag="PP3O" text="her">
        <cmp x="987" y="1798" width="51" height="77" />
        <cmp x="1039" y="1834" width="60" height="35" />
      </word>
      <word id="m04-072-05-04" tag="RB" text="dearly">
        <cmp x="1172" y="1800" width="68" height="85" />
        <cmp x="1234" y="1832" width="34" height="43" />
        <cmp x="1262" y="1844" width="96" height="33" />
        <cmp x="1364" y="1799" width="53" height="70" />
        <cmp x="1390" y="1843" width="65" height="64" />
        <cmp x="1409" y="1850" width="13" height="14" />
      </word>
      <word id="m04-072-05-05" tag="." text=".">
        <cmp x="1490" y="1878" width="8" height="9" />
      </word>
      <word id="m04-072-05-06" sentence-start="yes" tag="RB" text="Already">
        <cmp x="1545" y="1810" width="62" height="84" />
        <cmp x="1563" y="1849" width="34" height="10" />
        <cmp x="1600" y="1816" width="38" height="74" />
        <cmp x="1643" y="1858" width="45" height="26" />
        <cmp x="1697" y="1842" width="34" height="41" />
        <cmp x="1725" y="1853" width="45" height="34" />
        <cmp x="1770" y="1814" width="45" height="72" />
        <cmp x="1793" y="1850" width="53" height="67" />
      </word>
      <word id="m04-072-05-07" tag="," text=",">
        <cmp x="1860" y="1869" width="28" height="46" />
      </word>
      <word id="m04-072-05-08" tag="RB" text="even">
        <cmp x="1956" y="1827" width="42" height="48" />
        <cmp x="1998" y="1831" width="52" height="46" />
        <cmp x="2002" y="1843" width="7" height="4" />
        <cmp x="2042" y="1837" width="97" height="48" />
      </word>
      <upper-contour>
        <point x="350" y="1750" />
        <point x="2140" y="1750" />
      </upper-contour>
      <lower-contour>
        <point x="357" y="1917" />
        <point x="2136" y="1917" />
      </lower-contour>
    </line>
    <line ass="-780" asx="0" asy="1955" character-width="999" dss="-780" dsx="0" dsy="2099" fd0="14072" fd1="2674" fd2="-736" filter-width="4" id="m04-072-06" lbs="-885" lbx="0" lby="2034" segmentation="ok" slant="66000" stroke-width="5821" threshold="168" text="as with trembling fingers he fastened his" ubs="-570" ubx="0" uby="2011">
      <word id="m04-072-06-00" tag="CS" text="as">
        <cmp x="359" y="2011" width="46" height="46" />
        <cmp x="418" y="2008" width="22" height="54" />
      </word>
      <word id="m04-072-06-01" tag="IN" text="with">
        <cmp x="500" y="2000" width="48" height="47" />
        <cmp x="554" y="2018" width="15" height="24" />
        <cmp x="562" y="1992" width="8" height="6" />
        <cmp x="582" y="1964" width="33" height="71" />
        <cmp x="614" y="1981" width="25" height="70" />
      </word>
      <word id="m04-072-06-02" tag="JJ" text="trembling">
        <cmp x="709" y="1968" width="41" height="80" />
        <cmp x="752" y="2019" width="45" height="24" />
        <cmp x="808" y="2008" width="33" height="45" />
        <cmp x="844" y="2023" width="73" height="23" />
        <cmp x="933" y="1989" width="47" height="60" />
        <cmp x="985" y="1980" width="42" height="68" />
        <cmp x="1018" y="2026" width="16" height="23" />
        <cmp x="1032" y="2004" width="9" height="7" />
        <cmp x="1044" y="2029" width="45" height="24" />
        <cmp x="1071" y="2020" width="53" height="89" />
      </word>
      <word id="m04-072-06-03" tag="NNS" text="fingers">
        <cmp x="1172" y="1976" width="37" height="103" />
        <cmp x="1216" y="2039" width="14" height="14" />
        <cmp x="1225" y="2009" width="11" height="7" />
        <cmp x="1238" y="2028" width="42" height="30" />
        <cmp x="1273" y="2018" width="123" height="100" />
        <cmp x="1391" y="2020" width="36" height="46" />
      </word>
      <word id="m04-072-06-04" tag="PP3A" text="he">
        <cmp x="1483" y="1976" width="51" height="82" />
        <cmp x="1546" y="2011" width="35" height="53" />
      </word>
      <word id="m04-072-06-05" tag="VBD" text="fastened">
        <cmp x="1635" y="1977" width="66" height="130" />
        <cmp x="1685" y="2027" width="50" height="34" />
        <cmp x="1729" y="2032" width="40" height="27" />
        <cmp x="1767" y="1984" width="120" height="81" />
        <cmp x="1907" y="2016" width="34" height="42" />
        <cmp x="1938" y="1985" width="60" height="71" />
      </word>
      <word id="m04-072-06-06" tag="PP$" text="his">
        <cmp x="2046" y="1988" width="42" height="63" />
        <cmp x="2095" y="2031" width="17" height="24" />
        <cmp x="2103" y="2021" width="32" height="42" />
        <cmp x="2118" y="2003" width="16" height="8" />
      </word>
      <upper-contour>
        <point x="357" y="1917" />
        <point x="2136" y="1917" />
      </upper-contour>
      <lower-contour>
        <point x="357" y="2118" />
        <point x="2093" y="2118" />
      </lower-contour>
    </line>
    <line ass="-89" asx="0" asy="2139" character-width="999" dss="-89" dsx="0" dsy="2292" fd0="14416" fd1="3073" fd2="-640" filter-width="3" id="m04-072-07" lbs="-81" lbx="0" lby="2231" segmentation="ok" slant="65000" stroke-width="5621" threshold="172" text="trouser clips, he was seeing her lying in" ubs="-107" ubx="0" uby="2197">
      <word id="m04-072-07-00" tag="NN" text="trouser">
        <cmp x="348" y="2152" width="42" height="86" />
        <cmp x="380" y="2196" width="53" height="27" />
        <cmp x="435" y="2191" width="38" height="37" />
        <cmp x="471" y="2198" width="45" height="30" />
        <cmp x="519" y="2186" width="30" height="51" />
        <cmp x="554" y="2186" width="77" height="39" />
      </word>
      <word id="m04-072-07-01" tag="NNS" text="clips">
        <cmp x="703" y="2191" width="40" height="44" />
        <cmp x="747" y="2147" width="56" height="89" />
        <cmp x="800" y="2210" width="12" height="19" />
        <cmp x="813" y="2194" width="53" height="77" />
        <cmp x="817" y="2178" width="7" height="7" />
        <cmp x="864" y="2192" width="35" height="48" />
      </word>
      <word id="m04-072-07-02" tag="," text=",">
        <cmp x="906" y="2227" width="18" height="22" />
      </word>
      <word id="m04-072-07-03" tag="PP3A" text="he">
        <cmp x="1005" y="2142" width="46" height="96" />
        <cmp x="1065" y="2189" width="32" height="47" />
      </word>
      <word id="m04-072-07-04" tag="BEDZ" text="was">
        <cmp x="1133" y="2201" width="40" height="39" />
        <cmp x="1173" y="2204" width="54" height="39" />
        <cmp x="1243" y="2201" width="22" height="38" />
      </word>
      <word id="m04-072-07-05" tag="VBG" text="seeing">
        <cmp x="1321" y="2184" width="114" height="60" />
        <cmp x="1411" y="2238" width="5" height="3" />
        <cmp x="1440" y="2207" width="16" height="23" />
        <cmp x="1454" y="2186" width="7" height="7" />
        <cmp x="1454" y="2197" width="72" height="96" />
      </word>
      <word id="m04-072-07-06" tag="PP$" text="her">
        <cmp x="1596" y="2154" width="36" height="88" />
        <cmp x="1648" y="2192" width="71" height="44" />
      </word>
      <word id="m04-072-07-07" tag="VBG" text="lying">
        <cmp x="1774" y="2154" width="54" height="77" />
        <cmp x="1796" y="2224" width="4" height="3" />
        <cmp x="1818" y="2200" width="43" height="61" />
        <cmp x="1865" y="2200" width="95" height="96" />
        <cmp x="1881" y="2173" width="11" height="8" />
      </word>
      <word id="m04-072-07-08" tag="IN" text="in">
        <cmp x="2035" y="2205" width="20" height="28" />
        <cmp x="2049" y="2177" width="10" height="7" />
        <cmp x="2054" y="2198" width="38" height="39" />
      </word>
      <upper-contour>
        <point x="357" y="2118" />
        <point x="2093" y="2118" />
      </upper-contour>
      <lower-contour>
        <point x="346" y="2296" />
        <point x="1991" y="2296" />
      </lower-contour>
    </line>
    <line ass="48" asx="0" asy="2317" character-width="999" dss="48" dsx="0" dsy="2457" fd0="13977" fd1="2788" fd2="-726" filter-width="4" id="m04-072-08" lbs="73" lbx="0" lby="2414" segmentation="ok" slant="71000" stroke-width="5759" threshold="170" text="some dreadful ravine, or beset by" ubs="-2" ubx="0" uby="2380">
      <word id="m04-072-08-00" tag="DTI" text="some">
        <cmp x="331" y="2360" width="41" height="60" />
        <cmp x="374" y="2374" width="44" height="46" />
        <cmp x="422" y="2387" width="83" height="28" />
        <cmp x="519" y="2373" width="40" height="49" />
      </word>
      <word id="m04-072-08-01" tag="JJ" text="dreadful">
        <cmp x="665" y="2329" width="64" height="89" />
        <cmp x="721" y="2375" width="79" height="34" />
        <cmp x="802" y="2369" width="45" height="42" />
        <cmp x="850" y="2328" width="60" height="82" />
        <cmp x="909" y="2324" width="39" height="118" />
        <cmp x="948" y="2381" width="40" height="23" />
        <cmp x="1006" y="2318" width="47" height="93" />
      </word>
      <word id="m04-072-08-02" tag="NN" text="ravine">
        <cmp x="1103" y="2371" width="63" height="38" />
        <cmp x="1154" y="2381" width="41" height="37" />
        <cmp x="1201" y="2388" width="45" height="31" />
        <cmp x="1252" y="2385" width="11" height="30" />
        <cmp x="1269" y="2369" width="7" height="5" />
        <cmp x="1276" y="2389" width="38" height="28" />
        <cmp x="1327" y="2371" width="30" height="43" />
      </word>
      <word id="m04-072-08-03" tag="," text=",">
        <cmp x="1395" y="2396" width="20" height="41" />
      </word>
      <word id="m04-072-08-04" tag="CC" text="or">
        <cmp x="1456" y="2371" width="85" height="45" />
      </word>
      <word id="m04-072-08-05" tag="VBN" text="beset">
        <cmp x="1596" y="2334" width="96" height="83" />
        <cmp x="1687" y="2368" width="38" height="49" />
        <cmp x="1726" y="2373" width="35" height="39" />
        <cmp x="1767" y="2343" width="34" height="76" />
      </word>
      <word id="m04-072-08-06" tag="IN" text="by">
        <cmp x="1872" y="2337" width="57" height="83" />
        <cmp x="1931" y="2389" width="58" height="68" />
        <cmp x="1940" y="2388" width="21" height="16" />
      </word>
      <upper-contour>
        <point x="346" y="2296" />
        <point x="1991" y="2296" />
      </upper-contour>
      <lower-contour>
        <point x="355" y="2457" />
        <point x="1991" y="2457" />
      </lower-contour>
    </line>
    <line ass="-401" asx="0" asy="2502" character-width="999" dss="-401" dsx="0" dsy="2636" fd0="13946" fd1="2682" fd2="-985" filter-width="4" id="m04-072-09" lbs="-316" lbx="0" lby="2585" segmentation="ok" slant="63000" stroke-width="5738" threshold="169" text="robbers, or being whisked off to Emergency" ubs="-570" ubx="0" uby="2546">
      <word id="m04-072-09-00" tag="NNS" text="robbers">
        <cmp x="357" y="2544" width="64" height="39" />
        <cmp x="418" y="2545" width="35" height="40" />
        <cmp x="455" y="2514" width="37" height="79" />
        <cmp x="497" y="2527" width="39" height="65" />
        <cmp x="538" y="2545" width="65" height="40" />
        <cmp x="606" y="2554" width="23" height="39" />
      </word>
      <word id="m04-072-09-01" tag="," text=",">
        <cmp x="623" y="2577" width="17" height="28" />
      </word>
      <word id="m04-072-09-02" tag="CC" text="or">
        <cmp x="680" y="2555" width="93" height="40" />
      </word>
      <word id="m04-072-09-03" tag="BEG" text="being">
        <cmp x="834" y="2514" width="84" height="74" />
        <cmp x="927" y="2566" width="9" height="21" />
        <cmp x="940" y="2536" width="10" height="5" />
        <cmp x="946" y="2554" width="84" height="90" />
      </word>
      <word id="m04-072-09-04" tag="VBN" text="whisked">
        <cmp x="1118" y="2551" width="51" height="44" />
        <cmp x="1179" y="2521" width="40" height="74" />
        <cmp x="1235" y="2567" width="12" height="18" />
        <cmp x="1248" y="2540" width="8" height="6" />
        <cmp x="1249" y="2560" width="30" height="36" />
        <cmp x="1288" y="2516" width="43" height="79" />
        <cmp x="1335" y="2520" width="81" height="81" />
      </word>
      <word id="m04-072-09-05" tag="RP" text="off">
        <cmp x="1447" y="2552" width="54" height="47" />
        <cmp x="1478" y="2514" width="77" height="120" />
      </word>
      <word id="m04-072-09-06" tag="IN" text="to">
        <cmp x="1620" y="2520" width="74" height="75" />
      </word>
      <word id="m04-072-09-07" tag="NN" text="Emergency">
        <cmp x="1773" y="2514" width="78" height="79" />
        <cmp x="1835" y="2557" width="72" height="34" />
        <cmp x="1911" y="2548" width="146" height="95" />
        <cmp x="2062" y="2569" width="37" height="28" />
        <cmp x="2071" y="2563" width="8" height="5" />
        <cmp x="2107" y="2563" width="30" height="33" />
        <cmp x="2149" y="2573" width="51" height="49" />
      </word>
      <upper-contour>
        <point x="355" y="2457" />
        <point x="1991" y="2457" />
      </upper-contour>
      <lower-contour>
        <point x="383" y="2607" />
        <point x="805" y="2607" />
      </lower-contour>
    </line>
    <line ass="-1157" asx="0" asy="2692" character-width="999" dss="-1157" dsx="0" dsy="2782" fd0="14455" fd1="3212" fd2="-745" filter-width="3" id="m04-072-10" lbs="-374" lbx="0" lby="2781" segmentation="ok" slant="68000" stroke-width="5688" threshold="168" text="Ward 10." ubs="-2723" ubx="0" uby="2706">
      <word id="m04-072-10-00" tag="NN" text="Ward">
        <cmp x="385" y="2721" width="61" height="60" />
        <cmp x="437" y="2750" width="76" height="42" />
        <cmp x="521" y="2758" width="30" height="29" />
        <cmp x="555" y="2705" width="30" height="80" />
      </word>
      <word id="m04-072-10-01" tag="CD" text="10">
        <cmp x="653" y="2706" width="79" height="84" />
        <cmp x="723" y="2715" width="47" height="73" />
      </word>
      <word id="m04-072-10-02" tag="." text=".">
        <cmp x="791" y="2773" width="13" height="8" />
      </word>
      <upper-contour>
        <point x="383" y="2607" />
        <point x="805" y="2607" />
      </upper-contour>
    </line>
  </handwritten-part>
</form>

