<?xml version="1.0" encoding="ISO-8859-1"?>

<!DOCTYPE form SYSTEM 'http://www.iam.unibe.ch/~fki/iamdb/form-metadata.dtd'>

<form created="2002-01-25" height="3542" id="m04-164" last-modified="2002-07-17" skew="191" status="final" version="3.0_beta" width="2479" writer-id="548">
  <machine-printed-part>
    <machine-print-line text="They&apos;d got the lights on. There were people inside. Waving.&amp;quot; Like gimlets, the Station" />
    <machine-print-line text="Commander&apos;s eyes. &amp;quot;Did you see the indicator board?&amp;quot; &amp;quot;Yes, sir.&amp;quot; &amp;quot;And what did it" />
    <machine-print-line text="say? Mystery Tour?&amp;quot; Oh, very caustic, that Group Captain. But Broughtons stood" />
    <machine-print-line text="his ground. &amp;quot;No, sir. It said Llangrwl.&amp;quot; Llewelyn Jones sat back in his chair. &amp;quot;I see." />
    <machine-print-line text="So you met a bus at fifty thousand feet." />
  </machine-printed-part>
  <handwritten-part>
    <line ass="225" asx="0" asy="896" character-width="999" dss="225" dsx="0" dsy="1017" fd0="13840" fd1="3127" fd2="44" filter-width="3" id="m04-164-00" lbs="397" lbx="0" lby="982" segmentation="err" slant="79000" stroke-width="5299" threshold="195" text="They&apos;d got the lights on. There were people inside." ubs="-119" ubx="0" uby="948">
      <word id="m04-164-00-00" sentence-start="yes" tag="PP3AS" text="They">
        <cmp x="377" y="921" width="29" height="58" />
        <cmp x="402" y="915" width="27" height="60" />
        <cmp x="440" y="948" width="22" height="30" />
        <cmp x="466" y="957" width="26" height="47" />
      </word>
      <word id="m04-164-00-01" tag="HVD" text="&apos;d">
        <cmp x="515" y="932" width="6" height="15" />
        <cmp x="519" y="935" width="37" height="42" />
        <cmp x="553" y="927" width="6" height="7" />
      </word>
      <word id="m04-164-00-02" tag="VBN" text="got">
        <cmp x="608" y="958" width="34" height="57" />
        <cmp x="643" y="966" width="27" height="20" />
        <cmp x="677" y="925" width="23" height="54" />
      </word>
      <word id="m04-164-00-03" tag="ATI" text="the">
        <cmp x="754" y="920" width="36" height="54" />
        <cmp x="791" y="910" width="46" height="53" />
      </word>
      <word id="m04-164-00-04" tag="NNS" text="lights">
        <cmp x="879" y="919" width="63" height="60" />
        <cmp x="937" y="940" width="6" height="4" />
        <cmp x="943" y="964" width="19" height="35" />
        <cmp x="969" y="919" width="27" height="59" />
        <cmp x="1004" y="921" width="21" height="61" />
        <cmp x="1027" y="960" width="19" height="22" />
      </word>
      <word id="m04-164-00-05" tag="RP" text="on">
        <cmp x="1114" y="947" width="59" height="32" />
      </word>
      <word id="m04-164-00-06" tag="." text=".">
        <cmp x="1194" y="967" width="7" height="6" />
      </word>
      <word id="m04-164-00-07" sentence-start="yes" tag="EX" text="There">
        <cmp x="1254" y="914" width="3" height="6" />
        <cmp x="1258" y="898" width="40" height="19" />
        <cmp x="1261" y="917" width="22" height="70" />
        <cmp x="1296" y="892" width="50" height="81" />
        <cmp x="1298" y="893" width="3" height="3" />
        <cmp x="1360" y="943" width="55" height="25" />
      </word>
      <word id="m04-164-00-08" tag="BED" text="were">
        <cmp x="1452" y="941" width="113" height="34" />
      </word>
      <word id="m04-164-00-09" tag="NNS" text="people">
        <cmp x="1626" y="963" width="25" height="48" />
        <cmp x="1657" y="965" width="21" height="19" />
        <cmp x="1684" y="967" width="15" height="16" />
        <cmp x="1701" y="966" width="5" height="10" />
        <cmp x="1713" y="961" width="24" height="42" />
        <cmp x="1741" y="933" width="49" height="52" />
      </word>
      <word id="m04-164-00-10" tag="RP" text="inside">
        <cmp x="1845" y="956" width="7" height="19" />
        <cmp x="1846" y="925" width="4" height="9" />
        <cmp x="1860" y="951" width="25" height="18" />
        <cmp x="1894" y="953" width="19" height="27" />
        <cmp x="1921" y="964" width="8" height="10" />
        <cmp x="1927" y="935" width="7" height="8" />
      </word>
      <word id="m04-164-00-11" tag="." text=".">
        <cmp x="1939" y="930" width="67" height="42" />
      </word>
      <lower-contour>
        <point x="375" y="1014" />
        <point x="2006" y="1014" />
      </lower-contour>
    </line>
    <line ass="341" asx="0" asy="1087" character-width="999" dss="341" dsx="0" dsy="1206" fd0="14075" fd1="3243" fd2="78" filter-width="3" id="m04-164-01" lbs="305" lbx="0" lby="1157" segmentation="ok" slant="75000" stroke-width="5210" threshold="196" text="Waving.&amp;quot; Like gimlets, the Station Commander&apos;s eyes." ubs="412" ubx="0" uby="1140">
      <word id="m04-164-01-00" sentence-start="yes" tag="VBG" text="Waving">
        <cmp x="356" y="1102" width="49" height="58" />
        <cmp x="401" y="1142" width="30" height="20" />
        <cmp x="443" y="1138" width="25" height="25" />
        <cmp x="475" y="1142" width="14" height="23" />
        <cmp x="478" y="1128" width="6" height="8" />
        <cmp x="494" y="1135" width="32" height="24" />
        <cmp x="520" y="1142" width="28" height="52" />
      </word>
      <word id="m04-164-01-01" tag="." text=".">
        <cmp x="575" y="1155" width="6" height="5" />
      </word>
      <word id="m04-164-01-02" tag="**&apos;" text="&quot;">
        <cmp x="635" y="1098" width="19" height="19" />
      </word>
      <word id="m04-164-01-03" sentence-start="yes" tag="IN" text="Like">
        <cmp x="674" y="1102" width="27" height="59" />
        <cmp x="702" y="1141" width="10" height="18" />
        <cmp x="710" y="1124" width="6" height="4" />
        <cmp x="716" y="1096" width="72" height="60" />
      </word>
      <word id="m04-164-01-04" tag="NNS" text="gimlets">
        <cmp x="834" y="1138" width="49" height="64" />
        <cmp x="879" y="1117" width="6" height="5" />
        <cmp x="890" y="1140" width="37" height="24" />
        <cmp x="943" y="1108" width="48" height="50" />
        <cmp x="1002" y="1085" width="27" height="70" />
        <cmp x="1021" y="1131" width="28" height="30" />
      </word>
      <word id="m04-164-01-05" tag="," text=",">
        <cmp x="1074" y="1162" width="12" height="29" />
      </word>
      <word id="m04-164-01-06" tag="ATI" text="the">
        <cmp x="1104" y="1111" width="27" height="47" />
        <cmp x="1129" y="1107" width="53" height="51" />
        <cmp x="1141" y="1102" width="4" height="4" />
      </word>
      <word id="m04-164-01-07" tag="NN" text="Station">
        <cmp x="1225" y="1095" width="40" height="50" />
        <cmp x="1263" y="1081" width="57" height="70" />
        <cmp x="1325" y="1081" width="36" height="78" />
        <cmp x="1364" y="1117" width="5" height="4" />
        <cmp x="1373" y="1125" width="22" height="21" />
        <cmp x="1397" y="1131" width="24" height="18" />
      </word>
      <word id="m04-164-01-08" tag="NPT$" text="Commander&apos;s">
        <cmp x="1465" y="1098" width="37" height="47" />
        <cmp x="1496" y="1129" width="22" height="21" />
        <cmp x="1525" y="1133" width="43" height="15" />
        <cmp x="1575" y="1129" width="47" height="20" />
        <cmp x="1633" y="1132" width="48" height="22" />
        <cmp x="1693" y="1109" width="74" height="45" />
        <cmp x="1788" y="1114" width="10" height="17" />
        <cmp x="1793" y="1125" width="16" height="27" />
      </word>
      <word id="m04-164-01-09" tag="NNS" text="eyes">
        <cmp x="1872" y="1120" width="38" height="32" />
        <cmp x="1903" y="1129" width="50" height="63" />
        <cmp x="1919" y="1133" width="5" height="3" />
        <cmp x="1962" y="1130" width="22" height="38" />
      </word>
      <word id="m04-164-01-10" tag="." text=".">
        <cmp x="2022" y="1143" width="7" height="7" />
      </word>
      <upper-contour>
        <point x="375" y="1014" />
        <point x="2006" y="1014" />
      </upper-contour>
      <lower-contour>
        <point x="359" y="1201" />
        <point x="2029" y="1201" />
      </lower-contour>
    </line>
    <line ass="129" asx="0" asy="1248" character-width="999" dss="129" dsx="0" dsy="1365" fd0="14564" fd1="4009" fd2="591" filter-width="3" id="m04-164-02" lbs="140" lbx="0" lby="1328" segmentation="ok" slant="73000" stroke-width="5212" threshold="196" text="&amp;quot;Did you see the indicator board?&amp;quot; &amp;quot;Yes, sir.&amp;quot; &amp;quot;And" ubs="109" ubx="0" uby="1311">
      <word id="m04-164-02-00" sentence-start="yes" tag="*&apos;" text="&quot;">
        <cmp x="361" y="1249" width="10" height="13" />
        <cmp x="373" y="1254" width="10" height="17" />
      </word>
      <word id="m04-164-02-01" tag="DOD" text="Did">
        <cmp x="380" y="1272" width="55" height="52" />
        <cmp x="434" y="1312" width="5" height="8" />
        <cmp x="445" y="1276" width="38" height="41" />
      </word>
      <word id="m04-164-02-02" tag="PP2" text="you">
        <cmp x="509" y="1301" width="31" height="62" />
        <cmp x="542" y="1310" width="70" height="18" />
      </word>
      <word id="m04-164-02-03" tag="VB" text="see">
        <cmp x="671" y="1303" width="28" height="30" />
        <cmp x="709" y="1303" width="51" height="29" />
      </word>
      <word id="m04-164-02-04" tag="ATI" text="the">
        <cmp x="793" y="1269" width="37" height="70" />
        <cmp x="835" y="1261" width="59" height="65" />
      </word>
      <word id="m04-164-02-05" tag="NN" text="indicator">
        <cmp x="956" y="1318" width="6" height="14" />
        <cmp x="957" y="1295" width="6" height="3" />
        <cmp x="964" y="1313" width="28" height="23" />
        <cmp x="1000" y="1293" width="50" height="43" />
        <cmp x="1047" y="1296" width="6" height="7" />
        <cmp x="1057" y="1310" width="18" height="24" />
        <cmp x="1084" y="1315" width="33" height="18" />
        <cmp x="1118" y="1274" width="76" height="57" />
      </word>
      <word id="m04-164-02-06" tag="NN" text="board">
        <cmp x="1238" y="1277" width="54" height="62" />
        <cmp x="1295" y="1318" width="53" height="23" />
        <cmp x="1356" y="1292" width="40" height="44" />
      </word>
      <word id="m04-164-02-07" tag="?" text="?">
        <cmp x="1429" y="1331" width="10" height="6" />
        <cmp x="1431" y="1280" width="19" height="41" />
      </word>
      <word id="m04-164-02-08" tag="**&apos;" text="&quot;">
        <cmp x="1478" y="1257" width="13" height="12" />
      </word>
      <word id="m04-164-02-09" sentence-start="yes" tag="*&apos;" text="&quot;">
        <cmp x="1513" y="1259" width="25" height="17" />
      </word>
      <word id="m04-164-02-10" tag="UH" text="Yes">
        <cmp x="1554" y="1276" width="40" height="64" />
        <cmp x="1591" y="1300" width="26" height="27" />
        <cmp x="1618" y="1300" width="24" height="30" />
      </word>
      <word id="m04-164-02-11" tag="," text=",">
        <cmp x="1664" y="1341" width="9" height="17" />
      </word>
      <word id="m04-164-02-12" tag="NN" text="sir">
        <cmp x="1694" y="1306" width="25" height="37" />
        <cmp x="1729" y="1287" width="6" height="11" />
        <cmp x="1730" y="1315" width="8" height="22" />
        <cmp x="1741" y="1310" width="26" height="28" />
      </word>
      <word id="m04-164-02-13" tag="." text=".">
        <cmp x="1793" y="1321" width="6" height="6" />
      </word>
      <word id="m04-164-02-14" tag="**&apos;" text="&quot;">
        <cmp x="1818" y="1259" width="10" height="10" />
        <cmp x="1828" y="1264" width="7" height="12" />
      </word>
      <word id="m04-164-02-15" sentence-start="yes" tag="*&apos;" text="&quot;">
        <cmp x="1885" y="1262" width="20" height="15" />
      </word>
      <word id="m04-164-02-16" tag="CC" text="And">
        <cmp x="1919" y="1265" width="36" height="62" />
        <cmp x="1952" y="1295" width="28" height="24" />
        <cmp x="1985" y="1279" width="48" height="41" />
      </word>
      <upper-contour>
        <point x="359" y="1201" />
        <point x="2029" y="1201" />
      </upper-contour>
      <lower-contour>
        <point x="359" y="1362" />
        <point x="2034" y="1362" />
      </lower-contour>
    </line>
    <line ass="-132" asx="0" asy="1426" character-width="999" dss="-132" dsx="0" dsy="1551" fd0="14154" fd1="3554" fd2="368" filter-width="3" id="m04-164-03" lbs="-138" lbx="0" lby="1505" segmentation="ok" slant="78000" stroke-width="5230" threshold="196" text="what did it say? Mystery Tour?&amp;quot; Oh, very caustic, that" ubs="-120" ubx="0" uby="1485">
      <word id="m04-164-03-00" tag="WDT" text="what">
        <cmp x="358" y="1465" width="37" height="47" />
        <cmp x="403" y="1440" width="18" height="70" />
        <cmp x="433" y="1491" width="26" height="18" />
        <cmp x="479" y="1453" width="23" height="58" />
      </word>
      <word id="m04-164-03-01" tag="DOD" text="did">
        <cmp x="564" y="1453" width="56" height="56" />
        <cmp x="612" y="1474" width="6" height="7" />
        <cmp x="620" y="1460" width="42" height="44" />
      </word>
      <word id="m04-164-03-02" tag="PP3" text="it">
        <cmp x="715" y="1473" width="8" height="10" />
        <cmp x="716" y="1494" width="12" height="14" />
        <cmp x="739" y="1448" width="26" height="66" />
      </word>
      <word id="m04-164-03-03" tag="VB" text="say">
        <cmp x="824" y="1477" width="36" height="37" />
        <cmp x="856" y="1492" width="26" height="17" />
        <cmp x="880" y="1493" width="28" height="54" />
      </word>
      <word id="m04-164-03-04" tag="?" text="?">
        <cmp x="934" y="1462" width="21" height="45" />
        <cmp x="938" y="1511" width="7" height="5" />
      </word>
      <word id="m04-164-03-05" sentence-start="yes" tag="NC" text="Mystery">
        <cmp x="1034" y="1460" width="47" height="50" />
        <cmp x="1077" y="1486" width="33" height="51" />
        <cmp x="1115" y="1489" width="21" height="22" />
        <cmp x="1144" y="1450" width="70" height="67" />
        <cmp x="1221" y="1490" width="30" height="64" />
        <cmp x="1233" y="1486" width="3" height="3" />
      </word>
      <word id="m04-164-03-06" tag="NC" text="Tour">
        <cmp x="1286" y="1438" width="44" height="15" />
        <cmp x="1303" y="1454" width="16" height="59" />
        <cmp x="1321" y="1480" width="22" height="26" />
        <cmp x="1349" y="1468" width="35" height="38" />
        <cmp x="1390" y="1477" width="27" height="26" />
      </word>
      <word id="m04-164-03-07" tag="?" text="?">
        <cmp x="1458" y="1447" width="21" height="46" />
        <cmp x="1463" y="1506" width="8" height="7" />
      </word>
      <word id="m04-164-03-08" tag="**&apos;" text="&quot;">
        <cmp x="1501" y="1431" width="17" height="15" />
      </word>
      <word id="m04-164-03-09" sentence-start="yes" tag="UH" text="Oh">
        <cmp x="1584" y="1459" width="57" height="51" />
      </word>
      <word id="m04-164-03-10" tag="," text=",">
        <cmp x="1664" y="1508" width="11" height="18" />
      </word>
      <word id="m04-164-03-11" tag="QL" text="very">
        <cmp x="1707" y="1479" width="71" height="36" />
        <cmp x="1779" y="1488" width="27" height="68" />
      </word>
      <word id="m04-164-03-12" tag="JJ" text="caustic">
        <cmp x="1857" y="1487" width="21" height="25" />
        <cmp x="1880" y="1483" width="90" height="32" />
        <cmp x="1965" y="1450" width="34" height="62" />
        <cmp x="2001" y="1477" width="8" height="7" />
        <cmp x="2008" y="1488" width="26" height="28" />
        <cmp x="2024" y="1487" width="3" height="4" />
      </word>
      <word id="m04-164-03-13" tag="," text=",">
        <cmp x="2040" y="1524" width="16" height="19" />
      </word>
      <word id="m04-164-03-14" tag="DT" text="that">
        <cmp x="2081" y="1464" width="22" height="54" />
        <cmp x="2113" y="1456" width="18" height="51" />
        <cmp x="2137" y="1497" width="29" height="16" />
        <cmp x="2166" y="1454" width="31" height="58" />
      </word>
      <upper-contour>
        <point x="359" y="1362" />
        <point x="2034" y="1362" />
      </upper-contour>
      <lower-contour>
        <point x="365" y="1557" />
        <point x="2168" y="1557" />
      </lower-contour>
    </line>
    <line ass="41" asx="0" asy="1625" character-width="999" dss="41" dsx="0" dsy="1733" fd0="14230" fd1="3179" fd2="185" filter-width="3" id="m04-164-04" lbs="-31" lbx="0" lby="1691" segmentation="ok" slant="77000" stroke-width="5340" threshold="194" text="Group Captain. But Broughtons stood his ground. &amp;quot;No," ubs="188" ubx="0" uby="1674">
      <word id="m04-164-04-00" tag="NN" text="Group">
        <cmp x="367" y="1636" width="30" height="51" />
        <cmp x="378" y="1659" width="96" height="39" />
        <cmp x="477" y="1671" width="6" height="4" />
        <cmp x="477" y="1669" width="22" height="37" />
      </word>
      <word id="m04-164-04-01" tag="NPT" text="Captain">
        <cmp x="554" y="1634" width="44" height="55" />
        <cmp x="592" y="1669" width="32" height="22" />
        <cmp x="630" y="1669" width="30" height="40" />
        <cmp x="680" y="1625" width="28" height="73" />
        <cmp x="710" y="1670" width="73" height="26" />
        <cmp x="753" y="1648" width="4" height="7" />
      </word>
      <word id="m04-164-04-02" tag="." text=".">
        <cmp x="829" y="1690" width="5" height="5" />
      </word>
      <word id="m04-164-04-03" sentence-start="yes" tag="CC" text="But">
        <cmp x="874" y="1636" width="37" height="74" />
        <cmp x="881" y="1655" width="7" height="32" />
        <cmp x="920" y="1672" width="33" height="20" />
        <cmp x="961" y="1629" width="25" height="57" />
      </word>
      <word id="m04-164-04-04" tag="NP" text="Broughtons">
        <cmp x="1042" y="1639" width="35" height="55" />
        <cmp x="1081" y="1673" width="24" height="16" />
        <cmp x="1083" y="1666" width="3" height="6" />
        <cmp x="1115" y="1672" width="24" height="22" />
        <cmp x="1142" y="1676" width="29" height="17" />
        <cmp x="1172" y="1675" width="22" height="59" />
        <cmp x="1204" y="1642" width="26" height="57" />
        <cmp x="1243" y="1637" width="23" height="61" />
        <cmp x="1272" y="1669" width="20" height="21" />
        <cmp x="1294" y="1673" width="27" height="18" />
        <cmp x="1331" y="1667" width="12" height="24" />
      </word>
      <word id="m04-164-04-05" tag="VBD" text="stood">
        <cmp x="1400" y="1659" width="35" height="38" />
        <cmp x="1436" y="1625" width="48" height="72" />
        <cmp x="1488" y="1672" width="23" height="16" />
        <cmp x="1515" y="1644" width="38" height="39" />
      </word>
      <word id="m04-164-04-06" tag="PP$" text="his">
        <cmp x="1612" y="1633" width="28" height="54" />
        <cmp x="1652" y="1668" width="8" height="13" />
        <cmp x="1653" y="1647" width="7" height="6" />
        <cmp x="1661" y="1657" width="18" height="29" />
      </word>
      <word id="m04-164-04-07" tag="NN" text="ground">
        <cmp x="1716" y="1666" width="77" height="62" />
        <cmp x="1801" y="1667" width="97" height="24" />
        <cmp x="1901" y="1646" width="54" height="50" />
      </word>
      <word id="m04-164-04-08" tag="." text=".">
        <cmp x="2010" y="1689" width="6" height="4" />
      </word>
      <word id="m04-164-04-09" sentence-start="yes" tag="*&apos;" text="&quot;">
        <cmp x="2056" y="1625" width="28" height="20" />
      </word>
      <word id="m04-164-04-10" tag="UH" text="No">
        <cmp x="2086" y="1638" width="40" height="53" />
        <cmp x="2127" y="1665" width="19" height="25" />
      </word>
      <word id="m04-164-04-11" tag="," text=",">
        <cmp x="2152" y="1699" width="15" height="28" />
      </word>
      <upper-contour>
        <point x="365" y="1557" />
        <point x="2168" y="1557" />
      </upper-contour>
      <lower-contour>
        <point x="365" y="1734" />
        <point x="2125" y="1734" />
      </lower-contour>
    </line>
    <line ass="-53" asx="0" asy="1800" character-width="999" dss="-53" dsx="0" dsy="1911" fd0="14502" fd1="3313" fd2="120" filter-width="3" id="m04-164-05" lbs="-90" lbx="0" lby="1872" segmentation="err" slant="87999" stroke-width="5205" threshold="196" text="sir. It said Llangrwl.&amp;quot; Llewelyn Jones sat" ubs="20" ubx="0" uby="1855">
      <word id="m04-164-05-00" tag="NN" text="sir">
        <cmp x="352" y="1839" width="34" height="37" />
        <cmp x="389" y="1857" width="11" height="18" />
        <cmp x="393" y="1826" width="9" height="9" />
        <cmp x="407" y="1851" width="37" height="23" />
      </word>
      <word id="m04-164-05-01" tag="." text=".">
        <cmp x="476" y="1865" width="5" height="5" />
      </word>
      <word id="m04-164-05-02" sentence-start="yes" tag="PP3" text="It">
        <cmp x="523" y="1818" width="46" height="11" />
        <cmp x="525" y="1869" width="27" height="9" />
        <cmp x="539" y="1844" width="9" height="24" />
        <cmp x="569" y="1810" width="31" height="66" />
        <cmp x="647" y="1842" width="32" height="36" />
        <cmp x="687" y="1858" width="10" height="17" />
        <cmp x="691" y="1830" width="7" height="6" />
        <cmp x="703" y="1848" width="37" height="21" />
        <cmp x="750" y="1823" width="72" height="75" />
      </word>
      <word id="m04-164-05-03" tag="VBD" text="said">
        <cmp x="875" y="1845" width="39" height="44" />
        <cmp x="915" y="1862" width="51" height="17" />
        <cmp x="956" y="1853" width="5" height="4" />
        <cmp x="973" y="1838" width="35" height="39" />
      </word>
      <word id="m04-164-05-04" tag="NP" text="Llangrwl">
        <cmp x="1073" y="1814" width="31" height="64" />
        <cmp x="1115" y="1814" width="46" height="58" />
        <cmp x="1153" y="1852" width="26" height="22" />
        <cmp x="1186" y="1850" width="24" height="24" />
        <cmp x="1217" y="1851" width="21" height="61" />
        <cmp x="1256" y="1846" width="21" height="20" />
        <cmp x="1287" y="1854" width="42" height="15" />
        <cmp x="1336" y="1825" width="35" height="43" />
      </word>
      <word id="m04-164-05-05" tag="." text=".">
        <cmp x="1383" y="1863" width="8" height="8" />
      </word>
      <word id="m04-164-05-06" tag="**&apos;" text="&quot;">
        <cmp x="1412" y="1803" width="17" height="14" />
      </word>
      <word id="m04-164-05-07" sentence-start="yes" tag="NP" text="Llewelyn">
        <cmp x="1500" y="1814" width="28" height="62" />
        <cmp x="1526" y="1815" width="49" height="59" />
        <cmp x="1568" y="1843" width="22" height="26" />
        <cmp x="1594" y="1849" width="32" height="31" />
        <cmp x="1627" y="1855" width="7" height="5" />
        <cmp x="1638" y="1847" width="14" height="22" />
        <cmp x="1653" y="1813" width="56" height="91" />
        <cmp x="1716" y="1845" width="20" height="32" />
      </word>
      <word id="m04-164-05-08" tag="NP" text="Jones">
        <cmp x="1788" y="1818" width="44" height="96" />
        <cmp x="1848" y="1852" width="28" height="28" />
        <cmp x="1882" y="1854" width="30" height="15" />
        <cmp x="1918" y="1847" width="24" height="23" />
        <cmp x="1943" y="1851" width="21" height="22" />
      </word>
      <word id="m04-164-05-09" tag="VBD" text="sat">
        <cmp x="2026" y="1846" width="35" height="32" />
        <cmp x="2058" y="1823" width="67" height="57" />
      </word>
      <upper-contour>
        <point x="365" y="1734" />
        <point x="2125" y="1734" />
      </upper-contour>
      <lower-contour>
        <point x="355" y="1915" />
        <point x="2093" y="1915" />
      </lower-contour>
    </line>
    <line ass="242" asx="0" asy="1984" character-width="999" dss="242" dsx="0" dsy="2108" fd0="14276" fd1="3682" fd2="1226" filter-width="3" id="m04-164-06" lbs="237" lbx="0" lby="2056" segmentation="ok" slant="80000" stroke-width="5162" threshold="198" text="back in his chair. &amp;quot;I see. So you met a bus at" ubs="253" ubx="0" uby="2041">
      <word id="m04-164-06-00" tag="RP" text="back">
        <cmp x="357" y="1996" width="38" height="60" />
        <cmp x="377" y="1990" width="6" height="5" />
        <cmp x="397" y="2035" width="31" height="21" />
        <cmp x="436" y="1999" width="56" height="56" />
      </word>
      <word id="m04-164-06-01" tag="IN" text="in">
        <cmp x="547" y="2012" width="6" height="6" />
        <cmp x="549" y="2039" width="7" height="13" />
        <cmp x="564" y="2041" width="24" height="16" />
      </word>
      <word id="m04-164-06-02" tag="PP$" text="his">
        <cmp x="622" y="1985" width="30" height="72" />
        <cmp x="663" y="2041" width="8" height="12" />
        <cmp x="670" y="2020" width="4" height="3" />
        <cmp x="684" y="2033" width="18" height="27" />
      </word>
      <word id="m04-164-06-03" tag="NN" text="chair">
        <cmp x="784" y="2033" width="31" height="34" />
        <cmp x="816" y="1981" width="27" height="83" />
        <cmp x="846" y="2037" width="85" height="24" />
        <cmp x="893" y="2016" width="6" height="5" />
      </word>
      <word id="m04-164-06-04" tag="." text=".">
        <cmp x="959" y="2044" width="7" height="8" />
      </word>
      <word id="m04-164-06-05" sentence-start="yes" tag="*&apos;" text="&quot;">
        <cmp x="1034" y="1981" width="21" height="16" />
      </word>
      <word id="m04-164-06-06" tag="PP1A" text="I">
        <cmp x="1064" y="2044" width="38" height="17" />
        <cmp x="1088" y="1993" width="32" height="10" />
        <cmp x="1092" y="2001" width="15" height="48" />
      </word>
      <word id="m04-164-06-07" tag="VB" text="see">
        <cmp x="1132" y="2024" width="35" height="33" />
        <cmp x="1167" y="2031" width="33" height="21" />
        <cmp x="1208" y="2029" width="23" height="16" />
      </word>
      <word id="m04-164-06-08" tag="." text=".">
        <cmp x="1270" y="2044" width="9" height="7" />
      </word>
      <word id="m04-164-06-09" sentence-start="yes" tag="RB" text="So">
        <cmp x="1334" y="2003" width="47" height="48" />
        <cmp x="1380" y="2028" width="22" height="24" />
      </word>
      <word id="m04-164-06-10" tag="PP2" text="you">
        <cmp x="1460" y="2026" width="33" height="76" />
        <cmp x="1504" y="2031" width="20" height="16" />
        <cmp x="1534" y="2037" width="31" height="14" />
        <cmp x="1539" y="2035" width="4" height="4" />
      </word>
      <word id="m04-164-06-11" tag="VBD" text="met">
        <cmp x="1639" y="2025" width="43" height="19" />
        <cmp x="1690" y="2029" width="24" height="19" />
        <cmp x="1722" y="1988" width="26" height="67" />
      </word>
      <word id="m04-164-06-12" tag="AT" text="a">
        <cmp x="1805" y="2032" width="35" height="22" />
      </word>
      <word id="m04-164-06-13" tag="NN" text="bus">
        <cmp x="1870" y="1998" width="23" height="54" />
        <cmp x="1898" y="2028" width="38" height="19" />
        <cmp x="1932" y="2024" width="29" height="27" />
      </word>
      <word id="m04-164-06-14" tag="IN" text="at">
        <cmp x="2035" y="2035" width="25" height="14" />
        <cmp x="2070" y="1995" width="23" height="64" />
      </word>
      <upper-contour>
        <point x="355" y="1915" />
        <point x="2093" y="1915" />
      </upper-contour>
      <lower-contour>
        <point x="358" y="2066" />
        <point x="1083" y="2066" />
      </lower-contour>
    </line>
    <line ass="-842" asx="0" asy="2139" character-width="999" dss="-842" dsx="0" dsy="2262" fd0="13217" fd1="2606" fd2="-565" filter-width="3" id="m04-164-07" lbs="358" lbx="0" lby="2234" segmentation="ok" slant="83000" stroke-width="5275" threshold="192" text="fifty thousand feet." ubs="-3242" ubx="0" uby="2165">
      <word id="m04-164-07-00" tag="CD" text="fifty">
        <cmp x="360" y="2161" width="48" height="108" />
        <cmp x="404" y="2193" width="6" height="5" />
        <cmp x="424" y="2147" width="29" height="88" />
        <cmp x="456" y="2147" width="16" height="78" />
        <cmp x="481" y="2203" width="28" height="66" />
      </word>
      <word id="m04-164-07-01" tag="CD" text="thousand">
        <cmp x="630" y="2168" width="27" height="68" />
        <cmp x="659" y="2159" width="18" height="71" />
        <cmp x="682" y="2209" width="23" height="24" />
        <cmp x="709" y="2213" width="24" height="18" />
        <cmp x="731" y="2217" width="21" height="18" />
        <cmp x="746" y="2214" width="5" height="3" />
        <cmp x="756" y="2216" width="25" height="17" />
        <cmp x="784" y="2214" width="26" height="19" />
        <cmp x="816" y="2186" width="40" height="46" />
      </word>
      <word id="m04-164-07-02" tag="NNS" text="feet">
        <cmp x="936" y="2169" width="72" height="96" />
        <cmp x="1015" y="2182" width="57" height="45" />
      </word>
      <word id="m04-164-07-03" tag="." text=".">
        <cmp x="1075" y="2227" width="8" height="5" />
      </word>
      <upper-contour>
        <point x="358" y="2066" />
        <point x="1083" y="2066" />
      </upper-contour>
    </line>
  </handwritten-part>
</form>

