<?xml version="1.0" encoding="ISO-8859-1"?>

<!DOCTYPE form SYSTEM 'http://www.iam.unibe.ch/~fki/iamdb/form-metadata.dtd'>

<form created="2002-01-25" height="3542" id="m04-100" last-modified="2002-07-17" skew="127" status="final" version="3.0_beta" width="2479" writer-id="546">
  <machine-printed-part>
    <machine-print-line text="And no one doing the first thing about it.&amp;quot; Stung, the conductor was. &amp;quot;What you" />
    <machine-print-line text="expect me to do?&amp;quot; he inquired, bitter. &amp;quot;Radio Flying Control at London Airport, is" />
    <machine-print-line text="it?&amp;quot; &amp;quot;Mutual recriminations will get us nowhere,&amp;quot; boomed the Rev. Edwards. &amp;quot;It&apos;s" />
    <machine-print-line text="all very well,&amp;quot; commented Mr. Hayball from the back seat." />
  </machine-printed-part>
  <handwritten-part>
    <line ass="-112" asx="0" asy="726" character-width="999" dss="-112" dsx="0" dsy="882" fd0="13509" fd1="3063" fd2="-124" filter-width="3" id="m04-100-00" lbs="-180" lbx="0" lby="809" segmentation="ok" slant="71000" stroke-width="5541" threshold="172" text="And no one doing the first thing about" ubs="22" ubx="0" uby="783">
      <word id="m04-100-00-00" sentence-start="yes" tag="CC" text="And">
        <cmp x="358" y="734" width="3" height="4" />
        <cmp x="361" y="727" width="52" height="78" />
        <cmp x="421" y="793" width="43" height="21" />
        <cmp x="469" y="785" width="37" height="30" />
        <cmp x="507" y="741" width="25" height="78" />
        <cmp x="530" y="753" width="3" height="3" />
        <cmp x="532" y="763" width="3" height="5" />
      </word>
      <word id="m04-100-00-01" tag="PN21" text="no">
        <cmp x="594" y="791" width="41" height="35" />
        <cmp x="641" y="793" width="44" height="34" />
      </word>
      <word id="m04-100-00-02" tag="PN22" text="one">
        <cmp x="746" y="778" width="52" height="43" />
        <cmp x="803" y="786" width="21" height="24" />
        <cmp x="825" y="797" width="42" height="17" />
        <cmp x="894" y="779" width="30" height="40" />
      </word>
      <word id="m04-100-00-03" tag="VBG" text="doing">
        <cmp x="998" y="744" width="66" height="79" />
        <cmp x="1062" y="786" width="38" height="33" />
        <cmp x="1099" y="785" width="125" height="101" />
        <cmp x="1130" y="753" width="18" height="8" />
      </word>
      <word id="m04-100-00-04" tag="ATI" text="the">
        <cmp x="1302" y="750" width="41" height="85" />
        <cmp x="1350" y="761" width="65" height="61" />
      </word>
      <word id="m04-100-00-05" tag="OD" text="first">
        <cmp x="1473" y="746" width="43" height="109" />
        <cmp x="1522" y="790" width="80" height="29" />
        <cmp x="1549" y="761" width="10" height="5" />
        <cmp x="1605" y="774" width="36" height="46" />
        <cmp x="1643" y="749" width="41" height="58" />
      </word>
      <word id="m04-100-00-06" tag="NN" text="thing">
        <cmp x="1750" y="737" width="49" height="83" />
        <cmp x="1798" y="752" width="41" height="52" />
        <cmp x="1827" y="748" width="5" height="3" />
        <cmp x="1850" y="776" width="18" height="31" />
        <cmp x="1871" y="761" width="7" height="6" />
        <cmp x="1878" y="793" width="47" height="12" />
        <cmp x="1912" y="770" width="54" height="99" />
      </word>
      <word id="m04-100-00-07" tag="IN" text="about">
        <cmp x="2016" y="774" width="46" height="34" />
        <cmp x="2071" y="736" width="127" height="80" />
        <cmp x="2200" y="746" width="44" height="69" />
      </word>
      <lower-contour>
        <point x="367" y="886" />
        <point x="2245" y="886" />
      </lower-contour>
    </line>
    <line ass="-955" asx="0" asy="875" character-width="999" dss="-955" dsx="0" dsy="1044" fd0="14452" fd1="3268" fd2="-107" filter-width="3" id="m04-100-01" lbs="-1019" lbx="0" lby="961" segmentation="ok" slant="66000" stroke-width="5474" threshold="172" text="it.&amp;quot; Stung, the conductor was. &amp;quot;What you" ubs="-827" ubx="0" uby="940">
      <word id="m04-100-01-00" tag="PP3" text="it">
        <cmp x="369" y="926" width="16" height="14" />
        <cmp x="371" y="952" width="11" height="35" />
        <cmp x="398" y="906" width="29" height="87" />
      </word>
      <word id="m04-100-01-01" tag="." text=".">
        <cmp x="469" y="976" width="8" height="7" />
      </word>
      <word id="m04-100-01-02" tag="**&apos;" text="&quot;">
        <cmp x="528" y="897" width="8" height="21" />
        <cmp x="539" y="900" width="9" height="22" />
      </word>
      <word id="m04-100-01-03" sentence-start="yes" tag="VBN" text="Stung">
        <cmp x="589" y="907" width="71" height="76" />
        <cmp x="651" y="909" width="39" height="73" />
        <cmp x="690" y="954" width="114" height="30" />
        <cmp x="780" y="992" width="40" height="66" />
        <cmp x="813" y="955" width="25" height="83" />
      </word>
      <word id="m04-100-01-04" tag="," text=",">
        <cmp x="865" y="988" width="13" height="23" />
        <cmp x="874" y="983" width="8" height="5" />
      </word>
      <word id="m04-100-01-05" tag="ATI" text="the">
        <cmp x="941" y="937" width="36" height="54" />
        <cmp x="975" y="972" width="3" height="3" />
        <cmp x="990" y="934" width="65" height="57" />
        <cmp x="1009" y="930" width="7" height="3" />
      </word>
      <word id="m04-100-01-06" tag="NN" text="conductor">
        <cmp x="1119" y="946" width="41" height="44" />
        <cmp x="1150" y="956" width="113" height="34" />
        <cmp x="1267" y="919" width="82" height="73" />
        <cmp x="1330" y="967" width="45" height="27" />
        <cmp x="1382" y="966" width="30" height="30" />
        <cmp x="1423" y="918" width="39" height="75" />
        <cmp x="1447" y="965" width="89" height="35" />
      </word>
      <word id="m04-100-01-07" tag="BEDZ" text="was">
        <cmp x="1588" y="948" width="59" height="50" />
        <cmp x="1655" y="955" width="48" height="36" />
        <cmp x="1712" y="946" width="35" height="54" />
      </word>
      <word id="m04-100-01-08" tag="." text=".">
        <cmp x="1786" y="976" width="7" height="9" />
      </word>
      <word id="m04-100-01-09" sentence-start="yes" tag="*&apos;" text="&quot;">
        <cmp x="1869" y="915" width="36" height="24" />
      </word>
      <word id="m04-100-01-10" tag="WDT" text="What">
        <cmp x="1917" y="907" width="74" height="78" />
        <cmp x="1975" y="910" width="40" height="77" />
        <cmp x="2016" y="955" width="46" height="33" />
        <cmp x="2072" y="913" width="49" height="69" />
      </word>
      <word id="m04-100-01-11" tag="PP2" text="you">
        <cmp x="2127" y="970" width="61" height="63" />
        <cmp x="2138" y="971" width="14" height="16" />
        <cmp x="2162" y="975" width="48" height="32" />
        <cmp x="2210" y="976" width="29" height="28" />
        <cmp x="2241" y="979" width="24" height="23" />
      </word>
      <upper-contour>
        <point x="367" y="886" />
        <point x="2245" y="886" />
      </upper-contour>
      <lower-contour>
        <point x="367" y="1058" />
        <point x="2149" y="1058" />
      </lower-contour>
    </line>
    <line ass="309" asx="0" asy="1068" character-width="999" dss="309" dsx="0" dsy="1243" fd0="14594" fd1="3292" fd2="-28" filter-width="3" id="m04-100-02" lbs="423" lbx="0" lby="1173" segmentation="ok" slant="63000" stroke-width="5656" threshold="170" text="expect me to do?&amp;quot; he inquired, bitter." ubs="83" ubx="0" uby="1139">
      <word id="m04-100-02-00" tag="VB" text="expect">
        <cmp x="356" y="1121" width="39" height="52" />
        <cmp x="395" y="1141" width="37" height="26" />
        <cmp x="437" y="1144" width="28" height="58" />
        <cmp x="445" y="1129" width="48" height="36" />
        <cmp x="498" y="1124" width="36" height="42" />
        <cmp x="527" y="1133" width="40" height="33" />
        <cmp x="571" y="1097" width="33" height="69" />
      </word>
      <word id="m04-100-02-01" tag="PP1O" text="me">
        <cmp x="667" y="1126" width="70" height="28" />
        <cmp x="761" y="1127" width="30" height="36" />
      </word>
      <word id="m04-100-02-02" tag="TO" text="to">
        <cmp x="855" y="1087" width="36" height="76" />
        <cmp x="876" y="1135" width="41" height="32" />
      </word>
      <word id="m04-100-02-03" tag="DO" text="do">
        <cmp x="962" y="1089" width="75" height="84" />
        <cmp x="1008" y="1145" width="51" height="33" />
      </word>
      <word id="m04-100-02-04" tag="?" text="?">
        <cmp x="1125" y="1085" width="29" height="57" />
        <cmp x="1128" y="1159" width="9" height="6" />
      </word>
      <word id="m04-100-02-05" tag="**&apos;" text="&quot;">
        <cmp x="1204" y="1063" width="20" height="32" />
        <cmp x="1216" y="1063" width="22" height="38" />
      </word>
      <word id="m04-100-02-06" tag="PP3A" text="he">
        <cmp x="1277" y="1089" width="36" height="82" />
        <cmp x="1330" y="1127" width="35" height="41" />
      </word>
      <word id="m04-100-02-07" tag="VBD" text="inquired">
        <cmp x="1430" y="1135" width="20" height="31" />
        <cmp x="1444" y="1109" width="10" height="7" />
        <cmp x="1452" y="1135" width="4" height="3" />
        <cmp x="1453" y="1129" width="84" height="107" />
        <cmp x="1548" y="1138" width="50" height="33" />
        <cmp x="1611" y="1150" width="11" height="15" />
        <cmp x="1633" y="1114" width="8" height="5" />
        <cmp x="1645" y="1134" width="93" height="30" />
        <cmp x="1741" y="1139" width="25" height="24" />
        <cmp x="1766" y="1089" width="43" height="74" />
      </word>
      <word id="m04-100-02-08" tag="," text=",">
        <cmp x="1804" y="1163" width="22" height="25" />
      </word>
      <word id="m04-100-02-09" tag="JJ" text="bitter">
        <cmp x="1882" y="1088" width="60" height="81" />
        <cmp x="1939" y="1143" width="15" height="22" />
        <cmp x="1959" y="1105" width="16" height="13" />
        <cmp x="1959" y="1105" width="45" height="67" />
        <cmp x="1981" y="1111" width="51" height="65" />
        <cmp x="2014" y="1125" width="96" height="40" />
      </word>
      <word id="m04-100-02-10" tag="." text=".">
        <cmp x="2137" y="1156" width="11" height="8" />
      </word>
      <upper-contour>
        <point x="367" y="1058" />
        <point x="2149" y="1058" />
      </upper-contour>
      <lower-contour>
        <point x="354" y="1236" />
        <point x="2137" y="1236" />
      </lower-contour>
    </line>
    <line ass="-507" asx="0" asy="1258" character-width="999" dss="-507" dsx="0" dsy="1417" fd0="14238" fd1="3076" fd2="-632" filter-width="3" id="m04-100-03" lbs="-531" lbx="0" lby="1332" segmentation="ok" slant="64000" stroke-width="5650" threshold="169" text="&amp;quot;Radio Flying Control at London Airport," ubs="-458" ubx="0" uby="1306">
      <word id="m04-100-03-00" sentence-start="yes" tag="*&apos;" text="&quot;">
        <cmp x="319" y="1284" width="8" height="21" />
        <cmp x="331" y="1286" width="8" height="28" />
      </word>
      <word id="m04-100-03-01" tag="VB" text="Radio">
        <cmp x="363" y="1275" width="6" height="9" />
        <cmp x="367" y="1283" width="24" height="60" />
        <cmp x="369" y="1266" width="84" height="80" />
        <cmp x="451" y="1274" width="67" height="74" />
        <cmp x="504" y="1328" width="12" height="23" />
        <cmp x="515" y="1301" width="7" height="7" />
        <cmp x="519" y="1312" width="40" height="39" />
      </word>
      <word id="m04-100-03-02" tag="JJ" text="Flying">
        <cmp x="621" y="1280" width="112" height="76" />
        <cmp x="709" y="1329" width="46" height="63" />
        <cmp x="766" y="1331" width="94" height="29" />
        <cmp x="801" y="1295" width="14" height="10" />
        <cmp x="816" y="1322" width="75" height="104" />
      </word>
      <word id="m04-100-03-03" tag="NN" text="Control">
        <cmp x="949" y="1277" width="70" height="69" />
        <cmp x="980" y="1309" width="49" height="42" />
        <cmp x="1034" y="1325" width="45" height="22" />
        <cmp x="1080" y="1270" width="78" height="80" />
        <cmp x="1150" y="1269" width="76" height="80" />
      </word>
      <word id="m04-100-03-04" tag="IN" text="at">
        <cmp x="1254" y="1311" width="58" height="40" />
        <cmp x="1329" y="1278" width="40" height="72" />
      </word>
      <word id="m04-100-03-05" tag="NP" text="London">
        <cmp x="1418" y="1276" width="36" height="66" />
        <cmp x="1453" y="1316" width="43" height="36" />
        <cmp x="1494" y="1327" width="45" height="24" />
        <cmp x="1549" y="1283" width="61" height="68" />
        <cmp x="1596" y="1319" width="44" height="35" />
        <cmp x="1646" y="1322" width="46" height="25" />
      </word>
      <word id="m04-100-03-06" tag="NPL" text="Airport">
        <cmp x="1766" y="1273" width="62" height="73" />
        <cmp x="1798" y="1345" width="3" height="3" />
        <cmp x="1844" y="1327" width="8" height="6" />
        <cmp x="1853" y="1297" width="9" height="5" />
        <cmp x="1857" y="1331" width="6" height="4" />
        <cmp x="1867" y="1322" width="51" height="26" />
        <cmp x="1917" y="1307" width="159" height="66" />
        <cmp x="2087" y="1290" width="38" height="64" />
      </word>
      <word id="m04-100-03-07" tag="," text=",">
        <cmp x="2115" y="1362" width="20" height="25" />
      </word>
      <upper-contour>
        <point x="354" y="1236" />
        <point x="2137" y="1236" />
      </upper-contour>
      <lower-contour>
        <point x="344" y="1426" />
        <point x="2137" y="1426" />
      </lower-contour>
    </line>
    <line ass="318" asx="0" asy="1448" character-width="999" dss="318" dsx="0" dsy="1592" fd0="14585" fd1="3452" fd2="-86" filter-width="3" id="m04-100-04" lbs="434" lbx="0" lby="1531" segmentation="err" slant="70000" stroke-width="5600" threshold="170" text="is it?&amp;quot; &amp;quot;Mutual recriminations will get" ubs="86" ubx="0" uby="1506">
      <word id="m04-100-04-00" tag="BEZ" text="is">
        <cmp x="346" y="1494" width="10" height="47" />
        <cmp x="350" y="1472" width="14" height="8" />
        <cmp x="358" y="1488" width="41" height="59" />
      </word>
      <word id="m04-100-04-01" tag="PP3" text="it">
        <cmp x="452" y="1501" width="19" height="33" />
        <cmp x="455" y="1479" width="11" height="16" />
        <cmp x="466" y="1456" width="43" height="89" />
      </word>
      <word id="m04-100-04-02" tag="?" text="?">
        <cmp x="558" y="1458" width="42" height="64" />
        <cmp x="578" y="1539" width="9" height="5" />
        <cmp x="632" y="1447" width="15" height="30" />
      </word>
      <word id="m04-100-04-03" tag="**&apos;" text="&quot;">
        <cmp x="704" y="1453" width="8" height="12" />
        <cmp x="711" y="1449" width="3" height="4" />
      </word>
      <word id="m04-100-04-04" sentence-start="yes" tag="*&apos;" text="&quot;">
        <cmp x="721" y="1445" width="8" height="30" />
      </word>
      <word id="m04-100-04-05" tag="JJ" text="Mutual">
        <cmp x="741" y="1462" width="77" height="72" />
        <cmp x="812" y="1507" width="45" height="26" />
        <cmp x="855" y="1523" width="6" height="5" />
        <cmp x="872" y="1467" width="25" height="72" />
        <cmp x="898" y="1508" width="52" height="26" />
        <cmp x="952" y="1499" width="41" height="32" />
        <cmp x="999" y="1461" width="41" height="70" />
      </word>
      <word id="m04-100-04-06" tag="NNS" text="recriminations">
        <cmp x="1122" y="1490" width="91" height="40" />
        <cmp x="1214" y="1489" width="54" height="49" />
        <cmp x="1248" y="1508" width="70" height="24" />
        <cmp x="1331" y="1508" width="12" height="22" />
        <cmp x="1347" y="1509" width="77" height="21" />
        <cmp x="1349" y="1480" width="7" height="9" />
        <cmp x="1440" y="1512" width="12" height="20" />
        <cmp x="1446" y="1490" width="8" height="4" />
        <cmp x="1464" y="1511" width="47" height="19" />
        <cmp x="1518" y="1499" width="38" height="31" />
        <cmp x="1573" y="1450" width="34" height="82" />
        <cmp x="1610" y="1503" width="22" height="30" />
        <cmp x="1637" y="1503" width="108" height="27" />
        <cmp x="1657" y="1463" width="6" height="8" />
        <cmp x="1749" y="1496" width="28" height="48" />
      </word>
      <word id="m04-100-04-07" tag="MD" text="will">
        <cmp x="1872" y="1497" width="72" height="35" />
        <cmp x="1948" y="1507" width="16" height="15" />
        <cmp x="1970" y="1479" width="6" height="5" />
        <cmp x="1980" y="1449" width="126" height="78" />
      </word>
      <word id="m04-100-04-08" tag="VB" text="get">
        <cmp x="2090" y="1496" width="101" height="86" />
        <cmp x="2197" y="1462" width="42" height="56" />
      </word>
      <upper-contour>
        <point x="344" y="1426" />
        <point x="2137" y="1426" />
      </upper-contour>
      <lower-contour>
        <point x="344" y="1583" />
        <point x="2196" y="1583" />
      </lower-contour>
    </line>
    <line ass="289" asx="0" asy="1626" character-width="999" dss="289" dsx="0" dsy="1727" fd0="14071" fd1="3064" fd2="-398" filter-width="3" id="m04-100-05" lbs="332" lbx="0" lby="1714" segmentation="ok" slant="66000" stroke-width="5370" threshold="171" text="us nowhere,&amp;quot; boomed the Rev. Edwards." ubs="203" ubx="0" uby="1682">
      <word id="m04-100-05-00" tag="PP1OS" text="us">
        <cmp x="343" y="1664" width="46" height="51" />
        <cmp x="383" y="1670" width="32" height="44" />
      </word>
      <word id="m04-100-05-01" tag="RB" text="nowhere">
        <cmp x="498" y="1665" width="44" height="51" />
        <cmp x="546" y="1675" width="45" height="41" />
        <cmp x="563" y="1683" width="6" height="8" />
        <cmp x="594" y="1673" width="56" height="40" />
        <cmp x="664" y="1636" width="41" height="79" />
        <cmp x="715" y="1670" width="61" height="37" />
        <cmp x="788" y="1669" width="32" height="40" />
      </word>
      <word id="m04-100-05-02" tag="," text=",">
        <cmp x="846" y="1700" width="18" height="23" />
      </word>
      <word id="m04-100-05-03" tag="**&apos;" text="&quot;">
        <cmp x="911" y="1629" width="16" height="25" />
        <cmp x="930" y="1638" width="7" height="11" />
      </word>
      <word id="m04-100-05-04" tag="VBD" text="boomed">
        <cmp x="968" y="1633" width="45" height="81" />
        <cmp x="1018" y="1679" width="41" height="35" />
        <cmp x="1049" y="1696" width="5" height="6" />
        <cmp x="1058" y="1680" width="42" height="34" />
        <cmp x="1105" y="1683" width="35" height="24" />
        <cmp x="1135" y="1693" width="58" height="19" />
        <cmp x="1213" y="1674" width="61" height="35" />
        <cmp x="1276" y="1644" width="24" height="67" />
      </word>
      <word id="m04-100-05-05" tag="ATI" text="the">
        <cmp x="1385" y="1621" width="49" height="71" />
        <cmp x="1441" y="1639" width="68" height="70" />
      </word>
      <word id="m04-100-05-06" tag="NPT" text="Rev.">
        <cmp x="1609" y="1654" width="27" height="48" />
        <cmp x="1610" y="1621" width="73" height="94" />
        <cmp x="1699" y="1669" width="50" height="41" />
        <cmp x="1754" y="1696" width="9" height="6" />
      </word>
      <word id="m04-100-05-07" tag="NP" text="Edwards">
        <cmp x="1808" y="1630" width="146" height="82" />
        <cmp x="1849" y="1622" width="55" height="20" />
        <cmp x="1852" y="1679" width="3" height="3" />
        <cmp x="1938" y="1669" width="51" height="40" />
        <cmp x="1995" y="1674" width="99" height="33" />
        <cmp x="2100" y="1668" width="30" height="35" />
        <cmp x="2132" y="1632" width="31" height="70" />
        <cmp x="2140" y="1672" width="31" height="35" />
      </word>
      <word id="m04-100-05-08" tag="." text=".">
        <cmp x="2187" y="1699" width="7" height="10" />
      </word>
      <upper-contour>
        <point x="344" y="1583" />
        <point x="2196" y="1583" />
      </upper-contour>
      <lower-contour>
        <point x="341" y="1723" />
        <point x="1975" y="1723" />
      </lower-contour>
    </line>
    <line ass="-568" asx="0" asy="1795" character-width="999" dss="-568" dsx="0" dsy="1911" fd0="14738" fd1="3273" fd2="-58" filter-width="3" id="m04-100-06" lbs="-369" lbx="0" lby="1880" segmentation="ok" slant="63000" stroke-width="5689" threshold="170" text="&amp;quot;It&apos;s all very well,&amp;quot; commented" ubs="-966" ubx="0" uby="1833">
      <word id="m04-100-06-00" sentence-start="yes" tag="*&apos;" text="&quot;">
        <cmp x="331" y="1826" width="7" height="19" />
        <cmp x="347" y="1818" width="5" height="20" />
      </word>
      <word id="m04-100-06-01" tag="PP3" text="It">
        <cmp x="372" y="1887" width="49" height="12" />
        <cmp x="389" y="1819" width="55" height="13" />
        <cmp x="400" y="1832" width="18" height="51" />
        <cmp x="433" y="1830" width="45" height="57" />
        <cmp x="446" y="1822" width="5" height="3" />
      </word>
      <word id="m04-100-06-02" tag="BEZ" text="&apos;s">
        <cmp x="506" y="1814" width="25" height="33" />
        <cmp x="526" y="1854" width="29" height="41" />
      </word>
      <word id="m04-100-06-03" tag="RB" text="all">
        <cmp x="610" y="1857" width="47" height="40" />
        <cmp x="672" y="1815" width="83" height="81" />
      </word>
      <word id="m04-100-06-04" tag="QL" text="very">
        <cmp x="835" y="1864" width="32" height="37" />
        <cmp x="884" y="1852" width="80" height="42" />
        <cmp x="964" y="1861" width="71" height="60" />
        <cmp x="979" y="1866" width="20" height="14" />
      </word>
      <word id="m04-100-06-05" tag="JJ" text="well">
        <cmp x="1078" y="1849" width="71" height="46" />
        <cmp x="1153" y="1848" width="32" height="46" />
        <cmp x="1184" y="1813" width="101" height="85" />
      </word>
      <word id="m04-100-06-06" tag="," text=",">
        <cmp x="1273" y="1889" width="26" height="20" />
      </word>
      <word id="m04-100-06-07" tag="**&apos;" text="&quot;">
        <cmp x="1345" y="1815" width="18" height="24" />
        <cmp x="1364" y="1825" width="7" height="13" />
      </word>
      <word id="m04-100-06-08" tag="VBD" text="commented">
        <cmp x="1425" y="1852" width="37" height="45" />
        <cmp x="1461" y="1856" width="48" height="38" />
        <cmp x="1513" y="1868" width="87" height="19" />
        <cmp x="1612" y="1852" width="85" height="43" />
        <cmp x="1719" y="1847" width="95" height="42" />
        <cmp x="1821" y="1814" width="34" height="70" />
        <cmp x="1867" y="1852" width="33" height="33" />
        <cmp x="1892" y="1856" width="34" height="35" />
        <cmp x="1938" y="1815" width="36" height="67" />
      </word>
      <upper-contour>
        <point x="341" y="1723" />
        <point x="1975" y="1723" />
      </upper-contour>
      <lower-contour>
        <point x="357" y="1922" />
        <point x="1975" y="1922" />
      </lower-contour>
    </line>
    <line ass="-18" asx="0" asy="1985" character-width="999" dss="-18" dsx="0" dsy="2101" fd0="14395" fd1="3037" fd2="-205" filter-width="3" id="m04-100-07" lbs="-32" lbx="0" lby="2062" segmentation="ok" slant="63000" stroke-width="5594" threshold="172" text="Mr. Hayball from the back seat." ubs="10" ubx="0" uby="2037">
      <word id="m04-100-07-00" tag="NPT" text="Mr.">
        <cmp x="359" y="2000" width="74" height="76" />
        <cmp x="435" y="2037" width="61" height="32" />
        <cmp x="521" y="2050" width="8" height="12" />
      </word>
      <word id="m04-100-07-01" tag="NP" text="Hayball">
        <cmp x="619" y="2002" width="37" height="49" />
        <cmp x="652" y="1988" width="38" height="82" />
        <cmp x="678" y="2033" width="44" height="32" />
        <cmp x="728" y="2037" width="65" height="67" />
        <cmp x="803" y="1999" width="58" height="73" />
        <cmp x="863" y="2032" width="37" height="36" />
        <cmp x="917" y="1997" width="88" height="67" />
      </word>
      <word id="m04-100-07-02" tag="IN" text="from">
        <cmp x="1048" y="1987" width="63" height="111" />
        <cmp x="1061" y="2078" width="6" height="8" />
        <cmp x="1096" y="2042" width="61" height="19" />
        <cmp x="1155" y="2035" width="47" height="34" />
        <cmp x="1218" y="2047" width="100" height="13" />
      </word>
      <word id="m04-100-07-03" tag="ATI" text="the">
        <cmp x="1384" y="1994" width="39" height="73" />
        <cmp x="1428" y="1999" width="71" height="61" />
        <cmp x="1453" y="1995" width="6" height="3" />
      </word>
      <word id="m04-100-07-04" tag="JJB" text="back">
        <cmp x="1599" y="1987" width="55" height="79" />
        <cmp x="1654" y="2028" width="48" height="33" />
        <cmp x="1705" y="2039" width="33" height="25" />
        <cmp x="1744" y="1987" width="35" height="80" />
      </word>
      <word id="m04-100-07-05" tag="NN" text="seat">
        <cmp x="1815" y="2026" width="44" height="51" />
        <cmp x="1869" y="2028" width="35" height="40" />
        <cmp x="1898" y="2038" width="46" height="33" />
        <cmp x="1947" y="1994" width="44" height="68" />
      </word>
      <word id="m04-100-07-06" tag="." text=".">
        <cmp x="2030" y="2059" width="8" height="10" />
      </word>
      <upper-contour>
        <point x="357" y="1922" />
        <point x="1975" y="1922" />
      </upper-contour>
    </line>
  </handwritten-part>
</form>

