<?xml version="1.0" encoding="ISO-8859-1"?>

<!DOCTYPE form SYSTEM 'http://www.iam.unibe.ch/~fki/iamdb/form-metadata.dtd'>

<form created="2002-01-25" height="3542" id="m04-246" last-modified="2002-07-17" skew="95" status="final" version="3.0_beta" width="2479" writer-id="550">
  <machine-printed-part>
    <machine-print-line text="Mutinous dog, thought the Rev. Edwards, who hadn&apos;t enjoyed himself so much since" />
    <machine-print-line text="reading Treasure Island. &amp;quot;What have you got in that basket, Price?&amp;quot; he roared." />
    <machine-print-line text="Quelled, Mr. Price pulled out a grocery list, pushed his glasses up on his nose, and" />
    <machine-print-line text="began to read. &amp;quot;Six loaves, four pounds butter, two pounds marge, one tin pineapple," />
    <machine-print-line text="one York ham.&amp;quot;" />
  </machine-printed-part>
  <handwritten-part>
    <line ass="-288" asx="0" asy="752" character-width="999" dss="-288" dsx="0" dsy="879" fd0="13859" fd1="2987" fd2="141" filter-width="4" id="m04-246-00" lbs="-271" lbx="0" lby="833" segmentation="ok" slant="80000" stroke-width="5917" threshold="176" text="Mutinous dog, thought the Rev. Edwards, who hadn&apos;t" ubs="-323" ubx="0" uby="803">
      <word id="m04-246-00-00" sentence-start="yes" tag="JJ" text="Mutinous">
        <cmp x="341" y="787" width="93" height="49" />
        <cmp x="355" y="791" width="6" height="11" />
        <cmp x="358" y="783" width="5" height="9" />
        <cmp x="452" y="798" width="38" height="39" />
        <cmp x="494" y="780" width="10" height="6" />
        <cmp x="512" y="807" width="36" height="29" />
        <cmp x="557" y="806" width="62" height="30" />
        <cmp x="623" y="804" width="27" height="43" />
      </word>
      <word id="m04-246-00-01" tag="NN" text="dog">
        <cmp x="686" y="788" width="39" height="50" />
        <cmp x="729" y="810" width="22" height="30" />
        <cmp x="753" y="810" width="23" height="73" />
      </word>
      <word id="m04-246-00-02" tag="," text=",">
        <cmp x="798" y="828" width="7" height="25" />
      </word>
      <word id="m04-246-00-03" tag="VBD" text="thought">
        <cmp x="862" y="781" width="47" height="61" />
        <cmp x="920" y="814" width="58" height="27" />
        <cmp x="984" y="784" width="61" height="96" />
        <cmp x="1059" y="790" width="13" height="47" />
      </word>
      <word id="m04-246-00-04" tag="ATI" text="the">
        <cmp x="1144" y="785" width="60" height="69" />
      </word>
      <word id="m04-246-00-05" tag="NPT" text="Rev.">
        <cmp x="1249" y="798" width="92" height="51" />
        <cmp x="1359" y="845" width="8" height="6" />
      </word>
      <word id="m04-246-00-06" tag="NP" text="Edwards">
        <cmp x="1423" y="788" width="35" height="47" />
        <cmp x="1452" y="790" width="183" height="49" />
        <cmp x="1636" y="805" width="27" height="49" />
      </word>
      <word id="m04-246-00-07" tag="," text=",">
        <cmp x="1664" y="841" width="12" height="30" />
      </word>
      <word id="m04-246-00-08" tag="WP" text="who">
        <cmp x="1730" y="781" width="90" height="61" />
        <cmp x="1829" y="816" width="19" height="24" />
      </word>
      <word id="m04-246-00-09" tag="HVDX" text="hadn&apos;t">
        <cmp x="1908" y="773" width="31" height="66" />
        <cmp x="1949" y="814" width="27" height="22" />
        <cmp x="1979" y="779" width="74" height="58" />
        <cmp x="2068" y="764" width="8" height="18" />
        <cmp x="2078" y="777" width="29" height="57" />
      </word>
      <lower-contour>
        <point x="339" y="884" />
        <point x="1969" y="884" />
      </lower-contour>
    </line>
    <line ass="417" asx="0" asy="955" character-width="999" dss="417" dsx="0" dsy="1077" fd0="14387" fd1="3113" fd2="-136" filter-width="4" id="m04-246-01" lbs="411" lbx="0" lby="1019" segmentation="ok" slant="85000" stroke-width="5726" threshold="176" text="enjoyed himself so much since reading Treasure" ubs="430" ubx="0" uby="995">
      <word id="m04-246-01-00" tag="VBN" text="enjoyed">
        <cmp x="330" y="982" width="58" height="34" />
        <cmp x="396" y="984" width="25" height="91" />
        <cmp x="418" y="959" width="13" height="14" />
        <cmp x="438" y="976" width="75" height="83" />
        <cmp x="519" y="966" width="44" height="39" />
      </word>
      <word id="m04-246-01-01" tag="PPL" text="himself">
        <cmp x="607" y="965" width="73" height="64" />
        <cmp x="687" y="979" width="10" height="6" />
        <cmp x="692" y="996" width="62" height="20" />
        <cmp x="755" y="953" width="104" height="61" />
        <cmp x="851" y="949" width="35" height="102" />
      </word>
      <word id="m04-246-01-02" tag="QL" text="so">
        <cmp x="930" y="989" width="31" height="30" />
        <cmp x="967" y="989" width="23" height="28" />
      </word>
      <word id="m04-246-01-03" tag="RB" text="much">
        <cmp x="1016" y="988" width="105" height="26" />
        <cmp x="1134" y="949" width="55" height="65" />
      </word>
      <word id="m04-246-01-04" tag="IN" text="since">
        <cmp x="1226" y="984" width="29" height="25" />
        <cmp x="1267" y="993" width="8" height="15" />
        <cmp x="1284" y="967" width="32" height="42" />
        <cmp x="1343" y="984" width="42" height="27" />
      </word>
      <word id="m04-246-01-05" tag="VBG" text="reading">
        <cmp x="1438" y="975" width="32" height="36" />
        <cmp x="1479" y="985" width="36" height="23" />
        <cmp x="1518" y="961" width="56" height="49" />
        <cmp x="1582" y="959" width="9" height="18" />
        <cmp x="1589" y="982" width="29" height="27" />
        <cmp x="1620" y="981" width="27" height="75" />
      </word>
      <word id="m04-246-01-06" tag="NN" text="Treasure">
        <cmp x="1719" y="964" width="45" height="11" />
        <cmp x="1745" y="983" width="12" height="32" />
        <cmp x="1771" y="979" width="41" height="35" />
        <cmp x="1814" y="986" width="26" height="22" />
        <cmp x="1850" y="983" width="20" height="33" />
        <cmp x="1879" y="989" width="89" height="25" />
      </word>
      <upper-contour>
        <point x="339" y="884" />
        <point x="1969" y="884" />
      </upper-contour>
      <lower-contour>
        <point x="363" y="1075" />
        <point x="1969" y="1075" />
      </lower-contour>
    </line>
    <line ass="-45" asx="0" asy="1130" character-width="999" dss="-45" dsx="0" dsy="1251" fd0="14279" fd1="2874" fd2="293" filter-width="3" id="m04-246-02" lbs="4" lbx="0" lby="1192" segmentation="ok" slant="83000" stroke-width="5694" threshold="176" text="Island. &amp;quot;What have you got in that basket, Price?&amp;quot;" ubs="-146" ubx="0" uby="1167">
      <word id="m04-246-02-00" tag="NPL" text="Island">
        <cmp x="365" y="1143" width="10" height="39" />
        <cmp x="385" y="1162" width="15" height="36" />
        <cmp x="419" y="1141" width="29" height="49" />
        <cmp x="434" y="1188" width="4" height="5" />
        <cmp x="454" y="1174" width="65" height="20" />
        <cmp x="518" y="1148" width="30" height="44" />
      </word>
      <word id="m04-246-02-01" tag="." text=".">
        <cmp x="569" y="1178" width="7" height="8" />
      </word>
      <word id="m04-246-02-02" sentence-start="yes" tag="*&apos;" text="&quot;">
        <cmp x="617" y="1139" width="10" height="12" />
        <cmp x="633" y="1140" width="7" height="13" />
      </word>
      <word id="m04-246-02-03" tag="WDT" text="What">
        <cmp x="691" y="1143" width="42" height="48" />
        <cmp x="743" y="1138" width="28" height="57" />
        <cmp x="776" y="1171" width="27" height="23" />
        <cmp x="820" y="1132" width="16" height="58" />
      </word>
      <word id="m04-246-02-04" tag="HV" text="have">
        <cmp x="872" y="1132" width="33" height="65" />
        <cmp x="913" y="1167" width="81" height="31" />
      </word>
      <word id="m04-246-02-05" tag="PP2" text="you">
        <cmp x="1020" y="1168" width="38" height="75" />
        <cmp x="1062" y="1174" width="58" height="24" />
      </word>
      <word id="m04-246-02-06" tag="VBN" text="got">
        <cmp x="1145" y="1173" width="31" height="79" />
        <cmp x="1181" y="1174" width="26" height="25" />
        <cmp x="1219" y="1139" width="18" height="50" />
      </word>
      <word id="m04-246-02-07" tag="IN" text="in">
        <cmp x="1261" y="1172" width="65" height="30" />
        <cmp x="1303" y="1152" width="17" height="7" />
      </word>
      <word id="m04-246-02-08" tag="DT" text="that">
        <cmp x="1353" y="1144" width="39" height="52" />
        <cmp x="1397" y="1172" width="21" height="18" />
        <cmp x="1437" y="1144" width="21" height="53" />
      </word>
      <word id="m04-246-02-09" tag="NN" text="basket">
        <cmp x="1518" y="1160" width="34" height="33" />
        <cmp x="1527" y="1155" width="5" height="4" />
        <cmp x="1560" y="1172" width="56" height="22" />
        <cmp x="1629" y="1143" width="50" height="51" />
        <cmp x="1689" y="1149" width="24" height="51" />
      </word>
      <word id="m04-246-02-10" tag="," text=",">
        <cmp x="1745" y="1194" width="10" height="25" />
      </word>
      <word id="m04-246-02-11" tag="NP" text="Price">
        <cmp x="1801" y="1147" width="31" height="65" />
        <cmp x="1834" y="1177" width="30" height="23" />
        <cmp x="1874" y="1159" width="5" height="7" />
        <cmp x="1886" y="1171" width="40" height="26" />
      </word>
      <word id="m04-246-02-12" tag="?" text="?">
        <cmp x="1943" y="1215" width="8" height="6" />
        <cmp x="1947" y="1159" width="14" height="33" />
      </word>
      <word id="m04-246-02-13" tag="**&apos;" text="&quot;">
        <cmp x="1991" y="1137" width="5" height="16" />
        <cmp x="2001" y="1152" width="6" height="8" />
      </word>
      <upper-contour>
        <point x="363" y="1075" />
        <point x="1969" y="1075" />
      </upper-contour>
      <lower-contour>
        <point x="372" y="1252" />
        <point x="2007" y="1252" />
      </lower-contour>
    </line>
    <line ass="-94" asx="0" asy="1314" character-width="999" dss="-94" dsx="0" dsy="1428" fd0="13843" fd1="2766" fd2="363" filter-width="4" id="m04-246-03" lbs="-68" lbx="0" lby="1374" segmentation="ok" slant="85000" stroke-width="5959" threshold="176" text="he roared. Quelled, Mr. Price pulled out a grocery" ubs="-145" ubx="0" uby="1342">
      <word id="m04-246-03-00" tag="PP3A" text="he">
        <cmp x="374" y="1317" width="59" height="64" />
      </word>
      <word id="m04-246-03-01" tag="VBD" text="roared">
        <cmp x="473" y="1339" width="42" height="35" />
        <cmp x="519" y="1344" width="26" height="25" />
        <cmp x="559" y="1339" width="34" height="30" />
        <cmp x="607" y="1324" width="49" height="38" />
      </word>
      <word id="m04-246-03-02" tag="." text=".">
        <cmp x="682" y="1369" width="8" height="9" />
      </word>
      <word id="m04-246-03-03" sentence-start="yes" tag="VBN" text="Quelled">
        <cmp x="742" y="1324" width="190" height="67" />
        <cmp x="763" y="1350" width="7" height="5" />
        <cmp x="952" y="1330" width="43" height="45" />
      </word>
      <word id="m04-246-03-04" tag="," text=",">
        <cmp x="1040" y="1364" width="8" height="26" />
      </word>
      <word id="m04-246-03-05" tag="NPT" text="Mr.">
        <cmp x="1090" y="1323" width="44" height="45" />
        <cmp x="1153" y="1350" width="26" height="17" />
        <cmp x="1188" y="1371" width="8" height="7" />
      </word>
      <word id="m04-246-03-06" tag="NP" text="Price">
        <cmp x="1229" y="1317" width="25" height="57" />
        <cmp x="1259" y="1345" width="37" height="25" />
        <cmp x="1303" y="1325" width="7" height="6" />
        <cmp x="1317" y="1344" width="49" height="33" />
      </word>
      <word id="m04-246-03-07" tag="VBD" text="pulled">
        <cmp x="1433" y="1348" width="22" height="60" />
        <cmp x="1465" y="1325" width="106" height="56" />
        <cmp x="1588" y="1332" width="46" height="43" />
      </word>
      <word id="m04-246-03-08" tag="RP" text="out">
        <cmp x="1662" y="1353" width="79" height="26" />
        <cmp x="1762" y="1317" width="19" height="42" />
      </word>
      <word id="m04-246-03-09" tag="AT" text="a">
        <cmp x="1815" y="1345" width="29" height="25" />
      </word>
      <word id="m04-246-03-10" tag="NN" text="grocery">
        <cmp x="1884" y="1351" width="83" height="77" />
        <cmp x="1978" y="1349" width="126" height="84" />
      </word>
      <upper-contour>
        <point x="372" y="1252" />
        <point x="2007" y="1252" />
      </upper-contour>
      <lower-contour>
        <point x="372" y="1408" />
        <point x="1884" y="1408" />
      </lower-contour>
    </line>
    <line ass="-58" asx="0" asy="1491" character-width="999" dss="-58" dsx="0" dsy="1596" fd0="13900" fd1="3018" fd2="208" filter-width="4" id="m04-246-04" lbs="59" lbx="0" lby="1556" segmentation="ok" slant="90000" stroke-width="5851" threshold="176" text="list, pushed his glasses up on his nose, and" ubs="-293" ubx="0" uby="1519">
      <word id="m04-246-04-00" tag="NN" text="list">
        <cmp x="354" y="1497" width="43" height="62" />
        <cmp x="400" y="1516" width="10" height="5" />
        <cmp x="411" y="1521" width="18" height="40" />
        <cmp x="443" y="1494" width="16" height="63" />
      </word>
      <word id="m04-246-04-01" tag="," text=",">
        <cmp x="475" y="1546" width="9" height="22" />
      </word>
      <word id="m04-246-04-02" tag="VBD" text="pushed">
        <cmp x="539" y="1530" width="29" height="68" />
        <cmp x="575" y="1539" width="6" height="4" />
        <cmp x="575" y="1535" width="28" height="23" />
        <cmp x="618" y="1520" width="18" height="33" />
        <cmp x="646" y="1493" width="55" height="59" />
        <cmp x="703" y="1502" width="44" height="51" />
      </word>
      <word id="m04-246-04-03" tag="PP$" text="his">
        <cmp x="810" y="1494" width="54" height="63" />
        <cmp x="860" y="1514" width="13" height="8" />
        <cmp x="871" y="1526" width="23" height="43" />
      </word>
      <word id="m04-246-04-04" tag="NNS" text="glasses">
        <cmp x="926" y="1493" width="73" height="100" />
        <cmp x="994" y="1520" width="32" height="29" />
        <cmp x="1031" y="1517" width="20" height="36" />
        <cmp x="1060" y="1513" width="20" height="34" />
        <cmp x="1091" y="1522" width="13" height="23" />
        <cmp x="1114" y="1505" width="45" height="50" />
      </word>
      <word id="m04-246-04-05" tag="RP" text="up">
        <cmp x="1219" y="1525" width="30" height="33" />
        <cmp x="1256" y="1523" width="30" height="69" />
      </word>
      <word id="m04-246-04-06" tag="IN" text="on">
        <cmp x="1319" y="1526" width="55" height="30" />
      </word>
      <word id="m04-246-04-07" tag="PP$" text="his">
        <cmp x="1416" y="1493" width="57" height="65" />
        <cmp x="1479" y="1515" width="8" height="12" />
        <cmp x="1484" y="1529" width="21" height="44" />
      </word>
      <word id="m04-246-04-08" tag="NN" text="nose">
        <cmp x="1552" y="1532" width="56" height="25" />
        <cmp x="1614" y="1527" width="71" height="29" />
      </word>
      <word id="m04-246-04-09" tag="," text=",">
        <cmp x="1694" y="1558" width="9" height="24" />
      </word>
      <word id="m04-246-04-10" tag="CC" text="and">
        <cmp x="1759" y="1525" width="75" height="29" />
        <cmp x="1840" y="1511" width="43" height="45" />
      </word>
      <upper-contour>
        <point x="372" y="1408" />
        <point x="1884" y="1408" />
      </upper-contour>
      <lower-contour>
        <point x="365" y="1597" />
        <point x="1884" y="1597" />
      </lower-contour>
    </line>
    <line ass="-326" asx="0" asy="1665" character-width="999" dss="-326" dsx="0" dsy="1779" fd0="13671" fd1="2723" fd2="0" filter-width="4" id="m04-246-05" lbs="-359" lbx="0" lby="1733" segmentation="ok" slant="87999" stroke-width="5973" threshold="172" text="began to read. &amp;quot;Six loaves, four pounds butter," ubs="-261" ubx="0" uby="1706">
      <word id="m04-246-05-00" tag="VBD" text="began">
        <cmp x="367" y="1676" width="63" height="64" />
        <cmp x="431" y="1708" width="24" height="74" />
        <cmp x="473" y="1707" width="69" height="27" />
      </word>
      <word id="m04-246-05-01" tag="TO" text="to">
        <cmp x="624" y="1682" width="52" height="58" />
      </word>
      <word id="m04-246-05-02" tag="VB" text="read">
        <cmp x="708" y="1705" width="38" height="33" />
        <cmp x="752" y="1712" width="27" height="21" />
        <cmp x="789" y="1686" width="41" height="48" />
      </word>
      <word id="m04-246-05-03" tag="." text=".">
        <cmp x="845" y="1725" width="10" height="7" />
      </word>
      <word id="m04-246-05-04" sentence-start="yes" tag="*&apos;" text="&quot;">
        <cmp x="914" y="1676" width="14" height="18" />
      </word>
      <word id="m04-246-05-05" tag="CD" text="Six">
        <cmp x="946" y="1683" width="27" height="53" />
        <cmp x="978" y="1714" width="8" height="22" />
        <cmp x="985" y="1691" width="10" height="8" />
        <cmp x="996" y="1708" width="32" height="30" />
      </word>
      <word id="m04-246-05-06" tag="NNS" text="loaves">
        <cmp x="1079" y="1679" width="188" height="62" />
      </word>
      <word id="m04-246-05-07" tag="," text=",">
        <cmp x="1283" y="1736" width="12" height="22" />
      </word>
      <word id="m04-246-05-08" tag="CD" text="four">
        <cmp x="1333" y="1678" width="138" height="102" />
      </word>
      <word id="m04-246-05-09" tag="NNS" text="pounds">
        <cmp x="1505" y="1719" width="25" height="62" />
        <cmp x="1545" y="1710" width="116" height="33" />
        <cmp x="1659" y="1692" width="39" height="43" />
        <cmp x="1702" y="1708" width="29" height="55" />
      </word>
      <word id="m04-246-05-10" tag="NN" text="butter">
        <cmp x="1793" y="1676" width="76" height="66" />
        <cmp x="1889" y="1676" width="83" height="62" />
      </word>
      <word id="m04-246-05-11" tag="," text=",">
        <cmp x="1993" y="1732" width="10" height="27" />
      </word>
      <upper-contour>
        <point x="365" y="1597" />
        <point x="1884" y="1597" />
      </upper-contour>
      <lower-contour>
        <point x="365" y="1781" />
        <point x="2004" y="1781" />
      </lower-contour>
    </line>
    <line ass="15" asx="0" asy="1848" character-width="999" dss="15" dsx="0" dsy="1962" fd0="13704" fd1="2967" fd2="366" filter-width="4" id="m04-246-06" lbs="74" lbx="0" lby="1925" segmentation="ok" slant="87999" stroke-width="6026" threshold="172" text="two pounds marge, one tin pineapple, one York ham.&amp;quot;" ubs="-103" ubx="0" uby="1896">
      <word id="m04-246-06-00" tag="CD" text="two">
        <cmp x="366" y="1862" width="94" height="56" />
      </word>
      <word id="m04-246-06-01" tag="NNS" text="pounds">
        <cmp x="498" y="1869" width="43" height="93" />
        <cmp x="546" y="1870" width="128" height="51" />
        <cmp x="678" y="1887" width="27" height="45" />
      </word>
      <word id="m04-246-06-02" tag="NN" text="marge">
        <cmp x="773" y="1909" width="76" height="21" />
        <cmp x="853" y="1889" width="117" height="72" />
      </word>
      <word id="m04-246-06-03" tag="," text=",">
        <cmp x="988" y="1917" width="6" height="16" />
      </word>
      <word id="m04-246-06-04" tag="CD1" text="one">
        <cmp x="1043" y="1883" width="110" height="38" />
      </word>
      <word id="m04-246-06-05" tag="NN" text="tin">
        <cmp x="1192" y="1865" width="29" height="44" />
        <cmp x="1198" y="1859" width="6" height="5" />
        <cmp x="1226" y="1872" width="8" height="8" />
        <cmp x="1241" y="1891" width="39" height="29" />
      </word>
      <word id="m04-246-06-06" tag="NN" text="pineapple">
        <cmp x="1316" y="1897" width="30" height="57" />
        <cmp x="1359" y="1865" width="12" height="10" />
        <cmp x="1359" y="1902" width="6" height="18" />
        <cmp x="1360" y="1897" width="5" height="4" />
        <cmp x="1377" y="1885" width="71" height="37" />
        <cmp x="1460" y="1891" width="30" height="28" />
        <cmp x="1491" y="1892" width="31" height="55" />
        <cmp x="1518" y="1860" width="75" height="87" />
      </word>
      <word id="m04-246-06-07" tag="," text=",">
        <cmp x="1608" y="1914" width="13" height="24" />
      </word>
      <word id="m04-246-06-08" tag="CD1" text="one">
        <cmp x="1661" y="1880" width="111" height="35" />
      </word>
      <word id="m04-246-06-09" tag="NP" text="York">
        <cmp x="1829" y="1865" width="39" height="63" />
        <cmp x="1863" y="1859" width="74" height="71" />
      </word>
      <word id="m04-246-06-10" tag="NN" text="ham">
        <cmp x="2000" y="1865" width="32" height="55" />
        <cmp x="2039" y="1897" width="72" height="24" />
      </word>
      <word id="m04-246-06-11" tag="." text=".">
        <cmp x="2120" y="1918" width="8" height="7" />
      </word>
      <word id="m04-246-06-12" tag="**&apos;" text="&quot;">
        <cmp x="2136" y="1849" width="19" height="16" />
      </word>
      <upper-contour>
        <point x="365" y="1781" />
        <point x="2004" y="1781" />
      </upper-contour>
    </line>
  </handwritten-part>
</form>

