<?xml version="1.0" encoding="ISO-8859-1"?>

<!DOCTYPE form SYSTEM 'http://www.iam.unibe.ch/~fki/iamdb/form-metadata.dtd'>

<form created="2002-01-25" height="3542" id="m04-216" last-modified="2002-07-25" skew="127" status="final" version="3.0_beta" width="2479" writer-id="549">
  <machine-printed-part>
    <machine-print-line text="Well, the Rev. Edwards had taken command. &quot;Our position,&quot; he said, &quot;is somewhat" />
    <machine-print-line text="analogous to that of a castaway on a desert island. Now what does such a person do?" />
    <machine-print-line text="He signals his position by lighting bonfires or hoisting a flag on a palm tree. And he" />
    <machine-print-line text="tries to ensure a supply of food.&quot;" />
  </machine-printed-part>
  <handwritten-part>
    <line ass="-39" asx="0" asy="730" character-width="999" dss="-39" dsx="0" dsy="811" fd0="14280" fd1="3099" fd2="-975" filter-width="4" id="m04-216-00" lbs="-27" lbx="0" lby="798" segmentation="ok" slant="68000" stroke-width="5946" threshold="164" text="Well, the Rev. Edwards had taken command. &quot;Our" ubs="-62" ubx="0" uby="762">
      <word id="m04-216-00-00" sentence-start="yes" tag="UH" text="Well">
        <cmp x="377" y="747" width="62" height="56" />
        <cmp x="434" y="768" width="23" height="32" />
        <cmp x="461" y="738" width="30" height="61" />
        <cmp x="483" y="742" width="27" height="53" />
      </word>
      <word id="m04-216-00-01" tag="," text=",">
        <cmp x="519" y="785" width="11" height="27" />
      </word>
      <word id="m04-216-00-02" tag="ATI" text="the">
        <cmp x="569" y="743" width="25" height="55" />
        <cmp x="593" y="745" width="29" height="54" />
        <cmp x="626" y="763" width="27" height="32" />
      </word>
      <word id="m04-216-00-03" tag="NPT" text="Rev.">
        <cmp x="720" y="733" width="31" height="65" />
        <cmp x="762" y="761" width="25" height="33" />
        <cmp x="794" y="764" width="31" height="35" />
        <cmp x="830" y="789" width="5" height="7" />
      </word>
      <word id="m04-216-00-04" tag="NP" text="Edwards">
        <cmp x="868" y="734" width="39" height="68" />
        <cmp x="908" y="737" width="59" height="61" />
        <cmp x="966" y="762" width="48" height="42" />
        <cmp x="1016" y="764" width="36" height="37" />
        <cmp x="1057" y="768" width="15" height="27" />
        <cmp x="1076" y="735" width="53" height="70" />
        <cmp x="1130" y="768" width="15" height="33" />
      </word>
      <word id="m04-216-00-05" tag="HVD" text="had">
        <cmp x="1211" y="736" width="34" height="64" />
        <cmp x="1250" y="762" width="40" height="34" />
        <cmp x="1297" y="736" width="52" height="61" />
      </word>
      <word id="m04-216-00-06" tag="VBN" text="taken">
        <cmp x="1385" y="742" width="33" height="62" />
        <cmp x="1411" y="765" width="40" height="40" />
        <cmp x="1459" y="736" width="26" height="56" />
        <cmp x="1490" y="756" width="27" height="38" />
        <cmp x="1518" y="761" width="37" height="36" />
      </word>
      <word id="m04-216-00-07" tag="NN" text="command">
        <cmp x="1613" y="763" width="33" height="41" />
        <cmp x="1650" y="764" width="31" height="41" />
        <cmp x="1683" y="764" width="35" height="40" />
        <cmp x="1718" y="761" width="27" height="39" />
        <cmp x="1751" y="761" width="51" height="41" />
        <cmp x="1808" y="766" width="38" height="35" />
        <cmp x="1848" y="765" width="34" height="35" />
        <cmp x="1886" y="762" width="38" height="37" />
      </word>
      <word id="m04-216-00-08" tag="." text=".">
        <cmp x="1932" y="792" width="12" height="11" />
      </word>
      <word id="m04-216-00-09" sentence-start="yes" tag="*&apos;" text="&quot;">
        <cmp x="1985" y="733" width="13" height="26" />
        <cmp x="1997" y="735" width="13" height="25" />
      </word>
      <word id="m04-216-00-10" tag="PP$" text="Our">
        <cmp x="2024" y="741" width="43" height="58" />
        <cmp x="2064" y="763" width="37" height="38" />
        <cmp x="2107" y="767" width="21" height="27" />
      </word>
      <lower-contour>
        <point x="375" y="811" />
        <point x="2129" y="811" />
      </lower-contour>
    </line>
    <line ass="-341" asx="0" asy="898" character-width="999" dss="-341" dsx="0" dsy="999" fd0="14426" fd1="3628" fd2="-141" filter-width="4" id="m04-216-01" lbs="-280" lbx="0" lby="971" segmentation="ok" slant="71000" stroke-width="5946" threshold="164" text="position,&quot; he said, &quot;is somewhat analogous to" ubs="-462" ubx="0" uby="932">
      <word id="m04-216-01-00" tag="NN" text="position">
        <cmp x="374" y="938" width="10" height="64" />
        <cmp x="385" y="930" width="22" height="41" />
        <cmp x="412" y="940" width="27" height="36" />
        <cmp x="443" y="939" width="27" height="41" />
        <cmp x="473" y="946" width="14" height="33" />
        <cmp x="505" y="908" width="35" height="68" />
        <cmp x="538" y="944" width="13" height="29" />
        <cmp x="557" y="931" width="5" height="5" />
        <cmp x="561" y="935" width="30" height="40" />
        <cmp x="600" y="939" width="32" height="31" />
      </word>
      <word id="m04-216-01-01" tag="," text=",">
        <cmp x="646" y="969" width="14" height="30" />
      </word>
      <word id="m04-216-01-02" tag="**&apos;" text="&quot;">
        <cmp x="699" y="917" width="14" height="27" />
        <cmp x="710" y="917" width="12" height="26" />
      </word>
      <word id="m04-216-01-03" tag="PP3A" text="he">
        <cmp x="769" y="919" width="31" height="53" />
        <cmp x="802" y="941" width="26" height="37" />
      </word>
      <word id="m04-216-01-04" tag="VBD" text="said">
        <cmp x="888" y="938" width="27" height="39" />
        <cmp x="917" y="943" width="36" height="36" />
        <cmp x="959" y="949" width="12" height="27" />
        <cmp x="975" y="922" width="57" height="60" />
        <cmp x="978" y="928" width="7" height="11" />
      </word>
      <word id="m04-216-01-05" tag="," text=",">
        <cmp x="1031" y="978" width="9" height="22" />
      </word>
      <word id="m04-216-01-06" tag="*&apos;" text="&quot;">
        <cmp x="1094" y="906" width="15" height="29" />
        <cmp x="1108" y="907" width="12" height="27" />
      </word>
      <word id="m04-216-01-07" tag="BEZ" text="is">
        <cmp x="1139" y="943" width="14" height="30" />
        <cmp x="1156" y="924" width="7" height="7" />
        <cmp x="1169" y="943" width="17" height="33" />
      </word>
      <word id="m04-216-01-08" tag="RB" text="somewhat">
        <cmp x="1256" y="938" width="28" height="40" />
        <cmp x="1291" y="944" width="29" height="35" />
        <cmp x="1331" y="938" width="52" height="37" />
        <cmp x="1382" y="942" width="27" height="34" />
        <cmp x="1426" y="945" width="46" height="36" />
        <cmp x="1476" y="912" width="30" height="62" />
        <cmp x="1507" y="946" width="37" height="34" />
        <cmp x="1551" y="921" width="34" height="57" />
      </word>
      <word id="m04-216-01-09" tag="JJ" text="analogous">
        <cmp x="1637" y="944" width="44" height="39" />
        <cmp x="1685" y="951" width="15" height="33" />
        <cmp x="1699" y="952" width="24" height="32" />
        <cmp x="1735" y="950" width="34" height="34" />
        <cmp x="1784" y="924" width="31" height="53" />
        <cmp x="1813" y="950" width="29" height="33" />
        <cmp x="1854" y="948" width="30" height="49" />
        <cmp x="1895" y="950" width="31" height="32" />
        <cmp x="1937" y="949" width="35" height="35" />
        <cmp x="1991" y="946" width="18" height="32" />
      </word>
      <word id="m04-216-01-10" tag="IN" text="to">
        <cmp x="2069" y="923" width="30" height="50" />
        <cmp x="2101" y="947" width="27" height="35" />
      </word>
      <upper-contour>
        <point x="375" y="811" />
        <point x="2129" y="811" />
      </upper-contour>
      <lower-contour>
        <point x="382" y="1001" />
        <point x="2129" y="1001" />
      </lower-contour>
    </line>
    <line ass="171" asx="0" asy="1091" character-width="999" dss="171" dsx="0" dsy="1182" fd0="14397" fd1="3164" fd2="-111" filter-width="4" id="m04-216-02" lbs="187" lbx="0" lby="1159" segmentation="ok" slant="62000" stroke-width="6129" threshold="164" text="that of a castaway on a desert island. Now" ubs="138" ubx="0" uby="1123">
      <word id="m04-216-02-00" tag="DT" text="that">
        <cmp x="384" y="1090" width="35" height="64" />
        <cmp x="423" y="1092" width="38" height="63" />
        <cmp x="467" y="1123" width="40" height="36" />
        <cmp x="519" y="1096" width="31" height="57" />
      </word>
      <word id="m04-216-02-01" tag="INO" text="of">
        <cmp x="600" y="1125" width="32" height="36" />
        <cmp x="638" y="1099" width="37" height="57" />
      </word>
      <word id="m04-216-02-02" tag="AT" text="a">
        <cmp x="706" y="1125" width="38" height="33" />
      </word>
      <word id="m04-216-02-03" tag="NN" text="castaway">
        <cmp x="831" y="1119" width="30" height="39" />
        <cmp x="872" y="1124" width="35" height="36" />
        <cmp x="915" y="1124" width="22" height="36" />
        <cmp x="939" y="1114" width="26" height="49" />
        <cmp x="966" y="1126" width="38" height="35" />
        <cmp x="1022" y="1126" width="48" height="35" />
        <cmp x="1068" y="1127" width="34" height="35" />
        <cmp x="1110" y="1130" width="40" height="49" />
      </word>
      <word id="m04-216-02-04" tag="IN" text="on">
        <cmp x="1220" y="1114" width="28" height="43" />
        <cmp x="1260" y="1120" width="35" height="31" />
      </word>
      <word id="m04-216-02-05" tag="AT" text="a">
        <cmp x="1349" y="1121" width="31" height="28" />
      </word>
      <word id="m04-216-02-06" tag="NN" text="desert">
        <cmp x="1427" y="1096" width="56" height="63" />
        <cmp x="1478" y="1115" width="30" height="34" />
        <cmp x="1522" y="1119" width="16" height="32" />
        <cmp x="1542" y="1118" width="26" height="35" />
        <cmp x="1573" y="1124" width="20" height="29" />
        <cmp x="1604" y="1102" width="31" height="48" />
      </word>
      <word id="m04-216-02-07" tag="NN" text="island">
        <cmp x="1704" y="1122" width="13" height="35" />
        <cmp x="1725" y="1108" width="7" height="5" />
        <cmp x="1744" y="1120" width="28" height="39" />
        <cmp x="1786" y="1088" width="33" height="62" />
        <cmp x="1808" y="1122" width="34" height="32" />
        <cmp x="1848" y="1123" width="31" height="31" />
        <cmp x="1890" y="1101" width="47" height="47" />
      </word>
      <word id="m04-216-02-08" tag="." text=".">
        <cmp x="1943" y="1143" width="9" height="8" />
      </word>
      <word id="m04-216-02-09" sentence-start="yes" tag="RN" text="Now">
        <cmp x="2031" y="1093" width="73" height="62" />
        <cmp x="2083" y="1123" width="29" height="36" />
        <cmp x="2116" y="1123" width="51" height="34" />
      </word>
      <upper-contour>
        <point x="382" y="1001" />
        <point x="2129" y="1001" />
      </upper-contour>
      <lower-contour>
        <point x="382" y="1179" />
        <point x="2053" y="1179" />
      </lower-contour>
    </line>
    <line ass="-62" asx="0" asy="1260" character-width="999" dss="-62" dsx="0" dsy="1352" fd0="14219" fd1="2733" fd2="-206" filter-width="3" id="m04-216-03" lbs="-50" lbx="0" lby="1335" segmentation="ok" slant="71000" stroke-width="5557" threshold="168" text="what does such a person do? He signals" ubs="-87" ubx="0" uby="1300">
      <word id="m04-216-03-00" tag="WDT" text="what">
        <cmp x="372" y="1285" width="46" height="47" />
        <cmp x="432" y="1262" width="31" height="65" />
        <cmp x="464" y="1297" width="38" height="39" />
        <cmp x="517" y="1271" width="30" height="58" />
      </word>
      <word id="m04-216-03-01" tag="DOZ" text="does">
        <cmp x="630" y="1272" width="59" height="67" />
        <cmp x="683" y="1308" width="27" height="31" />
        <cmp x="722" y="1306" width="26" height="32" />
        <cmp x="753" y="1310" width="17" height="29" />
      </word>
      <word id="m04-216-03-02" tag="ABL" text="such">
        <cmp x="861" y="1301" width="27" height="41" />
        <cmp x="904" y="1303" width="37" height="39" />
        <cmp x="949" y="1307" width="28" height="37" />
        <cmp x="987" y="1278" width="36" height="57" />
      </word>
      <word id="m04-216-03-03" tag="AT" text="a">
        <cmp x="1083" y="1309" width="35" height="34" />
      </word>
      <word id="m04-216-03-04" tag="NN" text="person">
        <cmp x="1172" y="1311" width="14" height="43" />
        <cmp x="1187" y="1303" width="22" height="35" />
        <cmp x="1221" y="1300" width="31" height="33" />
        <cmp x="1256" y="1303" width="28" height="35" />
        <cmp x="1292" y="1303" width="19" height="30" />
        <cmp x="1317" y="1307" width="31" height="30" />
        <cmp x="1360" y="1304" width="40" height="30" />
      </word>
      <word id="m04-216-03-05" tag="DO" text="do">
        <cmp x="1464" y="1278" width="55" height="57" />
        <cmp x="1512" y="1307" width="24" height="30" />
      </word>
      <word id="m04-216-03-06" tag="?" text="?">
        <cmp x="1561" y="1280" width="22" height="43" />
        <cmp x="1566" y="1341" width="6" height="7" />
      </word>
      <word id="m04-216-03-07" sentence-start="yes" tag="PP3A" text="He">
        <cmp x="1642" y="1284" width="25" height="63" />
        <cmp x="1658" y="1278" width="37" height="68" />
        <cmp x="1694" y="1303" width="30" height="35" />
      </word>
      <word id="m04-216-03-08" tag="VBZ" text="signals">
        <cmp x="1798" y="1294" width="27" height="40" />
        <cmp x="1840" y="1305" width="15" height="29" />
        <cmp x="1858" y="1285" width="7" height="7" />
        <cmp x="1866" y="1299" width="37" height="51" />
        <cmp x="1924" y="1296" width="37" height="36" />
        <cmp x="1970" y="1296" width="34" height="31" />
        <cmp x="2010" y="1270" width="38" height="59" />
        <cmp x="2034" y="1302" width="18" height="37" />
      </word>
      <upper-contour>
        <point x="382" y="1179" />
        <point x="2053" y="1179" />
      </upper-contour>
      <lower-contour>
        <point x="370" y="1354" />
        <point x="2053" y="1354" />
      </lower-contour>
    </line>
    <line ass="26" asx="0" asy="1453" character-width="999" dss="26" dsx="0" dsy="1541" fd0="14431" fd1="3557" fd2="-1021" filter-width="3" id="m04-216-04" lbs="145" lbx="0" lby="1516" segmentation="ok" slant="78000" stroke-width="5457" threshold="164" text="his position by lighting bonfires or hoisting a" ubs="-212" ubx="0" uby="1477">
      <word id="m04-216-04-00" tag="PP$" text="his">
        <cmp x="371" y="1457" width="26" height="49" />
        <cmp x="406" y="1480" width="12" height="32" />
        <cmp x="426" y="1460" width="5" height="5" />
        <cmp x="429" y="1484" width="19" height="30" />
      </word>
      <word id="m04-216-04-01" tag="NN" text="position">
        <cmp x="516" y="1482" width="13" height="59" />
        <cmp x="530" y="1478" width="27" height="31" />
        <cmp x="576" y="1475" width="24" height="38" />
        <cmp x="609" y="1481" width="18" height="31" />
        <cmp x="638" y="1490" width="7" height="23" />
        <cmp x="656" y="1466" width="5" height="5" />
        <cmp x="659" y="1454" width="34" height="55" />
        <cmp x="691" y="1486" width="9" height="26" />
        <cmp x="707" y="1472" width="6" height="5" />
        <cmp x="710" y="1486" width="27" height="33" />
        <cmp x="750" y="1485" width="28" height="31" />
      </word>
      <word id="m04-216-04-02" tag="IN" text="by">
        <cmp x="849" y="1462" width="10" height="45" />
        <cmp x="851" y="1478" width="26" height="35" />
        <cmp x="892" y="1486" width="33" height="46" />
      </word>
      <word id="m04-216-04-03" tag="VBG" text="lighting">
        <cmp x="976" y="1456" width="32" height="55" />
        <cmp x="1011" y="1486" width="11" height="28" />
        <cmp x="1026" y="1472" width="6" height="5" />
        <cmp x="1032" y="1490" width="30" height="45" />
        <cmp x="1074" y="1469" width="28" height="43" />
        <cmp x="1110" y="1456" width="35" height="59" />
        <cmp x="1140" y="1492" width="9" height="24" />
        <cmp x="1153" y="1475" width="6" height="5" />
        <cmp x="1160" y="1483" width="29" height="30" />
        <cmp x="1202" y="1484" width="27" height="42" />
      </word>
      <word id="m04-216-04-04" tag="NNS" text="bonfires">
        <cmp x="1286" y="1456" width="29" height="57" />
        <cmp x="1325" y="1483" width="26" height="34" />
        <cmp x="1357" y="1482" width="34" height="36" />
        <cmp x="1403" y="1461" width="33" height="57" />
        <cmp x="1441" y="1492" width="10" height="22" />
        <cmp x="1454" y="1477" width="5" height="5" />
        <cmp x="1463" y="1485" width="25" height="32" />
        <cmp x="1495" y="1485" width="23" height="31" />
        <cmp x="1523" y="1485" width="26" height="35" />
      </word>
      <word id="m04-216-04-05" tag="CC" text="or">
        <cmp x="1608" y="1483" width="32" height="36" />
        <cmp x="1653" y="1485" width="23" height="31" />
      </word>
      <word id="m04-216-04-06" tag="VBG" text="hoisting">
        <cmp x="1734" y="1461" width="33" height="55" />
        <cmp x="1774" y="1477" width="29" height="36" />
        <cmp x="1808" y="1486" width="14" height="24" />
        <cmp x="1827" y="1465" width="4" height="5" />
        <cmp x="1835" y="1478" width="21" height="34" />
        <cmp x="1864" y="1459" width="38" height="53" />
        <cmp x="1898" y="1489" width="13" height="23" />
        <cmp x="1913" y="1472" width="5" height="7" />
        <cmp x="1920" y="1481" width="34" height="30" />
        <cmp x="1960" y="1483" width="30" height="50" />
      </word>
      <word id="m04-216-04-07" tag="AT" text="a">
        <cmp x="2039" y="1475" width="37" height="37" />
      </word>
      <upper-contour>
        <point x="370" y="1354" />
        <point x="2053" y="1354" />
      </upper-contour>
      <lower-contour>
        <point x="371" y="1540" />
        <point x="2077" y="1540" />
      </lower-contour>
    </line>
    <line ass="-220" asx="0" asy="1625" character-width="999" dss="-220" dsx="0" dsy="1705" fd0="14424" fd1="3031" fd2="13" filter-width="4" id="m04-216-05" lbs="-251" lbx="0" lby="1687" segmentation="ok" slant="70000" stroke-width="5814" threshold="161" text="flag on a palm tree. And he tries to ensure" ubs="-157" ubx="0" uby="1657">
      <word id="m04-216-05-00" tag="NN" text="flag">
        <cmp x="373" y="1634" width="27" height="51" />
        <cmp x="398" y="1637" width="29" height="49" />
        <cmp x="418" y="1662" width="28" height="27" />
        <cmp x="453" y="1665" width="26" height="37" />
      </word>
      <word id="m04-216-05-01" tag="IN" text="on">
        <cmp x="531" y="1654" width="30" height="34" />
        <cmp x="570" y="1658" width="37" height="31" />
      </word>
      <word id="m04-216-05-02" tag="AT" text="a">
        <cmp x="663" y="1660" width="29" height="27" />
      </word>
      <word id="m04-216-05-03" tag="NN" text="palm">
        <cmp x="760" y="1664" width="11" height="45" />
        <cmp x="772" y="1658" width="20" height="30" />
        <cmp x="803" y="1657" width="29" height="32" />
        <cmp x="840" y="1635" width="31" height="51" />
        <cmp x="872" y="1665" width="43" height="28" />
      </word>
      <word id="m04-216-05-04" tag="NN" text="tree">
        <cmp x="985" y="1632" width="36" height="63" />
        <cmp x="1017" y="1664" width="19" height="29" />
        <cmp x="1049" y="1664" width="26" height="32" />
        <cmp x="1082" y="1661" width="28" height="33" />
      </word>
      <word id="m04-216-05-05" tag="." text=".">
        <cmp x="1130" y="1685" width="6" height="7" />
      </word>
      <word id="m04-216-05-06" sentence-start="yes" tag="CC" text="And">
        <cmp x="1212" y="1636" width="50" height="57" />
        <cmp x="1265" y="1657" width="34" height="30" />
        <cmp x="1304" y="1646" width="49" height="52" />
      </word>
      <word id="m04-216-05-07" tag="PP3A" text="he">
        <cmp x="1411" y="1648" width="30" height="45" />
        <cmp x="1449" y="1661" width="24" height="36" />
      </word>
      <word id="m04-216-05-08" tag="VBZ" text="tries">
        <cmp x="1537" y="1632" width="40" height="69" />
        <cmp x="1580" y="1663" width="22" height="30" />
        <cmp x="1609" y="1666" width="13" height="31" />
        <cmp x="1627" y="1655" width="6" height="7" />
        <cmp x="1635" y="1664" width="25" height="34" />
        <cmp x="1672" y="1666" width="24" height="33" />
      </word>
      <word id="m04-216-05-09" tag="TO" text="to">
        <cmp x="1774" y="1639" width="30" height="53" />
        <cmp x="1815" y="1663" width="27" height="35" />
      </word>
      <word id="m04-216-05-10" tag="VB" text="ensure">
        <cmp x="1906" y="1658" width="31" height="36" />
        <cmp x="1955" y="1659" width="35" height="33" />
        <cmp x="2002" y="1659" width="22" height="33" />
        <cmp x="2029" y="1663" width="38" height="33" />
        <cmp x="2073" y="1664" width="26" height="30" />
        <cmp x="2098" y="1668" width="24" height="29" />
      </word>
      <upper-contour>
        <point x="371" y="1540" />
        <point x="2077" y="1540" />
      </upper-contour>
      <lower-contour>
        <point x="371" y="1708" />
        <point x="1025" y="1708" />
      </lower-contour>
    </line>
    <line ass="-601" asx="0" asy="1812" character-width="999" dss="-601" dsx="0" dsy="1889" fd0="13925" fd1="3573" fd2="303" filter-width="4" id="m04-216-06" lbs="-936" lbx="0" lby="1865" segmentation="ok" slant="79000" stroke-width="5880" threshold="161" text="a supply of food.&quot;" ubs="66" ubx="0" uby="1844">
      <word id="m04-216-06-00" tag="AT" text="a">
        <cmp x="371" y="1842" width="31" height="31" />
      </word>
      <word id="m04-216-06-01" tag="NN" text="supply">
        <cmp x="479" y="1837" width="22" height="36" />
        <cmp x="514" y="1844" width="36" height="29" />
        <cmp x="564" y="1846" width="35" height="50" />
        <cmp x="605" y="1847" width="33" height="49" />
        <cmp x="649" y="1827" width="21" height="43" />
        <cmp x="676" y="1847" width="26" height="43" />
      </word>
      <word id="m04-216-06-02" tag="INO" text="of">
        <cmp x="762" y="1845" width="28" height="34" />
        <cmp x="805" y="1822" width="35" height="58" />
      </word>
      <word id="m04-216-06-03" tag="NN" text="food">
        <cmp x="877" y="1822" width="37" height="55" />
        <cmp x="904" y="1846" width="29" height="33" />
        <cmp x="936" y="1853" width="29" height="28" />
        <cmp x="969" y="1824" width="37" height="57" />
      </word>
      <word id="m04-216-06-04" tag="." text=".">
        <cmp x="1011" y="1869" width="13" height="14" />
      </word>
      <word id="m04-216-06-05" tag="**&apos;" text="&quot;" />
      <upper-contour>
        <point x="371" y="1708" />
        <point x="1025" y="1708" />
      </upper-contour>
    </line>
  </handwritten-part>
</form>

