<?xml version="1.0" encoding="ISO-8859-1"?>

<!DOCTYPE form SYSTEM 'http://www.iam.unibe.ch/~fki/iamdb/form-metadata.dtd'>

<form created="2002-01-25" height="3542" id="m04-007" last-modified="2002-07-17" skew="30" status="final" version="3.0_beta" width="2479" writer-id="544">
  <machine-printed-part>
    <machine-print-line text="And a fine old fuss there was about it, too. Here are the known facts. On 10th" />
    <machine-print-line text="July, the bus, the 2.20 from Dinas to Llangrwl, left Dinas at two-thirty-five as usual." />
    <machine-print-line text="Aboard, apart from the crew, were Mrs. Megan Thomas and her five-year-old son" />
    <machine-print-line text="Cadwallader; pretty little Morfydd Owen; Mr. Stanley Hayball and Miss Ethel Yates," />
    <machine-print-line text="hikers from Birmingham; Price the Provisions; and the Rev. Edwards." />
  </machine-printed-part>
  <handwritten-part>
    <line ass="288" asx="0" asy="898" character-width="999" dss="288" dsx="0" dsy="1028" fd0="13891" fd1="3277" fd2="454" filter-width="4" id="m04-007-00" lbs="200" lbx="0" lby="989" segmentation="ok" slant="77000" stroke-width="5727" threshold="172" text="And a fine old fuss there was about it, too." ubs="463" ubx="0" uby="965">
      <word id="m04-007-00-00" sentence-start="yes" tag="CC" text="And">
        <cmp x="377" y="955" width="30" height="22" />
        <cmp x="407" y="904" width="54" height="88" />
        <cmp x="459" y="958" width="35" height="43" />
        <cmp x="518" y="919" width="51" height="78" />
      </word>
      <word id="m04-007-00-01" tag="AT" text="a">
        <cmp x="643" y="965" width="33" height="26" />
      </word>
      <word id="m04-007-00-02" tag="JJ" text="fine">
        <cmp x="728" y="910" width="41" height="103" />
        <cmp x="774" y="963" width="12" height="19" />
        <cmp x="795" y="932" width="5" height="7" />
        <cmp x="796" y="949" width="35" height="39" />
        <cmp x="846" y="959" width="14" height="31" />
      </word>
      <word id="m04-007-00-03" tag="JJ" text="old">
        <cmp x="962" y="951" width="33" height="36" />
        <cmp x="1025" y="894" width="43" height="97" />
        <cmp x="1059" y="909" width="43" height="77" />
      </word>
      <word id="m04-007-00-04" tag="NN" text="fuss">
        <cmp x="1145" y="907" width="35" height="116" />
        <cmp x="1187" y="962" width="22" height="27" />
        <cmp x="1215" y="950" width="27" height="39" />
        <cmp x="1249" y="953" width="35" height="35" />
      </word>
      <word id="m04-007-00-05" tag="EX" text="there">
        <cmp x="1344" y="912" width="43" height="72" />
        <cmp x="1345" y="952" width="5" height="14" />
        <cmp x="1382" y="921" width="41" height="58" />
        <cmp x="1430" y="960" width="8" height="24" />
        <cmp x="1453" y="963" width="26" height="25" />
        <cmp x="1484" y="963" width="12" height="21" />
      </word>
      <word id="m04-007-00-06" tag="BEDZ" text="was">
        <cmp x="1563" y="938" width="55" height="48" />
        <cmp x="1622" y="951" width="32" height="34" />
        <cmp x="1666" y="954" width="22" height="32" />
      </word>
      <word id="m04-007-00-07" tag="IN" text="about">
        <cmp x="1751" y="950" width="46" height="33" />
        <cmp x="1770" y="950" width="7" height="16" />
        <cmp x="1815" y="896" width="34" height="85" />
        <cmp x="1851" y="954" width="29" height="38" />
        <cmp x="1894" y="955" width="29" height="29" />
        <cmp x="1936" y="894" width="33" height="76" />
      </word>
      <word id="m04-007-00-08" tag="PP3" text="it">
        <cmp x="2001" y="953" width="15" height="20" />
        <cmp x="2014" y="926" width="7" height="9" />
        <cmp x="2023" y="905" width="46" height="73" />
      </word>
      <word id="m04-007-00-09" tag="," text=",">
        <cmp x="2055" y="979" width="20" height="29" />
      </word>
      <word id="m04-007-00-10" tag="RB" text="too">
        <cmp x="2124" y="908" width="42" height="77" />
        <cmp x="2160" y="948" width="20" height="33" />
        <cmp x="2197" y="943" width="31" height="37" />
      </word>
      <word id="m04-007-00-11" tag="." text=".">
        <cmp x="2227" y="976" width="26" height="33" />
      </word>
      <lower-contour>
        <point x="375" y="1023" />
        <point x="2222" y="1023" />
      </lower-contour>
    </line>
    <line ass="-51" asx="0" asy="1074" character-width="999" dss="-51" dsx="0" dsy="1201" fd0="13987" fd1="3579" fd2="348" filter-width="3" id="m04-007-01" lbs="-129" lbx="0" lby="1161" segmentation="err" slant="77000" stroke-width="5656" threshold="169" text="Here are the known facts. On 10th July," ubs="103" ubx="0" uby="1134">
      <word id="m04-007-01-00" sentence-start="yes" tag="RN" text="Here">
        <cmp x="377" y="1078" width="60" height="88" />
        <cmp x="438" y="1130" width="13" height="26" />
        <cmp x="460" y="1137" width="45" height="30" />
      </word>
      <word id="m04-007-01-01" tag="BER" text="are">
        <cmp x="599" y="1131" width="48" height="34" />
        <cmp x="657" y="1143" width="19" height="26" />
        <cmp x="685" y="1144" width="13" height="23" />
      </word>
      <word id="m04-007-01-02" tag="ATI" text="the">
        <cmp x="808" y="1094" width="33" height="69" />
        <cmp x="846" y="1084" width="41" height="81" />
        <cmp x="905" y="1133" width="13" height="32" />
      </word>
      <word id="m04-007-01-03" tag="JJ" text="known">
        <cmp x="1004" y="1090" width="31" height="64" />
        <cmp x="1026" y="1134" width="48" height="31" />
        <cmp x="1093" y="1129" width="45" height="38" />
        <cmp x="1148" y="1140" width="41" height="26" />
        <cmp x="1164" y="1134" width="5" height="5" />
      </word>
      <word id="m04-007-01-04" tag="NNS" text="facts">
        <cmp x="1257" y="1077" width="37" height="111" />
        <cmp x="1305" y="1127" width="29" height="31" />
        <cmp x="1346" y="1132" width="21" height="32" />
      </word>
      <word id="m04-007-01-05" tag="." text=".">
        <cmp x="1366" y="1136" width="4" height="4" />
      </word>
      <word id="m04-007-01-06" sentence-start="yes" tag="IN" text="On">
        <cmp x="1378" y="1079" width="44" height="84" />
        <cmp x="1405" y="1136" width="4" height="3" />
        <cmp x="1409" y="1129" width="36" height="34" />
        <cmp x="1452" y="1145" width="5" height="12" />
      </word>
      <word id="m04-007-01-07" tag="OD" text="10th">
        <cmp x="1566" y="1079" width="53" height="80" />
        <cmp x="1609" y="1133" width="31" height="39" />
        <cmp x="1770" y="1083" width="27" height="75" />
        <cmp x="1813" y="1089" width="43" height="75" />
        <cmp x="1873" y="1077" width="47" height="83" />
        <cmp x="1907" y="1086" width="35" height="67" />
      </word>
      <word id="m04-007-01-08" tag="NR" text="July">
        <cmp x="2011" y="1178" width="4" height="5" />
        <cmp x="2016" y="1182" width="20" height="12" />
        <cmp x="2037" y="1077" width="42" height="117" />
        <cmp x="2076" y="1132" width="23" height="32" />
        <cmp x="2123" y="1090" width="28" height="69" />
        <cmp x="2144" y="1141" width="43" height="62" />
        <cmp x="2152" y="1132" width="13" height="29" />
      </word>
      <word id="m04-007-01-09" tag="," text=",">
        <cmp x="2200" y="1164" width="21" height="24" />
      </word>
      <upper-contour>
        <point x="375" y="1023" />
        <point x="2222" y="1023" />
      </upper-contour>
      <lower-contour>
        <point x="377" y="1203" />
        <point x="2222" y="1203" />
      </lower-contour>
    </line>
    <line ass="209" asx="0" asy="1250" character-width="999" dss="209" dsx="0" dsy="1393" fd0="13619" fd1="3078" fd2="-137" filter-width="3" id="m04-007-02" lbs="169" lbx="0" lby="1345" segmentation="ok" slant="76000" stroke-width="5656" threshold="173" text="the bus, the 2.20 from Dinas to Llangrwl," ubs="287" ubx="0" uby="1318">
      <word id="m04-007-02-00" tag="ATI" text="the">
        <cmp x="379" y="1249" width="35" height="91" />
        <cmp x="414" y="1265" width="25" height="82" />
        <cmp x="452" y="1321" width="9" height="27" />
        <cmp x="458" y="1321" width="3" height="4" />
      </word>
      <word id="m04-007-02-01" tag="NN" text="bus">
        <cmp x="554" y="1258" width="37" height="88" />
        <cmp x="600" y="1318" width="18" height="31" />
        <cmp x="641" y="1306" width="21" height="47" />
      </word>
      <word id="m04-007-02-02" tag="," text=",">
        <cmp x="693" y="1333" width="20" height="44" />
      </word>
      <word id="m04-007-02-03" tag="ATI" text="the">
        <cmp x="825" y="1249" width="42" height="83" />
        <cmp x="867" y="1261" width="39" height="82" />
        <cmp x="921" y="1312" width="17" height="26" />
        <cmp x="927" y="1336" width="4" height="4" />
      </word>
      <word id="m04-007-02-04" tag="CD" text="2.20">
        <cmp x="1022" y="1262" width="39" height="90" />
        <cmp x="1063" y="1349" width="3" height="4" />
        <cmp x="1094" y="1280" width="30" height="68" />
        <cmp x="1144" y="1280" width="34" height="61" />
      </word>
      <word id="m04-007-02-05" tag="IN" text="from">
        <cmp x="1273" y="1255" width="38" height="106" />
        <cmp x="1318" y="1312" width="22" height="23" />
        <cmp x="1351" y="1314" width="23" height="29" />
        <cmp x="1386" y="1317" width="50" height="34" />
      </word>
      <word id="m04-007-02-06" tag="NP" text="Dinas">
        <cmp x="1539" y="1256" width="51" height="95" />
        <cmp x="1601" y="1304" width="11" height="40" />
        <cmp x="1631" y="1313" width="33" height="29" />
        <cmp x="1678" y="1317" width="25" height="27" />
        <cmp x="1714" y="1338" width="3" height="3" />
        <cmp x="1717" y="1312" width="14" height="31" />
        <cmp x="1727" y="1306" width="12" height="11" />
      </word>
      <word id="m04-007-02-07" tag="IN" text="to">
        <cmp x="1807" y="1245" width="34" height="87" />
        <cmp x="1850" y="1293" width="28" height="46" />
      </word>
      <word id="m04-007-02-08" tag="NP" text="Llangrwl">
        <cmp x="1950" y="1251" width="27" height="84" />
        <cmp x="1975" y="1265" width="28" height="82" />
        <cmp x="2003" y="1301" width="35" height="42" />
        <cmp x="2040" y="1314" width="35" height="30" />
        <cmp x="2080" y="1315" width="26" height="71" />
        <cmp x="2098" y="1310" width="6" height="3" />
        <cmp x="2106" y="1311" width="3" height="3" />
        <cmp x="2118" y="1313" width="32" height="33" />
        <cmp x="2153" y="1308" width="41" height="36" />
        <cmp x="2202" y="1244" width="45" height="91" />
      </word>
      <word id="m04-007-02-09" tag="," text=",">
        <cmp x="2226" y="1339" width="16" height="38" />
      </word>
      <upper-contour>
        <point x="377" y="1203" />
        <point x="2222" y="1203" />
      </upper-contour>
      <lower-contour>
        <point x="389" y="1386" />
        <point x="2191" y="1386" />
      </lower-contour>
    </line>
    <line ass="561" asx="0" asy="1438" character-width="999" dss="561" dsx="0" dsy="1574" fd0="14278" fd1="3192" fd2="254" filter-width="3" id="m04-007-03" lbs="576" lbx="0" lby="1536" segmentation="err" slant="70000" stroke-width="5487" threshold="172" text="left Dinas at two-thirty-five as usual." ubs="530" ubx="0" uby="1508">
      <word id="m04-007-03-00" tag="VBD" text="left">
        <cmp x="391" y="1436" width="12" height="100" />
        <cmp x="413" y="1500" width="22" height="30" />
        <cmp x="456" y="1441" width="36" height="119" />
        <cmp x="490" y="1436" width="4" height="4" />
        <cmp x="501" y="1456" width="32" height="80" />
      </word>
      <word id="m04-007-03-01" tag="NP" text="Dinas">
        <cmp x="603" y="1466" width="50" height="73" />
        <cmp x="663" y="1488" width="11" height="33" />
        <cmp x="663" y="1511" width="13" height="21" />
        <cmp x="678" y="1486" width="8" height="8" />
        <cmp x="684" y="1501" width="45" height="26" />
        <cmp x="738" y="1501" width="31" height="30" />
        <cmp x="769" y="1506" width="20" height="25" />
        <cmp x="780" y="1500" width="17" height="7" />
      </word>
      <word id="m04-007-03-02" tag="IN" text="at">
        <cmp x="878" y="1485" width="34" height="41" />
        <cmp x="925" y="1440" width="44" height="86" />
      </word>
      <word id="m04-007-03-03" tag="CD" text="two-thirty-five">
        <cmp x="1050" y="1457" width="87" height="78" />
        <cmp x="1077" y="1452" width="4" height="3" />
        <cmp x="1159" y="1495" width="28" height="38" />
        <cmp x="1226" y="1496" width="25" height="10" />
        <cmp x="1274" y="1442" width="71" height="85" />
        <cmp x="1277" y="1486" width="3" height="5" />
        <cmp x="1328" y="1456" width="8" height="7" />
        <cmp x="1362" y="1503" width="9" height="23" />
        <cmp x="1379" y="1484" width="5" height="5" />
        <cmp x="1398" y="1500" width="24" height="31" />
        <cmp x="1435" y="1451" width="41" height="84" />
        <cmp x="1480" y="1507" width="45" height="51" />
        <cmp x="1488" y="1501" width="12" height="26" />
        <cmp x="1576" y="1488" width="21" height="7" />
        <cmp x="1597" y="1455" width="48" height="104" />
        <cmp x="1638" y="1507" width="11" height="17" />
        <cmp x="1664" y="1500" width="25" height="29" />
        <cmp x="1715" y="1498" width="12" height="26" />
      </word>
      <word id="m04-007-03-04" tag="CS" text="as">
        <cmp x="1823" y="1486" width="42" height="37" />
        <cmp x="1880" y="1492" width="18" height="31" />
        <cmp x="1887" y="1487" width="22" height="6" />
      </word>
      <word id="m04-007-03-05" tag="JJ" text="usual">
        <cmp x="1986" y="1486" width="24" height="29" />
        <cmp x="2028" y="1481" width="29" height="33" />
        <cmp x="2066" y="1485" width="16" height="32" />
        <cmp x="2105" y="1491" width="36" height="31" />
        <cmp x="2147" y="1443" width="43" height="79" />
        <cmp x="2169" y="1524" width="3" height="4" />
      </word>
      <word id="m04-007-03-06" tag="." text=".">
        <cmp x="2169" y="1524" width="3" height="4" />
      </word>
      <upper-contour>
        <point x="389" y="1386" />
        <point x="2191" y="1386" />
      </upper-contour>
      <lower-contour>
        <point x="389" y="1561" />
        <point x="2191" y="1561" />
      </lower-contour>
    </line>
    <line ass="429" asx="0" asy="1628" character-width="999" dss="429" dsx="0" dsy="1758" fd0="14475" fd1="3107" fd2="-211" filter-width="3" id="m04-007-04" lbs="367" lbx="0" lby="1710" segmentation="ok" slant="73000" stroke-width="5711" threshold="172" text="Aboard, apart from the crew, were Mrs. Megan" ubs="552" ubx="0" uby="1685">
      <word id="m04-007-04-00" sentence-start="yes" tag="RP" text="Aboard">
        <cmp x="369" y="1625" width="63" height="78" />
        <cmp x="439" y="1628" width="34" height="82" />
        <cmp x="484" y="1677" width="21" height="39" />
        <cmp x="516" y="1681" width="28" height="26" />
        <cmp x="561" y="1679" width="17" height="34" />
        <cmp x="586" y="1649" width="49" height="61" />
        <cmp x="631" y="1638" width="9" height="9" />
      </word>
      <word id="m04-007-04-01" tag="," text=",">
        <cmp x="644" y="1706" width="21" height="34" />
      </word>
      <word id="m04-007-04-02" tag="IN21" text="apart">
        <cmp x="754" y="1673" width="34" height="31" />
        <cmp x="784" y="1667" width="39" height="71" />
        <cmp x="837" y="1674" width="29" height="33" />
        <cmp x="855" y="1697" width="4" height="5" />
        <cmp x="876" y="1689" width="13" height="13" />
        <cmp x="903" y="1630" width="32" height="63" />
      </word>
      <word id="m04-007-04-03" tag="IN22" text="from">
        <cmp x="1013" y="1678" width="4" height="24" />
        <cmp x="1014" y="1629" width="45" height="103" />
        <cmp x="1056" y="1674" width="27" height="32" />
        <cmp x="1085" y="1676" width="23" height="31" />
        <cmp x="1122" y="1684" width="36" height="18" />
      </word>
      <word id="m04-007-04-04" tag="ATI" text="the">
        <cmp x="1254" y="1631" width="30" height="65" />
        <cmp x="1281" y="1644" width="34" height="50" />
        <cmp x="1326" y="1677" width="10" height="19" />
      </word>
      <word id="m04-007-04-05" tag="NN" text="crew">
        <cmp x="1403" y="1666" width="23" height="41" />
        <cmp x="1428" y="1670" width="29" height="31" />
        <cmp x="1462" y="1670" width="82" height="37" />
      </word>
      <word id="m04-007-04-06" tag="," text=",">
        <cmp x="1561" y="1708" width="13" height="22" />
        <cmp x="1571" y="1701" width="5" height="4" />
      </word>
      <word id="m04-007-04-07" tag="BED" text="were">
        <cmp x="1653" y="1660" width="67" height="42" />
        <cmp x="1725" y="1673" width="13" height="25" />
        <cmp x="1741" y="1673" width="33" height="25" />
        <cmp x="1772" y="1674" width="17" height="28" />
      </word>
      <word id="m04-007-04-08" tag="NPT" text="Mrs.">
        <cmp x="1879" y="1614" width="103" height="80" />
        <cmp x="1967" y="1670" width="31" height="29" />
        <cmp x="1999" y="1668" width="30" height="38" />
        <cmp x="2034" y="1697" width="6" height="8" />
      </word>
      <word id="m04-007-04-09" tag="NP" text="Megan">
        <cmp x="2073" y="1617" width="85" height="81" />
        <cmp x="2127" y="1644" width="26" height="56" />
        <cmp x="2146" y="1667" width="19" height="38" />
        <cmp x="2169" y="1668" width="35" height="73" />
        <cmp x="2212" y="1665" width="33" height="29" />
        <cmp x="2255" y="1667" width="27" height="22" />
      </word>
      <upper-contour>
        <point x="389" y="1561" />
        <point x="2191" y="1561" />
      </upper-contour>
      <lower-contour>
        <point x="367" y="1742" />
        <point x="2283" y="1742" />
      </lower-contour>
    </line>
    <line ass="366" asx="0" asy="1796" character-width="999" dss="366" dsx="0" dsy="1932" fd0="14475" fd1="3654" fd2="613" filter-width="4" id="m04-007-05" lbs="396" lbx="0" lby="1890" segmentation="ok" slant="70000" stroke-width="5746" threshold="169" text="Thomas and her five-year-old son Cadwallader;" ubs="306" ubx="0" uby="1864">
      <word id="m04-007-05-00" tag="NP" text="Thomas">
        <cmp x="362" y="1794" width="56" height="23" />
        <cmp x="366" y="1815" width="16" height="80" />
        <cmp x="415" y="1817" width="43" height="68" />
        <cmp x="480" y="1857" width="19" height="26" />
        <cmp x="523" y="1855" width="52" height="28" />
        <cmp x="591" y="1861" width="28" height="27" />
        <cmp x="631" y="1857" width="30" height="34" />
      </word>
      <word id="m04-007-05-01" tag="CC" text="and">
        <cmp x="768" y="1857" width="34" height="32" />
        <cmp x="820" y="1857" width="40" height="29" />
        <cmp x="896" y="1810" width="50" height="79" />
      </word>
      <word id="m04-007-05-02" tag="PP$" text="her">
        <cmp x="1002" y="1819" width="51" height="66" />
        <cmp x="1071" y="1855" width="11" height="28" />
        <cmp x="1094" y="1863" width="29" height="15" />
      </word>
      <word id="m04-007-05-03" tag="JJB" text="five-year-old">
        <cmp x="1261" y="1819" width="36" height="105" />
        <cmp x="1300" y="1850" width="18" height="35" />
        <cmp x="1329" y="1858" width="24" height="22" />
        <cmp x="1367" y="1863" width="13" height="22" />
        <cmp x="1404" y="1863" width="24" height="11" />
        <cmp x="1455" y="1861" width="45" height="55" />
        <cmp x="1460" y="1859" width="12" height="17" />
        <cmp x="1510" y="1851" width="16" height="24" />
        <cmp x="1534" y="1853" width="24" height="26" />
        <cmp x="1565" y="1860" width="16" height="20" />
        <cmp x="1620" y="1858" width="21" height="7" />
        <cmp x="1667" y="1851" width="18" height="32" />
        <cmp x="1684" y="1853" width="8" height="18" />
        <cmp x="1712" y="1798" width="39" height="81" />
        <cmp x="1737" y="1811" width="45" height="66" />
      </word>
      <word id="m04-007-05-04" tag="NN" text="son">
        <cmp x="1817" y="1837" width="35" height="38" />
        <cmp x="1856" y="1845" width="22" height="34" />
        <cmp x="1883" y="1856" width="39" height="25" />
      </word>
      <word id="m04-007-05-05" tag="NP" text="Cadwallader">
        <cmp x="1990" y="1805" width="58" height="79" />
        <cmp x="2035" y="1847" width="33" height="28" />
        <cmp x="2071" y="1808" width="50" height="73" />
        <cmp x="2118" y="1849" width="60" height="30" />
        <cmp x="2178" y="1813" width="52" height="67" />
        <cmp x="2204" y="1810" width="5" height="7" />
        <cmp x="2226" y="1848" width="30" height="24" />
        <cmp x="2260" y="1812" width="33" height="55" />
        <cmp x="2290" y="1846" width="10" height="20" />
        <cmp x="2302" y="1846" width="28" height="20" />
      </word>
      <word id="m04-007-05-06" tag=";" text=";">
        <cmp x="2333" y="1865" width="17" height="32" />
        <cmp x="2355" y="1846" width="6" height="13" />
      </word>
      <upper-contour>
        <point x="367" y="1742" />
        <point x="2283" y="1742" />
      </upper-contour>
      <lower-contour>
        <point x="360" y="1924" />
        <point x="2348" y="1924" />
      </lower-contour>
    </line>
    <line ass="347" asx="0" asy="1983" character-width="999" dss="347" dsx="0" dsy="2116" fd0="14738" fd1="2627" fd2="-840" filter-width="4" id="m04-007-06" lbs="383" lbx="0" lby="2070" segmentation="ok" slant="70000" stroke-width="5748" threshold="170" text="pretty little Morfydd Owen; Mr. Stanley Hayball" ubs="276" ubx="0" uby="2035">
      <word id="m04-007-06-00" tag="JJ" text="pretty">
        <cmp x="354" y="2032" width="35" height="81" />
        <cmp x="406" y="2044" width="18" height="25" />
        <cmp x="449" y="2039" width="11" height="29" />
        <cmp x="489" y="1986" width="31" height="85" />
        <cmp x="506" y="1983" width="54" height="85" />
        <cmp x="565" y="2043" width="48" height="61" />
        <cmp x="570" y="2042" width="16" height="23" />
      </word>
      <word id="m04-007-06-01" tag="JJ" text="little">
        <cmp x="714" y="2001" width="25" height="73" />
        <cmp x="738" y="2031" width="13" height="38" />
        <cmp x="752" y="2029" width="6" height="9" />
        <cmp x="771" y="1984" width="74" height="86" />
        <cmp x="780" y="2054" width="4" height="6" />
        <cmp x="847" y="1990" width="38" height="77" />
        <cmp x="872" y="2031" width="20" height="31" />
      </word>
      <word id="m04-007-06-02" tag="NP" text="Morfydd">
        <cmp x="990" y="1987" width="63" height="71" />
        <cmp x="1043" y="1983" width="50" height="81" />
        <cmp x="1080" y="2027" width="19" height="35" />
        <cmp x="1111" y="2038" width="19" height="21" />
        <cmp x="1164" y="1975" width="56" height="116" />
        <cmp x="1202" y="2037" width="49" height="56" />
        <cmp x="1262" y="2034" width="8" height="18" />
        <cmp x="1268" y="1987" width="38" height="57" />
        <cmp x="1297" y="1983" width="63" height="79" />
      </word>
      <word id="m04-007-06-03" tag="NP" text="Owen">
        <cmp x="1413" y="1979" width="53" height="86" />
        <cmp x="1467" y="2028" width="54" height="43" />
        <cmp x="1522" y="2034" width="13" height="29" />
        <cmp x="1546" y="2039" width="28" height="21" />
      </word>
      <word id="m04-007-06-04" tag=";" text=";">
        <cmp x="1586" y="2054" width="13" height="35" />
        <cmp x="1599" y="2032" width="4" height="5" />
      </word>
      <word id="m04-007-06-05" tag="NPT" text="Mr.">
        <cmp x="1648" y="1977" width="95" height="83" />
        <cmp x="1729" y="2035" width="26" height="25" />
        <cmp x="1757" y="2052" width="8" height="14" />
      </word>
      <word id="m04-007-06-06" tag="NP" text="Stanley">
        <cmp x="1812" y="1986" width="57" height="76" />
        <cmp x="1851" y="1998" width="41" height="63" />
        <cmp x="1883" y="2029" width="27" height="35" />
        <cmp x="1918" y="2039" width="32" height="28" />
        <cmp x="1961" y="1995" width="39" height="66" />
        <cmp x="1987" y="2030" width="15" height="27" />
        <cmp x="2007" y="2038" width="41" height="53" />
        <cmp x="2009" y="2039" width="11" height="17" />
      </word>
      <word id="m04-007-06-07" tag="NP" text="Hayball">
        <cmp x="2106" y="1981" width="62" height="90" />
        <cmp x="2164" y="2025" width="27" height="32" />
        <cmp x="2166" y="1985" width="5" height="5" />
        <cmp x="2183" y="2034" width="37" height="47" />
        <cmp x="2227" y="1973" width="30" height="74" />
        <cmp x="2257" y="2024" width="25" height="23" />
        <cmp x="2293" y="1974" width="54" height="80" />
      </word>
      <upper-contour>
        <point x="360" y="1924" />
        <point x="2348" y="1924" />
      </upper-contour>
      <lower-contour>
        <point x="358" y="2114" />
        <point x="2180" y="2114" />
      </lower-contour>
    </line>
    <line ass="225" asx="0" asy="2142" character-width="999" dss="225" dsx="0" dsy="2281" fd0="14222" fd1="2980" fd2="-650" filter-width="3" id="m04-007-07" lbs="247" lbx="0" lby="2242" segmentation="err" slant="102000" stroke-width="5658" threshold="171" text="and Miss Ethel Yates, hikers from" ubs="180" ubx="0" uby="2212">
      <word id="m04-007-07-00" tag="CC" text="and">
        <cmp x="360" y="2195" width="70" height="52" />
        <cmp x="431" y="2221" width="23" height="24" />
        <cmp x="477" y="2159" width="45" height="89" />
      </word>
      <word id="m04-007-07-01" tag="NPT" text="Miss">
        <cmp x="600" y="2140" width="171" height="115" />
        <cmp x="779" y="2237" width="7" height="10" />
      </word>
      <word id="m04-007-07-02" tag="NP" text="Ethel">
        <cmp x="846" y="2156" width="105" height="86" />
        <cmp x="951" y="2204" width="16" height="34" />
        <cmp x="975" y="2185" width="8" height="21" />
        <cmp x="977" y="2210" width="24" height="37" />
        <cmp x="998" y="2206" width="7" height="5" />
        <cmp x="1001" y="2204" width="43" height="42" />
      </word>
      <word id="m04-007-07-03" tag="NP" text="Yates">
        <cmp x="1144" y="2228" width="35" height="9" />
        <cmp x="1148" y="2158" width="51" height="65" />
        <cmp x="1202" y="2195" width="4" height="14" />
        <cmp x="1202" y="2167" width="78" height="72" />
        <cmp x="1282" y="2218" width="9" height="18" />
        <cmp x="1301" y="2164" width="33" height="74" />
      </word>
      <word id="m04-007-07-04" tag="," text=",">
        <cmp x="1413" y="2165" width="27" height="33" />
        <cmp x="1430" y="2173" width="46" height="61" />
        <cmp x="1464" y="2203" width="25" height="34" />
        <cmp x="1501" y="2157" width="50" height="84" />
        <cmp x="1533" y="2206" width="20" height="30" />
        <cmp x="1559" y="2209" width="31" height="34" />
        <cmp x="1605" y="2233" width="23" height="42" />
      </word>
      <word id="m04-007-07-05" tag="NNS" text="hikers">
        <cmp x="1718" y="2146" width="38" height="93" />
        <cmp x="1766" y="2196" width="17" height="40" />
        <cmp x="1800" y="2164" width="34" height="62" />
        <cmp x="1816" y="2160" width="3" height="3" />
        <cmp x="1822" y="2220" width="17" height="17" />
        <cmp x="1851" y="2206" width="11" height="25" />
        <cmp x="1864" y="2212" width="25" height="24" />
        <cmp x="1890" y="2202" width="36" height="37" />
      </word>
      <word id="m04-007-07-06" tag="IN" text="from">
        <cmp x="1987" y="2210" width="3" height="10" />
        <cmp x="1987" y="2155" width="50" height="106" />
        <cmp x="2042" y="2206" width="35" height="32" />
        <cmp x="2082" y="2204" width="28" height="35" />
        <cmp x="2127" y="2205" width="52" height="30" />
      </word>
      <upper-contour>
        <point x="358" y="2114" />
        <point x="2180" y="2114" />
      </upper-contour>
      <lower-contour>
        <point x="384" y="2275" />
        <point x="2180" y="2275" />
      </lower-contour>
    </line>
    <line ass="411" asx="0" asy="2324" character-width="999" dss="411" dsx="0" dsy="2469" fd0="14359" fd1="3535" fd2="114" filter-width="3" id="m04-007-08" lbs="480" lbx="0" lby="2421" segmentation="ok" slant="73000" stroke-width="5461" threshold="172" text="Birmingham; Price the Provisions; and the" ubs="272" ubx="0" uby="2391">
      <word id="m04-007-08-00" tag="NP" text="Birmingham">
        <cmp x="386" y="2323" width="44" height="102" />
        <cmp x="386" y="2340" width="13" height="70" />
        <cmp x="442" y="2386" width="10" height="32" />
        <cmp x="443" y="2368" width="6" height="3" />
        <cmp x="462" y="2389" width="21" height="28" />
        <cmp x="515" y="2394" width="71" height="32" />
        <cmp x="590" y="2397" width="3" height="3" />
        <cmp x="594" y="2393" width="17" height="32" />
        <cmp x="624" y="2355" width="8" height="11" />
        <cmp x="631" y="2399" width="35" height="26" />
        <cmp x="684" y="2385" width="34" height="80" />
        <cmp x="739" y="2333" width="39" height="81" />
        <cmp x="779" y="2396" width="35" height="27" />
        <cmp x="833" y="2395" width="55" height="35" />
      </word>
      <word id="m04-007-08-01" tag=";" text=";">
        <cmp x="935" y="2421" width="10" height="26" />
        <cmp x="950" y="2382" width="9" height="5" />
      </word>
      <word id="m04-007-08-02" tag="NP" text="Price">
        <cmp x="1035" y="2318" width="45" height="96" />
        <cmp x="1085" y="2373" width="14" height="37" />
        <cmp x="1126" y="2392" width="12" height="24" />
        <cmp x="1140" y="2367" width="11" height="9" />
        <cmp x="1148" y="2381" width="22" height="37" />
        <cmp x="1163" y="2379" width="4" height="4" />
        <cmp x="1174" y="2375" width="17" height="36" />
      </word>
      <word id="m04-007-08-03" tag="ATI" text="the">
        <cmp x="1283" y="2337" width="47" height="74" />
        <cmp x="1322" y="2338" width="25" height="81" />
        <cmp x="1352" y="2393" width="8" height="23" />
      </word>
      <word id="m04-007-08-04" tag="NNS" text="Provisions">
        <cmp x="1436" y="2328" width="43" height="88" />
        <cmp x="1491" y="2380" width="16" height="28" />
        <cmp x="1528" y="2381" width="21" height="36" />
        <cmp x="1569" y="2392" width="23" height="26" />
        <cmp x="1614" y="2397" width="11" height="16" />
        <cmp x="1635" y="2369" width="3" height="5" />
        <cmp x="1647" y="2387" width="21" height="31" />
        <cmp x="1667" y="2380" width="8" height="6" />
        <cmp x="1682" y="2389" width="19" height="26" />
        <cmp x="1709" y="2383" width="34" height="44" />
        <cmp x="1712" y="2354" width="9" height="13" />
        <cmp x="1745" y="2388" width="36" height="32" />
        <cmp x="1785" y="2376" width="26" height="41" />
        <cmp x="1811" y="2380" width="5" height="7" />
      </word>
      <word id="m04-007-08-05" tag=";" text=";">
        <cmp x="1811" y="2419" width="16" height="34" />
        <cmp x="1831" y="2378" width="6" height="7" />
      </word>
      <word id="m04-007-08-06" tag="CC" text="and">
        <cmp x="1914" y="2375" width="27" height="41" />
        <cmp x="1931" y="2385" width="22" height="38" />
        <cmp x="1955" y="2388" width="43" height="34" />
        <cmp x="2020" y="2336" width="47" height="78" />
        <cmp x="2066" y="2330" width="3" height="3" />
      </word>
      <word id="m04-007-08-07" tag="ATI" text="the">
        <cmp x="2131" y="2374" width="5" height="5" />
        <cmp x="2132" y="2326" width="45" height="83" />
        <cmp x="2174" y="2338" width="58" height="70" />
        <cmp x="2232" y="2375" width="20" height="20" />
      </word>
      <upper-contour>
        <point x="384" y="2275" />
        <point x="2180" y="2275" />
      </upper-contour>
      <lower-contour>
        <point x="400" y="2465" />
        <point x="985" y="2465" />
      </lower-contour>
    </line>
    <line ass="26" asx="0" asy="2513" character-width="999" dss="26" dsx="0" dsy="2621" fd0="14387" fd1="2826" fd2="-618" filter-width="3" id="m04-007-09" lbs="216" lbx="0" lby="2601" segmentation="ok" slant="77000" stroke-width="5418" threshold="173" text="Rev. Edwards." ubs="-351" ubx="0" uby="2569">
      <word id="m04-007-09-00" tag="NPT" text="Rev.">
        <cmp x="402" y="2513" width="51" height="85" />
        <cmp x="466" y="2570" width="27" height="33" />
        <cmp x="512" y="2592" width="8" height="15" />
      </word>
      <word id="m04-007-09-01" tag="NP" text="Edwards">
        <cmp x="616" y="2605" width="33" height="15" />
        <cmp x="621" y="2530" width="36" height="63" />
        <cmp x="623" y="2528" width="3" height="5" />
        <cmp x="627" y="2523" width="37" height="19" />
        <cmp x="665" y="2540" width="48" height="66" />
        <cmp x="731" y="2578" width="44" height="27" />
        <cmp x="779" y="2580" width="32" height="26" />
        <cmp x="824" y="2578" width="24" height="26" />
        <cmp x="866" y="2515" width="56" height="81" />
        <cmp x="908" y="2554" width="39" height="47" />
      </word>
      <word id="m04-007-09-02" tag="." text=".">
        <cmp x="974" y="2578" width="8" height="14" />
      </word>
      <upper-contour>
        <point x="400" y="2465" />
        <point x="985" y="2465" />
      </upper-contour>
    </line>
  </handwritten-part>
</form>

