<?xml version="1.0" encoding="ISO-8859-1"?>

<!DOCTYPE form SYSTEM 'http://www.iam.unibe.ch/~fki/iamdb/form-metadata.dtd'>

<form created="2002-01-25" height="3542" id="m04-138" last-modified="2002-07-25" skew="95" status="final" version="3.0_beta" width="2479" writer-id="547">
  <machine-printed-part>
    <machine-print-line text="They looked at him, sullen. His heart sank. If the Welsh found the situation too" />
    <machine-print-line text="desperate for singing, then the situation, he realised, must be desperate indeed. But" />
    <machine-print-line text="suddenly they were roused from their lethargy. Something was approaching, faster," />
    <machine-print-line text="faster, a tearing hurrying blur that was past and gone in a moment, followed by a" />
    <machine-print-line text="great rush of sound. They waved frantically." />
  </machine-printed-part>
  <handwritten-part>
    <line ass="362" asx="0" asy="760" character-width="999" dss="362" dsx="0" dsy="891" fd0="13496" fd1="2117" fd2="-1063" filter-width="4" id="m04-138-00" lbs="277" lbx="0" lby="835" segmentation="err" slant="64000" stroke-width="6354" threshold="175" text="They looked at him, sullen. His heart" ubs="531" ubx="0" uby="812">
      <word id="m04-138-00-00" sentence-start="yes" tag="PP3AS" text="They">
        <cmp x="354" y="765" width="193" height="125" />
      </word>
      <word id="m04-138-00-01" tag="VBD" text="looked">
        <cmp x="573" y="756" width="329" height="85" />
      </word>
      <word id="m04-138-00-02" tag="IN" text="at">
        <cmp x="930" y="765" width="115" height="69" />
        <cmp x="1034" y="761" width="213" height="71" />
        <cmp x="1139" y="772" width="8" height="14" />
      </word>
      <word id="m04-138-00-03" tag="PP3O" text="him">
        <cmp x="1264" y="824" width="18" height="21" />
      </word>
      <word id="m04-138-00-04" tag="," text="," />
      <word id="m04-138-00-05" tag="JJ" text="sullen">
        <cmp x="1312" y="768" width="308" height="71" />
      </word>
      <word id="m04-138-00-06" tag="." text=".">
        <cmp x="1639" y="820" width="12" height="14" />
      </word>
      <word id="m04-138-00-07" sentence-start="yes" tag="PP$" text="His">
        <cmp x="1699" y="750" width="147" height="88" />
        <cmp x="1704" y="765" width="4" height="7" />
        <cmp x="1805" y="774" width="11" height="15" />
      </word>
      <word id="m04-138-00-08" tag="NN" text="heart">
        <cmp x="1872" y="750" width="246" height="80" />
      </word>
      <lower-contour>
        <point x="352" y="889" />
        <point x="2119" y="889" />
      </lower-contour>
    </line>
    <line ass="385" asx="0" asy="941" character-width="999" dss="385" dsx="0" dsy="1054" fd0="13724" fd1="2108" fd2="-1025" filter-width="4" id="m04-138-01" lbs="444" lbx="0" lby="1020" segmentation="ok" slant="65000" stroke-width="6393" threshold="176" text="sank. If the Welsh found the situation" ubs="269" ubx="0" uby="987">
      <word id="m04-138-01-00" tag="VBD" text="sank">
        <cmp x="334" y="947" width="254" height="74" />
      </word>
      <word id="m04-138-01-01" tag="." text=".">
        <cmp x="608" y="1005" width="8" height="11" />
      </word>
      <word id="m04-138-01-02" sentence-start="yes" tag="CS" text="If">
        <cmp x="669" y="937" width="88" height="111" />
      </word>
      <word id="m04-138-01-03" tag="ATI" text="the">
        <cmp x="777" y="944" width="147" height="70" />
      </word>
      <word id="m04-138-01-04" tag="NNPS" text="Welsh">
        <cmp x="966" y="944" width="108" height="65" />
        <cmp x="1043" y="948" width="195" height="68" />
      </word>
      <word id="m04-138-01-05" tag="VBD" text="found">
        <cmp x="1268" y="941" width="318" height="106" />
      </word>
      <word id="m04-138-01-06" tag="ATI" text="the">
        <cmp x="1596" y="941" width="157" height="70" />
      </word>
      <word id="m04-138-01-07" tag="NN" text="situation">
        <cmp x="1787" y="942" width="418" height="73" />
        <cmp x="1889" y="945" width="7" height="19" />
        <cmp x="2105" y="957" width="13" height="14" />
      </word>
      <upper-contour>
        <point x="352" y="889" />
        <point x="2119" y="889" />
      </upper-contour>
      <lower-contour>
        <point x="336" y="1048" />
        <point x="2111" y="1048" />
      </lower-contour>
    </line>
    <line ass="-110" asx="0" asy="1111" character-width="999" dss="-110" dsx="0" dsy="1240" fd0="13431" fd1="2160" fd2="-938" filter-width="4" id="m04-138-02" lbs="-99" lbx="0" lby="1184" segmentation="ok" slant="62000" stroke-width="6500" threshold="175" text="too desperate for singing, then the" ubs="-133" ubx="0" uby="1158">
      <word id="m04-138-02-00" tag="QL" text="too">
        <cmp x="338" y="1114" width="202" height="87" />
      </word>
      <word id="m04-138-02-01" tag="JJ" text="desperate">
        <cmp x="576" y="1122" width="431" height="106" />
      </word>
      <word id="m04-138-02-02" tag="IN" text="for">
        <cmp x="1028" y="1114" width="169" height="107" />
      </word>
      <word id="m04-138-02-03" tag="NN" text="singing">
        <cmp x="1214" y="1156" width="393" height="88" />
        <cmp x="1306" y="1138" width="8" height="12" />
        <cmp x="1308" y="1151" width="4" height="5" />
        <cmp x="1474" y="1141" width="8" height="26" />
      </word>
      <word id="m04-138-02-04" tag="," text=",">
        <cmp x="1625" y="1177" width="20" height="25" />
      </word>
      <word id="m04-138-02-05" tag="RN" text="then">
        <cmp x="1681" y="1115" width="220" height="81" />
      </word>
      <word id="m04-138-02-06" tag="ATI" text="the">
        <cmp x="1930" y="1123" width="70" height="67" />
        <cmp x="1969" y="1129" width="141" height="62" />
      </word>
      <upper-contour>
        <point x="336" y="1048" />
        <point x="2111" y="1048" />
      </upper-contour>
      <lower-contour>
        <point x="336" y="1244" />
        <point x="2111" y="1244" />
      </lower-contour>
    </line>
    <line ass="193" asx="0" asy="1298" character-width="999" dss="193" dsx="0" dsy="1403" fd0="13613" fd1="2316" fd2="-787" filter-width="4" id="m04-138-03" lbs="275" lbx="0" lby="1376" segmentation="ok" slant="55000" stroke-width="6406" threshold="174" text="situation, he realised, must be desperate" ubs="29" ubx="0" uby="1344">
      <word id="m04-138-03-00" tag="NN" text="situation">
        <cmp x="338" y="1306" width="481" height="74" />
        <cmp x="433" y="1313" width="15" height="17" />
        <cmp x="685" y="1324" width="14" height="25" />
      </word>
      <word id="m04-138-03-01" tag="," text=",">
        <cmp x="842" y="1352" width="19" height="31" />
      </word>
      <word id="m04-138-03-02" tag="PP3A" text="he">
        <cmp x="890" y="1295" width="115" height="75" />
      </word>
      <word id="m04-138-03-03" tag="VBD" text="realised">
        <cmp x="1041" y="1313" width="392" height="65" />
        <cmp x="1259" y="1322" width="7" height="12" />
        <cmp x="1363" y="1353" width="7" height="4" />
      </word>
      <word id="m04-138-03-04" tag="," text=",">
        <cmp x="1435" y="1352" width="17" height="29" />
      </word>
      <word id="m04-138-03-05" tag="MD" text="must">
        <cmp x="1485" y="1317" width="271" height="62" />
      </word>
      <word id="m04-138-03-06" tag="BE" text="be">
        <cmp x="1758" y="1313" width="57" height="59" />
        <cmp x="1816" y="1327" width="51" height="44" />
      </word>
      <word id="m04-138-03-07" tag="JJ" text="desperate">
        <cmp x="1907" y="1297" width="366" height="101" />
      </word>
      <upper-contour>
        <point x="336" y="1244" />
        <point x="2111" y="1244" />
      </upper-contour>
      <lower-contour>
        <point x="336" y="1399" />
        <point x="2240" y="1399" />
      </lower-contour>
    </line>
    <line ass="321" asx="0" asy="1485" character-width="999" dss="321" dsx="0" dsy="1608" fd0="13722" fd1="2175" fd2="-801" filter-width="4" id="m04-138-04" lbs="319" lbx="0" lby="1556" segmentation="ok" slant="58000" stroke-width="6434" threshold="173" text="indeed. But suddenly they were roused" ubs="325" ubx="0" uby="1530">
      <word id="m04-138-04-00" tag="QLP" text="indeed">
        <cmp x="338" y="1489" width="350" height="73" />
        <cmp x="377" y="1491" width="10" height="16" />
      </word>
      <word id="m04-138-04-01" tag="." text=".">
        <cmp x="691" y="1543" width="9" height="14" />
      </word>
      <word id="m04-138-04-02" sentence-start="yes" tag="CC" text="But">
        <cmp x="753" y="1484" width="186" height="72" />
      </word>
      <word id="m04-138-04-03" tag="RB" text="suddenly">
        <cmp x="948" y="1492" width="452" height="110" />
      </word>
      <word id="m04-138-04-04" tag="PP3AS" text="they">
        <cmp x="1427" y="1477" width="203" height="118" />
      </word>
      <word id="m04-138-04-05" tag="BED" text="were">
        <cmp x="1671" y="1506" width="211" height="46" />
      </word>
      <word id="m04-138-04-06" tag="VBN" text="roused">
        <cmp x="1924" y="1486" width="315" height="70" />
      </word>
      <upper-contour>
        <point x="336" y="1399" />
        <point x="2240" y="1399" />
      </upper-contour>
      <lower-contour>
        <point x="347" y="1602" />
        <point x="2183" y="1602" />
      </lower-contour>
    </line>
    <line ass="296" asx="0" asy="1652" character-width="999" dss="296" dsx="0" dsy="1788" fd0="13142" fd1="1992" fd2="-1166" filter-width="4" id="m04-138-05" lbs="219" lbx="0" lby="1734" segmentation="ok" slant="58000" stroke-width="6687" threshold="170" text="from their lethargy. Something was" ubs="451" ubx="0" uby="1709">
      <word id="m04-138-05-00" tag="IN" text="from">
        <cmp x="349" y="1661" width="246" height="109" />
      </word>
      <word id="m04-138-05-01" tag="PP$" text="their">
        <cmp x="629" y="1662" width="264" height="73" />
        <cmp x="805" y="1675" width="13" height="28" />
      </word>
      <word id="m04-138-05-02" tag="NN" text="lethargy">
        <cmp x="906" y="1652" width="425" height="127" />
      </word>
      <word id="m04-138-05-03" tag="." text=".">
        <cmp x="1351" y="1712" width="8" height="12" />
      </word>
      <word id="m04-138-05-04" sentence-start="yes" tag="PN" text="Something">
        <cmp x="1408" y="1674" width="4" height="5" />
        <cmp x="1411" y="1645" width="500" height="135" />
        <cmp x="1781" y="1664" width="7" height="18" />
      </word>
      <word id="m04-138-05-05" tag="BEDZ" text="was">
        <cmp x="1962" y="1689" width="220" height="41" />
      </word>
      <upper-contour>
        <point x="347" y="1602" />
        <point x="2183" y="1602" />
      </upper-contour>
      <lower-contour>
        <point x="347" y="1780" />
        <point x="2183" y="1780" />
      </lower-contour>
    </line>
    <line ass="238" asx="0" asy="1832" character-width="999" dss="238" dsx="0" dsy="1965" fd0="13359" fd1="2972" fd2="-588" filter-width="4" id="m04-138-06" lbs="242" lbx="0" lby="1916" segmentation="ok" slant="62000" stroke-width="6514" threshold="173" text="approaching, faster, faster, a tearing" ubs="229" ubx="0" uby="1892">
      <word id="m04-138-06-00" tag="VBG" text="approaching">
        <cmp x="349" y="1843" width="602" height="119" />
        <cmp x="762" y="1864" width="4" height="6" />
        <cmp x="814" y="1846" width="8" height="15" />
      </word>
      <word id="m04-138-06-01" tag="," text=",">
        <cmp x="969" y="1898" width="21" height="28" />
      </word>
      <word id="m04-138-06-02" tag="RBR" text="faster">
        <cmp x="1008" y="1849" width="323" height="97" />
      </word>
      <word id="m04-138-06-03" tag="," text=",">
        <cmp x="1338" y="1900" width="26" height="28" />
      </word>
      <word id="m04-138-06-04" tag="RBR" text="faster">
        <cmp x="1395" y="1843" width="312" height="105" />
      </word>
      <word id="m04-138-06-05" tag="," text=",">
        <cmp x="1697" y="1895" width="31" height="36" />
      </word>
      <word id="m04-138-06-06" tag="AT" text="a">
        <cmp x="1770" y="1867" width="43" height="40" />
      </word>
      <word id="m04-138-06-07" tag="JJ" text="tearing">
        <cmp x="1852" y="1825" width="363" height="132" />
        <cmp x="2068" y="1854" width="16" height="20" />
      </word>
      <upper-contour>
        <point x="347" y="1780" />
        <point x="2183" y="1780" />
      </upper-contour>
      <lower-contour>
        <point x="347" y="1962" />
        <point x="2216" y="1962" />
      </lower-contour>
    </line>
    <line ass="248" asx="0" asy="2025" character-width="999" dss="248" dsx="0" dsy="2152" fd0="13301" fd1="2825" fd2="-448" filter-width="4" id="m04-138-07" lbs="396" lbx="0" lby="2099" segmentation="ok" slant="61000" stroke-width="6531" threshold="170" text="hurrying blur that was past and gone" ubs="-46" ubx="0" uby="2061">
      <word id="m04-138-07-00" tag="JJ" text="hurrying">
        <cmp x="344" y="2028" width="436" height="122" />
        <cmp x="383" y="2028" width="7" height="7" />
        <cmp x="631" y="2036" width="11" height="16" />
      </word>
      <word id="m04-138-07-01" tag="NN" text="blur">
        <cmp x="803" y="2021" width="232" height="72" />
      </word>
      <word id="m04-138-07-02" tag="WP" text="that">
        <cmp x="1056" y="2021" width="228" height="69" />
      </word>
      <word id="m04-138-07-03" tag="BEDZ" text="was">
        <cmp x="1308" y="2056" width="195" height="38" />
      </word>
      <word id="m04-138-07-04" tag="RP" text="past">
        <cmp x="1534" y="2027" width="242" height="97" />
      </word>
      <word id="m04-138-07-05" tag="CC" text="and">
        <cmp x="1806" y="2030" width="201" height="63" />
      </word>
      <word id="m04-138-07-06" tag="VBN" text="gone">
        <cmp x="2018" y="2051" width="240" height="76" />
      </word>
      <upper-contour>
        <point x="347" y="1962" />
        <point x="2216" y="1962" />
      </upper-contour>
      <lower-contour>
        <point x="342" y="2150" />
        <point x="2064" y="2150" />
      </lower-contour>
    </line>
    <line ass="-112" asx="0" asy="2189" character-width="999" dss="-112" dsx="0" dsy="2299" fd0="13270" fd1="2796" fd2="-361" filter-width="4" id="m04-138-08" lbs="-205" lbx="0" lby="2264" segmentation="ok" slant="56000" stroke-width="6601" threshold="169" text="in a moment, followed by a great" ubs="73" ubx="0" uby="2242">
      <word id="m04-138-08-00" tag="IN" text="in">
        <cmp x="329" y="2235" width="139" height="42" />
        <cmp x="377" y="2210" width="11" height="17" />
      </word>
      <word id="m04-138-08-01" tag="AT" text="a">
        <cmp x="489" y="2234" width="54" height="35" />
      </word>
      <word id="m04-138-08-02" tag="NN" text="moment">
        <cmp x="578" y="2204" width="448" height="65" />
      </word>
      <word id="m04-138-08-03" tag="," text=",">
        <cmp x="1026" y="2255" width="19" height="28" />
      </word>
      <word id="m04-138-08-04" tag="VBN" text="followed">
        <cmp x="1093" y="2196" width="420" height="100" />
      </word>
      <word id="m04-138-08-05" tag="IN" text="by">
        <cmp x="1538" y="2193" width="142" height="111" />
      </word>
      <word id="m04-138-08-06" tag="AT" text="a">
        <cmp x="1710" y="2234" width="53" height="35" />
      </word>
      <word id="m04-138-08-07" tag="JJ" text="great">
        <cmp x="1798" y="2211" width="265" height="93" />
      </word>
      <upper-contour>
        <point x="342" y="2150" />
        <point x="2064" y="2150" />
      </upper-contour>
      <lower-contour>
        <point x="344" y="2304" />
        <point x="2064" y="2304" />
      </lower-contour>
    </line>
    <line ass="156" asx="0" asy="2371" character-width="999" dss="156" dsx="0" dsy="2509" fd0="13424" fd1="2090" fd2="-871" filter-width="4" id="m04-138-09" lbs="94" lbx="0" lby="2452" segmentation="ok" slant="59999" stroke-width="6583" threshold="171" text="rush of sound. They waved frantically." ubs="280" ubx="0" uby="2426">
      <word id="m04-138-09-00" tag="NN" text="rush">
        <cmp x="346" y="2370" width="238" height="80" />
      </word>
      <word id="m04-138-09-01" tag="INO" text="of">
        <cmp x="617" y="2370" width="88" height="111" />
      </word>
      <word id="m04-138-09-02" tag="NN" text="sound">
        <cmp x="751" y="2388" width="328" height="64" />
      </word>
      <word id="m04-138-09-03" tag="." text=".">
        <cmp x="1088" y="2438" width="10" height="13" />
      </word>
      <word id="m04-138-09-04" sentence-start="yes" tag="PP3AS" text="They">
        <cmp x="1175" y="2380" width="212" height="111" />
      </word>
      <word id="m04-138-09-05" tag="VBD" text="waved">
        <cmp x="1429" y="2380" width="351" height="72" />
      </word>
      <word id="m04-138-09-06" tag="RB" text="frantically">
        <cmp x="1810" y="2370" width="507" height="133" />
        <cmp x="2102" y="2381" width="10" height="13" />
      </word>
      <word id="m04-138-09-07" tag="." text=".">
        <cmp x="2331" y="2446" width="15" height="15" />
      </word>
      <upper-contour>
        <point x="344" y="2304" />
        <point x="2064" y="2304" />
      </upper-contour>
    </line>
  </handwritten-part>
</form>

