<?xml version="1.0" encoding="ISO-8859-1"?>

<!DOCTYPE form SYSTEM 'http://www.iam.unibe.ch/~fki/iamdb/form-metadata.dtd'>

<form created="2002-01-25" height="3542" id="m04-123" last-modified="2002-07-17" skew="63" status="final" version="3.0_beta" width="2479" writer-id="547">
  <machine-printed-part>
    <machine-print-line text="But disappointment awaited him. A restive queue of people in the bus station, waiting" />
    <machine-print-line text="to be transported to Dinas. And when he went to Morfydd&apos;s house, all he found was" />
    <machine-print-line text="Morfydd&apos;s mam, working herself up proper... Getting dark, now. The conductor" />
    <machine-print-line text="switched on the lights. The beleaguered passengers peered out of the windows. Little" />
    <machine-print-line text="to be seen, only a few lone stars, and the distant earth brooding in her shroud of" />
    <machine-print-line text="mist." />
  </machine-printed-part>
  <handwritten-part>
    <line ass="90" asx="0" asy="800" character-width="999" dss="90" dsx="0" dsy="923" fd0="13400" fd1="2146" fd2="-909" filter-width="4" id="m04-123-00" lbs="103" lbx="0" lby="878" segmentation="ok" slant="56000" stroke-width="6378" threshold="173" text="But disappointment awaited him. A" ubs="66" ubx="0" uby="852">
      <word id="m04-123-00-00" sentence-start="yes" tag="CC" text="But">
        <cmp x="345" y="800" width="173" height="87" />
        <cmp x="466" y="841" width="4" height="23" />
      </word>
      <word id="m04-123-00-01" tag="NN" text="disappointment">
        <cmp x="538" y="812" width="823" height="111" />
        <cmp x="621" y="813" width="9" height="17" />
        <cmp x="980" y="821" width="8" height="16" />
      </word>
      <word id="m04-123-00-02" tag="VBD" text="awaited">
        <cmp x="1399" y="810" width="407" height="71" />
        <cmp x="1647" y="829" width="5" height="11" />
        <cmp x="1653" y="821" width="6" height="5" />
      </word>
      <word id="m04-123-00-03" tag="PP3O" text="him">
        <cmp x="1808" y="807" width="210" height="85" />
        <cmp x="1917" y="815" width="8" height="15" />
      </word>
      <word id="m04-123-00-04" tag="." text=".">
        <cmp x="2040" y="876" width="14" height="11" />
      </word>
      <word id="m04-123-00-05" sentence-start="yes" tag="AT" text="A">
        <cmp x="2101" y="807" width="77" height="80" />
      </word>
      <lower-contour>
        <point x="343" y="923" />
        <point x="2179" y="923" />
      </lower-contour>
    </line>
    <line ass="93" asx="0" asy="982" character-width="999" dss="93" dsx="0" dsy="1096" fd0="13865" fd1="2239" fd2="-991" filter-width="4" id="m04-123-01" lbs="92" lbx="0" lby="1063" segmentation="ok" slant="62000" stroke-width="6624" threshold="171" text="restive queue of people in the bus station," ubs="93" ubx="0" uby="1027">
      <word id="m04-123-01-00" tag="JJ" text="restive">
        <cmp x="340" y="1000" width="293" height="61" />
        <cmp x="536" y="998" width="10" height="21" />
      </word>
      <word id="m04-123-01-01" tag="NN" text="queue">
        <cmp x="680" y="1015" width="256" height="72" />
      </word>
      <word id="m04-123-01-02" tag="INO" text="of">
        <cmp x="972" y="981" width="96" height="115" />
      </word>
      <word id="m04-123-01-03" tag="NNS" text="people">
        <cmp x="1091" y="996" width="302" height="98" />
      </word>
      <word id="m04-123-01-04" tag="IN" text="in">
        <cmp x="1419" y="1025" width="127" height="43" />
        <cmp x="1466" y="1002" width="7" height="18" />
      </word>
      <word id="m04-123-01-05" tag="ATI" text="the">
        <cmp x="1574" y="989" width="150" height="77" />
      </word>
      <word id="m04-123-01-06" tag="NN" text="bus">
        <cmp x="1750" y="985" width="65" height="76" />
        <cmp x="1816" y="1018" width="112" height="38" />
      </word>
      <word id="m04-123-01-07" tag="NN" text="station">
        <cmp x="1946" y="983" width="323" height="78" />
        <cmp x="2167" y="1005" width="7" height="14" />
      </word>
      <word id="m04-123-01-08" tag="," text=",">
        <cmp x="2280" y="1039" width="20" height="35" />
      </word>
      <upper-contour>
        <point x="343" y="923" />
        <point x="2179" y="923" />
      </upper-contour>
      <lower-contour>
        <point x="343" y="1096" />
        <point x="2262" y="1096" />
      </lower-contour>
    </line>
    <line ass="-499" asx="0" asy="1146" character-width="999" dss="-499" dsx="0" dsy="1286" fd0="13392" fd1="2285" fd2="-548" filter-width="4" id="m04-123-02" lbs="-501" lbx="0" lby="1223" segmentation="ok" slant="56000" stroke-width="6832" threshold="173" text="waiting to be transported to Dinas. And" ubs="-495" ubx="0" uby="1197">
      <word id="m04-123-02-00" tag="VBG" text="waiting">
        <cmp x="345" y="1167" width="390" height="126" />
        <cmp x="516" y="1180" width="11" height="15" />
        <cmp x="616" y="1182" width="8" height="16" />
      </word>
      <word id="m04-123-02-01" tag="TO" text="to">
        <cmp x="769" y="1167" width="109" height="74" />
      </word>
      <word id="m04-123-02-02" tag="BE" text="be">
        <cmp x="890" y="1159" width="104" height="81" />
      </word>
      <word id="m04-123-02-03" tag="VBN" text="transported">
        <cmp x="1030" y="1156" width="563" height="122" />
      </word>
      <word id="m04-123-02-04" tag="IN" text="to">
        <cmp x="1609" y="1178" width="105" height="59" />
      </word>
      <word id="m04-123-02-05" tag="NP" text="Dinas">
        <cmp x="1738" y="1177" width="276" height="68" />
        <cmp x="1856" y="1181" width="8" height="15" />
      </word>
      <word id="m04-123-02-06" tag="." text=".">
        <cmp x="2027" y="1228" width="15" height="14" />
      </word>
      <word id="m04-123-02-07" sentence-start="yes" tag="CC" text="And">
        <cmp x="2079" y="1163" width="182" height="83" />
      </word>
      <upper-contour>
        <point x="343" y="1096" />
        <point x="2262" y="1096" />
      </upper-contour>
      <lower-contour>
        <point x="347" y="1293" />
        <point x="2202" y="1293" />
      </lower-contour>
    </line>
    <line ass="-311" asx="0" asy="1330" character-width="999" dss="-311" dsx="0" dsy="1452" fd0="13215" fd1="1964" fd2="-1004" filter-width="4" id="m04-123-03" lbs="-311" lbx="0" lby="1407" segmentation="ok" slant="49000" stroke-width="6626" threshold="172" text="when he went to Morfydd&apos;s house, all" ubs="-313" ubx="0" uby="1377">
      <word id="m04-123-03-00" tag="WRB" text="when">
        <cmp x="349" y="1341" width="240" height="81" />
      </word>
      <word id="m04-123-03-01" tag="PP3A" text="he">
        <cmp x="612" y="1340" width="115" height="78" />
      </word>
      <word id="m04-123-03-02" tag="VBD" text="went">
        <cmp x="749" y="1351" width="266" height="65" />
      </word>
      <word id="m04-123-03-03" tag="IN" text="to">
        <cmp x="1027" y="1345" width="123" height="76" />
      </word>
      <word id="m04-123-03-04" tag="NP$" text="Morfydd&apos;s">
        <cmp x="1178" y="1338" width="420" height="123" />
        <cmp x="1614" y="1356" width="16" height="30" />
        <cmp x="1615" y="1394" width="52" height="27" />
      </word>
      <word id="m04-123-03-05" tag="NN" text="house">
        <cmp x="1696" y="1343" width="283" height="80" />
      </word>
      <word id="m04-123-03-06" tag="," text=",">
        <cmp x="1990" y="1404" width="19" height="28" />
      </word>
      <word id="m04-123-03-07" tag="ABN" text="all">
        <cmp x="2056" y="1349" width="145" height="71" />
      </word>
      <upper-contour>
        <point x="347" y="1293" />
        <point x="2202" y="1293" />
      </upper-contour>
      <lower-contour>
        <point x="347" y="1461" />
        <point x="2202" y="1461" />
      </lower-contour>
    </line>
    <line ass="130" asx="0" asy="1520" character-width="999" dss="130" dsx="0" dsy="1661" fd0="13342" fd1="2865" fd2="-694" filter-width="4" id="m04-123-04" lbs="88" lbx="0" lby="1602" segmentation="ok" slant="63000" stroke-width="6621" threshold="172" text="he found was Morfydd&apos;s mam, working" ubs="213" ubx="0" uby="1577">
      <word id="m04-123-04-00" tag="PP3A" text="he">
        <cmp x="337" y="1520" width="97" height="83" />
      </word>
      <word id="m04-123-04-01" tag="VBD" text="found">
        <cmp x="440" y="1524" width="334" height="112" />
      </word>
      <word id="m04-123-04-02" tag="BEDZ" text="was">
        <cmp x="794" y="1561" width="203" height="40" />
      </word>
      <word id="m04-123-04-03" tag="NP$" text="Morfydd&apos;s">
        <cmp x="1046" y="1517" width="392" height="123" />
        <cmp x="1460" y="1551" width="11" height="18" />
        <cmp x="1457" y="1575" width="48" height="27" />
      </word>
      <word id="m04-123-04-04" tag="NN" text="mam">
        <cmp x="1534" y="1569" width="254" height="37" />
      </word>
      <word id="m04-123-04-05" tag="," text=",">
        <cmp x="1810" y="1586" width="13" height="28" />
      </word>
      <word id="m04-123-04-06" tag="VBG" text="working">
        <cmp x="1858" y="1516" width="369" height="141" />
        <cmp x="2126" y="1535" width="9" height="19" />
      </word>
      <upper-contour>
        <point x="347" y="1461" />
        <point x="2202" y="1461" />
      </upper-contour>
      <lower-contour>
        <point x="337" y="1659" />
        <point x="2193" y="1659" />
      </lower-contour>
    </line>
    <line ass="-75" asx="0" asy="1697" character-width="999" dss="-75" dsx="0" dsy="1823" fd0="13510" fd1="2096" fd2="-1050" filter-width="4" id="m04-123-05" lbs="-58" lbx="0" lby="1777" segmentation="ok" slant="59999" stroke-width="6598" threshold="168" text="herself up proper... Getting dark, now." ubs="-110" ubx="0" uby="1750">
      <word id="m04-123-05-00" tag="PPL" text="herself">
        <cmp x="339" y="1698" width="314" height="113" />
      </word>
      <word id="m04-123-05-01" tag="RP" text="up">
        <cmp x="674" y="1733" width="135" height="78" />
      </word>
      <word id="m04-123-05-02" tag="JJ" text="proper">
        <cmp x="838" y="1734" width="316" height="84" />
      </word>
      <word id="m04-123-05-03" tag="..." text="...">
        <cmp x="1158" y="1771" width="14" height="11" />
        <cmp x="1193" y="1773" width="16" height="10" />
        <cmp x="1234" y="1775" width="10" height="9" />
      </word>
      <word id="m04-123-05-04" sentence-start="yes" tag="VBG" text="Getting">
        <cmp x="1286" y="1704" width="344" height="122" />
        <cmp x="1503" y="1722" width="9" height="26" />
      </word>
      <word id="m04-123-05-05" tag="JJ" text="dark">
        <cmp x="1662" y="1707" width="211" height="78" />
      </word>
      <word id="m04-123-05-06" tag="," text=",">
        <cmp x="1887" y="1766" width="17" height="29" />
      </word>
      <word id="m04-123-05-07" tag="RN" text="now">
        <cmp x="1947" y="1768" width="4" height="4" />
        <cmp x="1953" y="1746" width="232" height="34" />
      </word>
      <word id="m04-123-05-08" tag="." text=".">
        <cmp x="2180" y="1771" width="12" height="15" />
      </word>
      <upper-contour>
        <point x="337" y="1659" />
        <point x="2193" y="1659" />
      </upper-contour>
      <lower-contour>
        <point x="351" y="1826" />
        <point x="2142" y="1826" />
      </lower-contour>
    </line>
    <line ass="-124" asx="0" asy="1874" character-width="999" dss="-124" dsx="0" dsy="1992" fd0="12936" fd1="2032" fd2="-899" filter-width="4" id="m04-123-06" lbs="-45" lbx="0" lby="1952" segmentation="ok" slant="56000" stroke-width="6704" threshold="171" text="The conductor switched on the lights." ubs="-283" ubx="0" uby="1918">
      <word id="m04-123-06-00" sentence-start="yes" tag="ATI" text="The">
        <cmp x="353" y="1887" width="137" height="65" />
      </word>
      <word id="m04-123-06-01" tag="NN" text="conductor">
        <cmp x="530" y="1893" width="481" height="69" />
      </word>
      <word id="m04-123-06-02" tag="VBD" text="switched">
        <cmp x="1041" y="1892" width="448" height="68" />
        <cmp x="1231" y="1895" width="11" height="18" />
      </word>
      <word id="m04-123-06-03" tag="RP" text="on">
        <cmp x="1515" y="1914" width="125" height="44" />
      </word>
      <word id="m04-123-06-04" tag="ATI" text="the">
        <cmp x="1654" y="1888" width="143" height="70" />
      </word>
      <word id="m04-123-06-05" tag="NNS" text="lights">
        <cmp x="1828" y="1878" width="282" height="120" />
        <cmp x="1914" y="1885" width="22" height="15" />
      </word>
      <word id="m04-123-06-06" tag="." text=".">
        <cmp x="2128" y="1954" width="13" height="15" />
      </word>
      <upper-contour>
        <point x="351" y="1826" />
        <point x="2142" y="1826" />
      </upper-contour>
      <lower-contour>
        <point x="351" y="1998" />
        <point x="2142" y="1998" />
      </lower-contour>
    </line>
    <line ass="-483" asx="0" asy="2049" character-width="999" dss="-483" dsx="0" dsy="2171" fd0="13147" fd1="2714" fd2="-1137" filter-width="4" id="m04-123-07" lbs="-237" lbx="0" lby="2129" segmentation="ok" slant="62000" stroke-width="6610" threshold="171" text="The beleaguered passengers peered out of" ubs="-977" ubx="0" uby="2085">
      <word id="m04-123-07-00" sentence-start="yes" tag="ATI" text="The">
        <cmp x="353" y="2061" width="161" height="72" />
      </word>
      <word id="m04-123-07-01" tag="JJ" text="beleaguered">
        <cmp x="545" y="2054" width="519" height="116" />
      </word>
      <word id="m04-123-07-02" tag="NNS" text="passengers">
        <cmp x="1076" y="2097" width="483" height="81" />
      </word>
      <word id="m04-123-07-03" tag="VBD" text="peered">
        <cmp x="1584" y="2077" width="320" height="91" />
      </word>
      <word id="m04-123-07-04" tag="RP" text="out">
        <cmp x="1924" y="2081" width="139" height="53" />
      </word>
      <word id="m04-123-07-05" tag="INO" text="of">
        <cmp x="2096" y="2071" width="105" height="119" />
      </word>
      <upper-contour>
        <point x="351" y="1998" />
        <point x="2142" y="1998" />
      </upper-contour>
      <lower-contour>
        <point x="351" y="2191" />
        <point x="2179" y="2191" />
      </lower-contour>
    </line>
    <line ass="-135" asx="0" asy="2236" character-width="999" dss="-135" dsx="0" dsy="2355" fd0="13398" fd1="2190" fd2="-717" filter-width="4" id="m04-123-08" lbs="-46" lbx="0" lby="2310" segmentation="ok" slant="59999" stroke-width="6521" threshold="171" text="the windows. Little to be seen, only a" ubs="-314" ubx="0" uby="2277">
      <word id="m04-123-08-00" tag="ATI" text="the">
        <cmp x="336" y="2239" width="156" height="80" />
      </word>
      <word id="m04-123-08-01" tag="NNS" text="windows">
        <cmp x="514" y="2247" width="467" height="73" />
        <cmp x="648" y="2251" width="9" height="16" />
      </word>
      <word id="m04-123-08-02" tag="." text=".">
        <cmp x="995" y="2303" width="14" height="17" />
      </word>
      <word id="m04-123-08-03" sentence-start="yes" tag="AP" text="Little">
        <cmp x="1072" y="2239" width="232" height="80" />
        <cmp x="1156" y="2253" width="8" height="11" />
      </word>
      <word id="m04-123-08-04" tag="TO" text="to">
        <cmp x="1341" y="2244" width="114" height="73" />
      </word>
      <word id="m04-123-08-05" tag="BE" text="be">
        <cmp x="1459" y="2245" width="98" height="73" />
      </word>
      <word id="m04-123-08-06" tag="VBN" text="seen">
        <cmp x="1580" y="2274" width="221" height="45" />
      </word>
      <word id="m04-123-08-07" tag="," text=",">
        <cmp x="1821" y="2300" width="17" height="32" />
      </word>
      <word id="m04-123-08-08" tag="RB" text="only">
        <cmp x="1889" y="2248" width="201" height="113" />
      </word>
      <word id="m04-123-08-09" tag="AP21" text="a">
        <cmp x="2121" y="2283" width="57" height="34" />
      </word>
      <upper-contour>
        <point x="351" y="2191" />
        <point x="2179" y="2191" />
      </upper-contour>
      <lower-contour>
        <point x="334" y="2361" />
        <point x="2139" y="2361" />
      </lower-contour>
    </line>
    <line ass="120" asx="0" asy="2412" character-width="999" dss="120" dsx="0" dsy="2524" fd0="13628" fd1="2169" fd2="-615" filter-width="4" id="m04-123-09" lbs="176" lbx="0" lby="2493" segmentation="ok" slant="57000" stroke-width="6641" threshold="169" text="few lone stars, and the distant earth" ubs="9" ubx="0" uby="2463">
      <word id="m04-123-09-00" tag="AP22" text="few">
        <cmp x="327" y="2417" width="185" height="109" />
      </word>
      <word id="m04-123-09-01" tag="JJB" text="lone">
        <cmp x="548" y="2411" width="216" height="88" />
      </word>
      <word id="m04-123-09-02" tag="NNS" text="stars">
        <cmp x="797" y="2415" width="224" height="80" />
      </word>
      <word id="m04-123-09-03" tag="," text=",">
        <cmp x="1030" y="2471" width="24" height="33" />
      </word>
      <word id="m04-123-09-04" tag="CC" text="and">
        <cmp x="1091" y="2430" width="190" height="66" />
      </word>
      <word id="m04-123-09-05" tag="ATI" text="the">
        <cmp x="1292" y="2426" width="150" height="67" />
      </word>
      <word id="m04-123-09-06" tag="JJ" text="distant">
        <cmp x="1475" y="2423" width="382" height="74" />
        <cmp x="1485" y="2474" width="4" height="5" />
        <cmp x="1568" y="2423" width="13" height="20" />
      </word>
      <word id="m04-123-09-07" tag="NN" text="earth">
        <cmp x="1890" y="2428" width="248" height="68" />
      </word>
      <upper-contour>
        <point x="334" y="2361" />
        <point x="2139" y="2361" />
      </upper-contour>
      <lower-contour>
        <point x="333" y="2525" />
        <point x="1920" y="2525" />
      </lower-contour>
    </line>
    <line ass="-295" asx="0" asy="2591" character-width="999" dss="-295" dsx="0" dsy="2715" fd0="13205" fd1="3049" fd2="-243" filter-width="4" id="m04-123-10" lbs="-302" lbx="0" lby="2663" segmentation="ok" slant="64000" stroke-width="6676" threshold="169" text="brooding in her shroud of mist." ubs="-282" ubx="0" uby="2637">
      <word id="m04-123-10-00" tag="VBG" text="brooding">
        <cmp x="335" y="2593" width="150" height="83" />
        <cmp x="487" y="2602" width="304" height="118" />
        <cmp x="660" y="2617" width="8" height="20" />
      </word>
      <word id="m04-123-10-01" tag="IN" text="in">
        <cmp x="805" y="2634" width="116" height="37" />
        <cmp x="843" y="2612" width="9" height="14" />
      </word>
      <word id="m04-123-10-02" tag="PP$" text="her">
        <cmp x="950" y="2598" width="148" height="73" />
      </word>
      <word id="m04-123-10-03" tag="NN" text="shroud">
        <cmp x="1134" y="2602" width="331" height="74" />
      </word>
      <word id="m04-123-10-04" tag="INO" text="of">
        <cmp x="1507" y="2599" width="85" height="115" />
      </word>
      <word id="m04-123-10-05" tag="NN" text="mist">
        <cmp x="1651" y="2610" width="253" height="64" />
        <cmp x="1791" y="2613" width="10" height="15" />
      </word>
      <word id="m04-123-10-06" tag="." text=".">
        <cmp x="1909" y="2666" width="10" height="14" />
      </word>
      <upper-contour>
        <point x="333" y="2525" />
        <point x="1920" y="2525" />
      </upper-contour>
    </line>
  </handwritten-part>
</form>

