<?xml version="1.0" encoding="ISO-8859-1"?>

<!DOCTYPE form SYSTEM 'http://www.iam.unibe.ch/~fki/iamdb/form-metadata.dtd'>

<form created="2002-01-25" height="3542" id="m04-078" last-modified="2002-07-17" skew="63" status="final" version="3.0_beta" width="2479" writer-id="546">
  <machine-printed-part>
    <machine-print-line text="But even his imagination, luckily for him, did not visualise the awful truth - that" />
    <machine-print-line text="Morfyyd Owen was already qualifying for the title of &amp;quot;First Woman to Enter Space.&amp;quot;" />
    <machine-print-line text="&amp;quot;Where are we going, Mam?&amp;quot; inquired little Cadwallader when his child mind grasped" />
    <machine-print-line text="the fact that the green earth was falling away at a rate of knots." />
  </machine-printed-part>
  <handwritten-part>
    <line ass="-142" asx="0" asy="719" character-width="999" dss="-142" dsx="0" dsy="868" fd0="14497" fd1="3159" fd2="-494" filter-width="3" id="m04-078-00" lbs="-213" lbx="0" lby="804" segmentation="ok" slant="59999" stroke-width="5553" threshold="171" text="But even his imagination, luckily for him," ubs="-2" ubx="0" uby="784">
      <word id="m04-078-00-00" sentence-start="yes" tag="CC" text="But">
        <cmp x="333" y="728" width="64" height="94" />
        <cmp x="398" y="780" width="42" height="33" />
        <cmp x="447" y="737" width="29" height="80" />
      </word>
      <word id="m04-078-00-01" tag="RB" text="even">
        <cmp x="528" y="769" width="40" height="42" />
        <cmp x="578" y="779" width="34" height="42" />
        <cmp x="619" y="774" width="91" height="41" />
      </word>
      <word id="m04-078-00-02" tag="PP$" text="his">
        <cmp x="790" y="727" width="54" height="84" />
        <cmp x="842" y="790" width="10" height="21" />
        <cmp x="848" y="763" width="9" height="4" />
        <cmp x="857" y="779" width="23" height="36" />
      </word>
      <word id="m04-078-00-03" tag="NN" text="imagination">
        <cmp x="922" y="783" width="17" height="41" />
        <cmp x="933" y="764" width="12" height="6" />
        <cmp x="940" y="791" width="82" height="24" />
        <cmp x="1023" y="783" width="35" height="39" />
        <cmp x="1038" y="787" width="49" height="85" />
        <cmp x="1088" y="788" width="4" height="6" />
        <cmp x="1102" y="793" width="77" height="22" />
        <cmp x="1105" y="786" width="6" height="5" />
        <cmp x="1111" y="734" width="7" height="9" />
        <cmp x="1114" y="742" width="5" height="5" />
        <cmp x="1182" y="780" width="38" height="32" />
        <cmp x="1237" y="737" width="50" height="76" />
        <cmp x="1258" y="788" width="25" height="29" />
        <cmp x="1279" y="783" width="106" height="33" />
        <cmp x="1308" y="749" width="10" height="9" />
      </word>
      <word id="m04-078-00-04" tag="," text=",">
        <cmp x="1412" y="806" width="14" height="27" />
      </word>
      <word id="m04-078-00-05" tag="RB" text="luckily">
        <cmp x="1477" y="723" width="66" height="88" />
        <cmp x="1519" y="779" width="41" height="34" />
        <cmp x="1559" y="747" width="68" height="73" />
        <cmp x="1638" y="789" width="13" height="25" />
        <cmp x="1653" y="766" width="7" height="8" />
        <cmp x="1662" y="746" width="54" height="68" />
        <cmp x="1699" y="789" width="41" height="51" />
      </word>
      <word id="m04-078-00-06" tag="IN" text="for">
        <cmp x="1789" y="748" width="45" height="82" />
        <cmp x="1829" y="784" width="78" height="32" />
      </word>
      <word id="m04-078-00-07" tag="PP3O" text="him">
        <cmp x="1972" y="742" width="44" height="68" />
        <cmp x="2017" y="793" width="11" height="10" />
        <cmp x="2032" y="771" width="76" height="38" />
        <cmp x="2039" y="757" width="5" height="4" />
      </word>
      <word id="m04-078-00-08" tag="," text=",">
        <cmp x="2094" y="804" width="47" height="29" />
      </word>
      <lower-contour>
        <point x="339" y="872" />
        <point x="1995" y="872" />
      </lower-contour>
    </line>
    <line ass="93" asx="0" asy="906" character-width="999" dss="93" dsx="0" dsy="1011" fd0="14528" fd1="3219" fd2="-827" filter-width="3" id="m04-078-01" lbs="263" lbx="0" lby="996" segmentation="ok" slant="66000" stroke-width="5558" threshold="170" text="did not visualise the awful truth - that" ubs="-245" ubx="0" uby="951">
      <word id="m04-078-01-00" tag="DOD" text="did">
        <cmp x="341" y="955" width="32" height="45" />
        <cmp x="376" y="912" width="25" height="86" />
        <cmp x="397" y="975" width="11" height="18" />
        <cmp x="398" y="906" width="6" height="4" />
        <cmp x="405" y="946" width="7" height="6" />
        <cmp x="414" y="963" width="24" height="33" />
        <cmp x="444" y="912" width="31" height="81" />
      </word>
      <word id="m04-078-01-01" tag="XNOT" text="not">
        <cmp x="496" y="956" width="65" height="34" />
        <cmp x="560" y="948" width="30" height="42" />
        <cmp x="596" y="911" width="37" height="69" />
      </word>
      <word id="m04-078-01-02" tag="VB" text="visualise">
        <cmp x="696" y="959" width="26" height="35" />
        <cmp x="701" y="953" width="5" height="5" />
        <cmp x="723" y="968" width="4" height="4" />
        <cmp x="737" y="962" width="11" height="28" />
        <cmp x="745" y="942" width="10" height="5" />
        <cmp x="751" y="945" width="37" height="49" />
        <cmp x="791" y="959" width="42" height="33" />
        <cmp x="837" y="910" width="90" height="81" />
        <cmp x="912" y="953" width="42" height="38" />
        <cmp x="929" y="944" width="8" height="6" />
        <cmp x="953" y="951" width="36" height="43" />
        <cmp x="985" y="991" width="4" height="3" />
      </word>
      <word id="m04-078-01-03" tag="ATI" text="the">
        <cmp x="1045" y="918" width="47" height="85" />
        <cmp x="1086" y="935" width="68" height="67" />
        <cmp x="1108" y="931" width="7" height="3" />
      </word>
      <word id="m04-078-01-04" tag="JJ" text="awful">
        <cmp x="1215" y="953" width="52" height="44" />
        <cmp x="1265" y="950" width="52" height="45" />
        <cmp x="1312" y="904" width="68" height="106" />
        <cmp x="1387" y="911" width="54" height="81" />
      </word>
      <word id="m04-078-01-05" tag="NN" text="truth">
        <cmp x="1490" y="910" width="44" height="90" />
        <cmp x="1517" y="960" width="60" height="24" />
        <cmp x="1577" y="955" width="46" height="34" />
        <cmp x="1632" y="916" width="33" height="68" />
        <cmp x="1659" y="929" width="34" height="70" />
      </word>
      <word id="m04-078-01-06" tag="*-" text="-">
        <cmp x="1736" y="964" width="32" height="8" />
      </word>
      <word id="m04-078-01-07" tag="CS" text="that">
        <cmp x="1825" y="916" width="36" height="72" />
        <cmp x="1857" y="911" width="7" height="7" />
        <cmp x="1863" y="926" width="45" height="63" />
        <cmp x="1905" y="966" width="35" height="29" />
        <cmp x="1929" y="972" width="4" height="3" />
        <cmp x="1952" y="964" width="3" height="14" />
        <cmp x="1953" y="926" width="41" height="72" />
      </word>
      <upper-contour>
        <point x="339" y="872" />
        <point x="1995" y="872" />
      </upper-contour>
      <lower-contour>
        <point x="339" y="1010" />
        <point x="1995" y="1010" />
      </lower-contour>
    </line>
    <line ass="34" asx="0" asy="1079" character-width="999" dss="34" dsx="0" dsy="1242" fd0="14511" fd1="2939" fd2="-1018" filter-width="3" id="m04-078-02" lbs="80" lbx="0" lby="1173" segmentation="ok" slant="63000" stroke-width="5664" threshold="171" text="Morfyyd Owen was already qualifying for" ubs="-56" ubx="0" uby="1142">
      <word id="m04-078-02-00" tag="NP" text="Morfyyd">
        <cmp x="337" y="1099" width="63" height="71" />
        <cmp x="392" y="1135" width="73" height="41" />
        <cmp x="465" y="1103" width="34" height="95" />
        <cmp x="504" y="1146" width="15" height="18" />
        <cmp x="511" y="1142" width="25" height="49" />
        <cmp x="546" y="1151" width="21" height="16" />
        <cmp x="557" y="1148" width="36" height="61" />
        <cmp x="600" y="1086" width="63" height="90" />
      </word>
      <word id="m04-078-02-01" tag="NP" text="Owen">
        <cmp x="724" y="1092" width="55" height="71" />
        <cmp x="772" y="1124" width="57" height="43" />
        <cmp x="824" y="1125" width="30" height="44" />
        <cmp x="839" y="1162" width="5" height="4" />
        <cmp x="861" y="1145" width="37" height="29" />
      </word>
      <word id="m04-078-02-02" tag="BEDZ" text="was">
        <cmp x="959" y="1125" width="56" height="49" />
        <cmp x="1008" y="1134" width="44" height="37" />
        <cmp x="1048" y="1130" width="36" height="47" />
      </word>
      <word id="m04-078-02-03" tag="RB" text="already">
        <cmp x="1158" y="1120" width="47" height="51" />
        <cmp x="1213" y="1085" width="55" height="88" />
        <cmp x="1238" y="1145" width="53" height="23" />
        <cmp x="1307" y="1127" width="37" height="40" />
        <cmp x="1340" y="1136" width="47" height="31" />
        <cmp x="1384" y="1099" width="54" height="72" />
        <cmp x="1427" y="1132" width="45" height="62" />
        <cmp x="1434" y="1126" width="11" height="33" />
      </word>
      <word id="m04-078-02-04" tag="VBG" text="qualifying">
        <cmp x="1533" y="1126" width="111" height="71" />
        <cmp x="1608" y="1133" width="10" height="5" />
        <cmp x="1639" y="1079" width="104" height="91" />
        <cmp x="1714" y="1151" width="14" height="25" />
        <cmp x="1729" y="1078" width="70" height="122" />
        <cmp x="1737" y="1121" width="8" height="6" />
        <cmp x="1773" y="1137" width="51" height="60" />
        <cmp x="1783" y="1137" width="5" height="3" />
        <cmp x="1823" y="1148" width="79" height="25" />
        <cmp x="1848" y="1111" width="12" height="10" />
        <cmp x="1872" y="1177" width="51" height="65" />
        <cmp x="1911" y="1134" width="31" height="74" />
      </word>
      <word id="m04-078-02-05" tag="IN" text="for">
        <cmp x="1984" y="1095" width="54" height="110" />
        <cmp x="2026" y="1142" width="114" height="36" />
      </word>
      <upper-contour>
        <point x="339" y="1010" />
        <point x="1995" y="1010" />
      </upper-contour>
      <lower-contour>
        <point x="337" y="1242" />
        <point x="2143" y="1242" />
      </lower-contour>
    </line>
    <line ass="473" asx="0" asy="1269" character-width="999" dss="473" dsx="0" dsy="1395" fd0="14223" fd1="3000" fd2="-663" filter-width="3" id="m04-078-03" lbs="596" lbx="0" lby="1357" segmentation="err" slant="71000" stroke-width="5463" threshold="172" text="the title of &amp;quot;First Woman to Enter Space.&amp;quot;" ubs="228" ubx="0" uby="1324">
      <word id="m04-078-03-00" tag="ATI" text="the">
        <cmp x="339" y="1273" width="27" height="88" />
        <cmp x="369" y="1287" width="66" height="74" />
        <cmp x="432" y="1358" width="3" height="3" />
      </word>
      <word id="m04-078-03-01" tag="NN" text="title">
        <cmp x="535" y="1277" width="39" height="78" />
        <cmp x="575" y="1326" width="15" height="15" />
        <cmp x="592" y="1299" width="8" height="5" />
        <cmp x="607" y="1275" width="93" height="85" />
      </word>
      <word id="m04-078-03-02" tag="INO" text="of">
        <cmp x="771" y="1311" width="46" height="46" />
        <cmp x="818" y="1268" width="47" height="114" />
      </word>
      <word id="m04-078-03-03" tag="*&apos;" text="&quot;">
        <cmp x="934" y="1262" width="16" height="36" />
        <cmp x="948" y="1269" width="18" height="38" />
      </word>
      <word id="m04-078-03-04" tag="OD" text="First">
        <cmp x="970" y="1291" width="48" height="74" />
        <cmp x="977" y="1279" width="61" height="13" />
        <cmp x="1018" y="1330" width="61" height="27" />
        <cmp x="1037" y="1299" width="11" height="7" />
        <cmp x="1039" y="1280" width="10" height="4" />
        <cmp x="1083" y="1314" width="25" height="40" />
        <cmp x="1119" y="1277" width="30" height="68" />
      </word>
      <word id="m04-078-03-05" tag="NN" text="Woman">
        <cmp x="1218" y="1268" width="74" height="87" />
        <cmp x="1274" y="1318" width="44" height="41" />
        <cmp x="1318" y="1327" width="110" height="34" />
        <cmp x="1420" y="1329" width="5" height="6" />
        <cmp x="1432" y="1331" width="51" height="26" />
      </word>
      <word id="m04-078-03-06" tag="TO" text="to">
        <cmp x="1534" y="1262" width="42" height="88" />
        <cmp x="1574" y="1307" width="43" height="43" />
      </word>
      <word id="m04-078-03-07" tag="VB" text="Enter">
        <cmp x="1660" y="1283" width="118" height="71" />
        <cmp x="1712" y="1281" width="35" height="12" />
        <cmp x="1779" y="1281" width="101" height="69" />
      </word>
      <word id="m04-078-03-08" tag="NN" text="Space">
        <cmp x="1910" y="1281" width="90" height="99" />
        <cmp x="2000" y="1322" width="40" height="29" />
        <cmp x="2038" y="1320" width="33" height="31" />
        <cmp x="2074" y="1306" width="42" height="50" />
        <cmp x="2114" y="1334" width="7" height="4" />
      </word>
      <word id="m04-078-03-09" tag="." text=".">
        <cmp x="2159" y="1262" width="20" height="26" />
      </word>
      <word id="m04-078-03-10" tag="**&apos;" text="&quot;">
        <cmp x="2178" y="1266" width="16" height="22" />
      </word>
      <upper-contour>
        <point x="337" y="1242" />
        <point x="2143" y="1242" />
      </upper-contour>
      <lower-contour>
        <point x="337" y="1382" />
        <point x="2195" y="1382" />
      </lower-contour>
    </line>
    <line ass="410" asx="0" asy="1437" character-width="999" dss="410" dsx="0" dsy="1607" fd0="14420" fd1="2783" fd2="-809" filter-width="3" id="m04-078-04" lbs="332" lbx="0" lby="1526" segmentation="err" slant="65000" stroke-width="5647" threshold="170" text="&amp;quot;Where are we going, Mam?&amp;quot; inquired little" ubs="565" ubx="0" uby="1510">
      <word id="m04-078-04-00" sentence-start="yes" tag="*&apos;" text="&quot;">
        <cmp x="337" y="1436" width="17" height="34" />
        <cmp x="351" y="1440" width="16" height="37" />
      </word>
      <word id="m04-078-04-01" tag="WRB" text="Where">
        <cmp x="365" y="1448" width="70" height="87" />
        <cmp x="428" y="1463" width="30" height="68" />
        <cmp x="465" y="1486" width="72" height="37" />
        <cmp x="540" y="1490" width="33" height="41" />
      </word>
      <word id="m04-078-04-02" tag="BER" text="are">
        <cmp x="629" y="1491" width="89" height="43" />
        <cmp x="730" y="1486" width="36" height="46" />
      </word>
      <word id="m04-078-04-03" tag="PP1AS" text="we">
        <cmp x="795" y="1485" width="61" height="52" />
        <cmp x="856" y="1489" width="38" height="46" />
      </word>
      <word id="m04-078-04-04" tag="VBG" text="going">
        <cmp x="934" y="1490" width="57" height="102" />
        <cmp x="998" y="1496" width="41" height="41" />
        <cmp x="1038" y="1502" width="15" height="28" />
        <cmp x="1055" y="1478" width="7" height="6" />
        <cmp x="1063" y="1504" width="51" height="27" />
        <cmp x="1085" y="1494" width="59" height="106" />
      </word>
      <word id="m04-078-04-05" tag="," text=",">
        <cmp x="1192" y="1504" width="18" height="37" />
      </word>
      <word id="m04-078-04-06" tag="NPT" text="Mam">
        <cmp x="1246" y="1461" width="82" height="81" />
        <cmp x="1312" y="1501" width="43" height="35" />
        <cmp x="1356" y="1508" width="83" height="22" />
        <cmp x="1452" y="1467" width="36" height="61" />
        <cmp x="1458" y="1542" width="10" height="4" />
      </word>
      <word id="m04-078-04-07" tag="?" text="?">
        <cmp x="1534" y="1438" width="12" height="18" />
        <cmp x="1542" y="1444" width="14" height="25" />
      </word>
      <word id="m04-078-04-08" tag="**&apos;" text="&quot;">
        <cmp x="1603" y="1501" width="16" height="24" />
      </word>
      <word id="m04-078-04-09" tag="VBD" text="inquired">
        <cmp x="1609" y="1476" width="11" height="6" />
        <cmp x="1621" y="1497" width="50" height="28" />
        <cmp x="1674" y="1488" width="42" height="105" />
        <cmp x="1732" y="1499" width="42" height="35" />
        <cmp x="1780" y="1497" width="42" height="34" />
        <cmp x="1816" y="1468" width="10" height="10" />
        <cmp x="1830" y="1487" width="78" height="37" />
        <cmp x="1913" y="1460" width="65" height="68" />
      </word>
      <word id="m04-078-04-10" tag="JJ" text="little">
        <cmp x="2029" y="1436" width="57" height="91" />
        <cmp x="2071" y="1502" width="12" height="19" />
        <cmp x="2087" y="1469" width="13" height="11" />
        <cmp x="2089" y="1457" width="111" height="77" />
        <cmp x="2182" y="1484" width="36" height="53" />
      </word>
      <upper-contour>
        <point x="337" y="1382" />
        <point x="2195" y="1382" />
      </upper-contour>
      <lower-contour>
        <point x="335" y="1601" />
        <point x="2173" y="1601" />
      </lower-contour>
    </line>
    <line ass="189" asx="0" asy="1621" character-width="999" dss="189" dsx="0" dsy="1779" fd0="14442" fd1="2613" fd2="-1524" filter-width="4" id="m04-078-05" lbs="131" lbx="0" lby="1708" segmentation="ok" slant="63000" stroke-width="5797" threshold="168" text="Cadwallader when his child mind grasped" ubs="306" ubx="0" uby="1681">
      <word id="m04-078-05-00" tag="NP" text="Cadwallader">
        <cmp x="332" y="1627" width="62" height="90" />
        <cmp x="380" y="1674" width="55" height="40" />
        <cmp x="437" y="1638" width="56" height="83" />
        <cmp x="489" y="1631" width="10" height="7" />
        <cmp x="493" y="1670" width="93" height="47" />
        <cmp x="602" y="1629" width="86" height="84" />
        <cmp x="655" y="1678" width="44" height="33" />
        <cmp x="701" y="1629" width="74" height="83" />
        <cmp x="760" y="1658" width="42" height="47" />
        <cmp x="798" y="1672" width="68" height="25" />
      </word>
      <word id="m04-078-05-01" tag="WRB" text="when">
        <cmp x="934" y="1630" width="103" height="88" />
        <cmp x="1046" y="1667" width="85" height="42" />
      </word>
      <word id="m04-078-05-02" tag="PP$" text="his">
        <cmp x="1195" y="1624" width="58" height="87" />
        <cmp x="1256" y="1683" width="16" height="20" />
        <cmp x="1267" y="1660" width="13" height="7" />
        <cmp x="1275" y="1674" width="26" height="36" />
      </word>
      <word id="m04-078-05-03" tag="NN" text="child">
        <cmp x="1366" y="1617" width="85" height="94" />
        <cmp x="1443" y="1687" width="17" height="22" />
        <cmp x="1465" y="1662" width="8" height="5" />
        <cmp x="1467" y="1626" width="66" height="81" />
        <cmp x="1497" y="1638" width="61" height="72" />
      </word>
      <word id="m04-078-05-04" tag="NN" text="mind">
        <cmp x="1612" y="1656" width="79" height="50" />
        <cmp x="1685" y="1680" width="59" height="25" />
        <cmp x="1710" y="1651" width="11" height="4" />
        <cmp x="1749" y="1629" width="70" height="79" />
      </word>
      <word id="m04-078-05-05" tag="VBD" text="grasped">
        <cmp x="1852" y="1661" width="118" height="113" />
        <cmp x="1969" y="1669" width="40" height="35" />
        <cmp x="2012" y="1659" width="42" height="43" />
        <cmp x="2027" y="1668" width="51" height="80" />
        <cmp x="2086" y="1657" width="48" height="51" />
        <cmp x="2133" y="1635" width="39" height="85" />
      </word>
      <upper-contour>
        <point x="335" y="1601" />
        <point x="2173" y="1601" />
      </upper-contour>
      <lower-contour>
        <point x="349" y="1774" />
        <point x="2122" y="1774" />
      </lower-contour>
    </line>
    <line ass="503" asx="0" asy="1806" character-width="999" dss="503" dsx="0" dsy="1969" fd0="14156" fd1="2756" fd2="-853" filter-width="4" id="m04-078-06" lbs="673" lbx="0" lby="1902" segmentation="ok" slant="65000" stroke-width="5758" threshold="168" text="the fact that the green earth was falling" ubs="163" ubx="0" uby="1856">
      <word id="m04-078-06-00" tag="ATI" text="the">
        <cmp x="351" y="1817" width="35" height="73" />
        <cmp x="383" y="1819" width="58" height="74" />
      </word>
      <word id="m04-078-06-01" tag="NN" text="fact">
        <cmp x="489" y="1804" width="60" height="131" />
        <cmp x="535" y="1856" width="39" height="38" />
        <cmp x="550" y="1802" width="5" height="7" />
        <cmp x="572" y="1862" width="32" height="30" />
        <cmp x="609" y="1811" width="31" height="79" />
      </word>
      <word id="m04-078-06-02" tag="CS" text="that">
        <cmp x="705" y="1818" width="34" height="66" />
        <cmp x="741" y="1815" width="65" height="76" />
        <cmp x="819" y="1800" width="43" height="99" />
      </word>
      <word id="m04-078-06-03" tag="ATI" text="the">
        <cmp x="931" y="1808" width="39" height="79" />
        <cmp x="963" y="1816" width="58" height="68" />
      </word>
      <word id="m04-078-06-04" tag="JJ" text="green">
        <cmp x="1066" y="1846" width="108" height="96" />
        <cmp x="1168" y="1841" width="69" height="47" />
        <cmp x="1229" y="1853" width="48" height="36" />
      </word>
      <word id="m04-078-06-05" tag="NN" text="earth">
        <cmp x="1339" y="1834" width="50" height="51" />
        <cmp x="1372" y="1851" width="97" height="39" />
        <cmp x="1484" y="1807" width="46" height="78" />
        <cmp x="1525" y="1812" width="37" height="72" />
      </word>
      <word id="m04-078-06-06" tag="BEDZ" text="was">
        <cmp x="1629" y="1849" width="58" height="41" />
        <cmp x="1697" y="1851" width="48" height="37" />
        <cmp x="1745" y="1846" width="30" height="43" />
      </word>
      <word id="m04-078-06-07" tag="VBG" text="falling">
        <cmp x="1831" y="1792" width="65" height="138" />
        <cmp x="1868" y="1860" width="46" height="34" />
        <cmp x="1922" y="1864" width="18" height="19" />
        <cmp x="1941" y="1834" width="13" height="6" />
        <cmp x="1946" y="1792" width="70" height="89" />
        <cmp x="1993" y="1860" width="15" height="16" />
        <cmp x="2005" y="1833" width="10" height="7" />
        <cmp x="2016" y="1850" width="105" height="103" />
      </word>
      <upper-contour>
        <point x="349" y="1774" />
        <point x="2122" y="1774" />
      </upper-contour>
      <lower-contour>
        <point x="349" y="1942" />
        <point x="1635" y="1942" />
      </lower-contour>
    </line>
    <line ass="20" asx="0" asy="1984" character-width="999" dss="20" dsx="0" dsy="2107" fd0="14199" fd1="3117" fd2="-318" filter-width="4" id="m04-078-07" lbs="79" lbx="0" lby="2068" segmentation="ok" slant="66000" stroke-width="5745" threshold="168" text="away at a rate of knots." ubs="-98" ubx="0" uby="2033">
      <word id="m04-078-07-00" tag="RP" text="away">
        <cmp x="342" y="2033" width="52" height="45" />
        <cmp x="403" y="2026" width="49" height="47" />
        <cmp x="457" y="2038" width="54" height="35" />
        <cmp x="513" y="2032" width="62" height="74" />
        <cmp x="534" y="2039" width="11" height="16" />
      </word>
      <word id="m04-078-07-01" tag="IN" text="at">
        <cmp x="639" y="2027" width="47" height="41" />
        <cmp x="700" y="1989" width="42" height="78" />
      </word>
      <word id="m04-078-07-02" tag="AT" text="a">
        <cmp x="797" y="2026" width="49" height="38" />
      </word>
      <word id="m04-078-07-03" tag="NN" text="rate">
        <cmp x="905" y="2030" width="62" height="26" />
        <cmp x="969" y="2031" width="49" height="32" />
        <cmp x="1028" y="1987" width="65" height="88" />
      </word>
      <word id="m04-078-07-04" tag="INO" text="of">
        <cmp x="1207" y="2030" width="47" height="48" />
        <cmp x="1255" y="1989" width="54" height="117" />
      </word>
      <word id="m04-078-07-05" tag="NNS" text="knots">
        <cmp x="1385" y="1985" width="48" height="81" />
        <cmp x="1430" y="2037" width="52" height="31" />
        <cmp x="1439" y="2030" width="7" height="6" />
        <cmp x="1489" y="2030" width="40" height="36" />
        <cmp x="1525" y="1985" width="40" height="93" />
        <cmp x="1553" y="2026" width="48" height="44" />
      </word>
      <word id="m04-078-07-06" tag="." text=".">
        <cmp x="1626" y="2049" width="8" height="8" />
      </word>
      <upper-contour>
        <point x="349" y="1942" />
        <point x="1635" y="1942" />
      </upper-contour>
    </line>
  </handwritten-part>
</form>

