<?xml version="1.0" encoding="ISO-8859-1"?>

<!DOCTYPE form SYSTEM 'http://www.iam.unibe.ch/~fki/iamdb/form-metadata.dtd'>

<form created="2002-01-25" height="3542" id="m04-043" last-modified="2002-07-25" skew="63" status="final" version="3.0_beta" width="2479" writer-id="545">
  <machine-printed-part>
    <machine-print-line text="&quot;Left here all right,&quot; said Ifor. &quot;Two-thirty-five, on the dot.&quot; &quot;It&apos;s supposed to leave" />
    <machine-print-line text="at two-twenty.&quot; &quot;Who says so?&quot; &quot;Your timetable.&quot; &quot;Don&apos;t want to take too much" />
    <machine-print-line text="notice of those old timetables,&quot; Ifor said, reasonably. &quot;Start running punctual and" />
    <machine-print-line text="where are you? People get left behind, isn&apos;t it? Very exasperating for one and all.&quot;" />
  </machine-printed-part>
  <handwritten-part>
    <line ass="-390" asx="0" asy="780" character-width="999" dss="-390" dsx="0" dsy="941" fd0="12985" fd1="2768" fd2="-781" filter-width="4" id="m04-043-00" lbs="-307" lbx="0" lby="876" segmentation="err" slant="107000" stroke-width="6118" threshold="181" text="&quot;Left here all right,&quot; said Ifor. &quot;Two-thirty-five, on the dot.&quot; &quot;It&apos;s" ubs="-554" ubx="0" uby="847">
      <word id="m04-043-00-00" sentence-start="yes" tag="*&apos;" text="&quot;">
        <cmp x="302" y="788" width="11" height="22" />
        <cmp x="322" y="796" width="86" height="101" />
      </word>
      <word id="m04-043-00-01" tag="VBD" text="Left">
        <cmp x="417" y="807" width="93" height="72" />
      </word>
      <word id="m04-043-00-02" tag="RN" text="here">
        <cmp x="536" y="786" width="64" height="80" />
      </word>
      <word id="m04-043-00-03" tag="RB21" text="all">
        <cmp x="618" y="785" width="100" height="123" />
        <cmp x="644" y="820" width="7" height="5" />
        <cmp x="737" y="866" width="9" height="24" />
      </word>
      <word id="m04-043-00-04" tag="RB22" text="right">
        <cmp x="746" y="798" width="13" height="23" />
        <cmp x="791" y="806" width="98" height="77" />
      </word>
      <word id="m04-043-00-05" tag="," text=",">
        <cmp x="822" y="814" width="6" height="12" />
      </word>
      <word id="m04-043-00-06" tag="**&apos;" text="&quot;" />
      <word id="m04-043-00-07" tag="VBD" text="said">
        <cmp x="914" y="806" width="85" height="95" />
      </word>
      <word id="m04-043-00-08" tag="NP" text="Ifor">
        <cmp x="1026" y="869" width="7" height="16" />
        <cmp x="1045" y="810" width="8" height="18" />
      </word>
      <word id="m04-043-00-09" tag="." text=".">
        <cmp x="1055" y="814" width="7" height="22" />
      </word>
      <word id="m04-043-00-10" sentence-start="yes" tag="*&apos;" text="&quot;" />
      <word id="m04-043-00-11" tag="CD" text="Two-thirty-five">
        <cmp x="1091" y="822" width="99" height="76" />
        <cmp x="1209" y="887" width="17" height="7" />
        <cmp x="1237" y="811" width="148" height="140" />
        <cmp x="1307" y="835" width="7" height="11" />
        <cmp x="1390" y="865" width="21" height="7" />
        <cmp x="1419" y="803" width="56" height="119" />
        <cmp x="1473" y="854" width="40" height="38" />
        <cmp x="1475" y="833" width="11" height="15" />
      </word>
      <word id="m04-043-00-12" tag="," text=",">
        <cmp x="1527" y="886" width="10" height="28" />
      </word>
      <word id="m04-043-00-13" tag="IN" text="on">
        <cmp x="1561" y="870" width="59" height="28" />
      </word>
      <word id="m04-043-00-14" tag="ATI" text="the">
        <cmp x="1620" y="805" width="76" height="99" />
      </word>
      <word id="m04-043-00-15" tag="NN" text="dot">
        <cmp x="1722" y="816" width="81" height="80" />
      </word>
      <word id="m04-043-00-16" tag="." text=".">
        <cmp x="1819" y="888" width="8" height="13" />
      </word>
      <word id="m04-043-00-17" tag="**&apos;" text="&quot;">
        <cmp x="1836" y="829" width="6" height="19" />
        <cmp x="1843" y="822" width="6" height="20" />
      </word>
      <word id="m04-043-00-18" sentence-start="yes" tag="*&apos;" text="&quot;">
        <cmp x="1874" y="842" width="7" height="17" />
        <cmp x="1882" y="843" width="7" height="21" />
      </word>
      <word id="m04-043-00-19" tag="PP3" text="It">
        <cmp x="1906" y="839" width="54" height="80" />
      </word>
      <word id="m04-043-00-20" tag="BEZ" text="&apos;s">
        <cmp x="1968" y="838" width="9" height="21" />
        <cmp x="1988" y="895" width="29" height="29" />
      </word>
      <lower-contour>
        <point x="317" y="941" />
        <point x="1369" y="951" />
        <point x="2017" y="951" />
      </lower-contour>
    </line>
    <line ass="-47" asx="0" asy="943" character-width="999" dss="-47" dsx="0" dsy="1106" fd0="13151" fd1="2730" fd2="-758" filter-width="4" id="m04-043-01" lbs="-95" lbx="0" lby="1036" segmentation="err" slant="108000" stroke-width="6084" threshold="180" text="supposed to leave at two-twenty.&quot; &quot;Who says so?&quot; &quot;Your timetable.&quot;" ubs="49" ubx="0" uby="1008">
      <word id="m04-043-01-00" tag="VBN" text="supposed">
        <cmp x="319" y="946" width="207" height="123" />
      </word>
      <word id="m04-043-01-01" tag="TO" text="to">
        <cmp x="542" y="964" width="64" height="76" />
      </word>
      <word id="m04-043-01-02" tag="VB" text="leave">
        <cmp x="624" y="966" width="113" height="75" />
      </word>
      <word id="m04-043-01-03" tag="IN" text="at">
        <cmp x="771" y="945" width="46" height="91" />
      </word>
      <word id="m04-043-01-04" tag="CD" text="two-twenty">
        <cmp x="850" y="953" width="115" height="88" />
        <cmp x="969" y="1018" width="18" height="6" />
        <cmp x="991" y="964" width="163" height="144" />
        <cmp x="1161" y="1039" width="12" height="17" />
        <cmp x="1174" y="977" width="6" height="17" />
        <cmp x="1181" y="979" width="7" height="18" />
        <cmp x="1213" y="978" width="9" height="17" />
        <cmp x="1221" y="977" width="7" height="19" />
        <cmp x="1244" y="986" width="63" height="71" />
      </word>
      <word id="m04-043-01-05" tag="." text=".">
        <cmp x="1305" y="986" width="108" height="69" />
      </word>
      <word id="m04-043-01-06" tag="**&apos;" text="&quot;" />
      <word id="m04-043-01-07" sentence-start="yes" tag="*&apos;" text="&quot;" />
      <word id="m04-043-01-08" tag="WP" text="Who">
        <cmp x="1446" y="1024" width="95" height="79" />
      </word>
      <word id="m04-043-01-09" tag="VBZ" text="says">
        <cmp x="1574" y="1025" width="42" height="33" />
      </word>
      <word id="m04-043-01-10" tag="PN" text="so">
        <cmp x="1622" y="983" width="26" height="47" />
        <cmp x="1650" y="1052" width="6" height="12" />
      </word>
      <word id="m04-043-01-11" tag="?" text="?">
        <cmp x="1661" y="974" width="16" height="21" />
      </word>
      <word id="m04-043-01-12" tag="**&apos;" text="&quot;" />
      <word id="m04-043-01-13" sentence-start="yes" tag="*&apos;" text="&quot;">
        <cmp x="1706" y="984" width="9" height="25" />
      </word>
      <word id="m04-043-01-14" tag="PP$" text="Your">
        <cmp x="1716" y="987" width="8" height="15" />
        <cmp x="1732" y="1013" width="102" height="86" />
      </word>
      <word id="m04-043-01-15" tag="NN" text="timetable">
        <cmp x="1861" y="967" width="232" height="100" />
        <cmp x="1926" y="988" width="8" height="11" />
      </word>
      <word id="m04-043-01-16" tag="." text=".">
        <cmp x="2116" y="1056" width="6" height="17" />
      </word>
      <word id="m04-043-01-17" tag="**&apos;" text="&quot;">
        <cmp x="2125" y="973" width="5" height="16" />
        <cmp x="2132" y="985" width="8" height="23" />
      </word>
      <upper-contour>
        <point x="317" y="941" />
        <point x="1369" y="951" />
        <point x="2017" y="951" />
      </upper-contour>
      <lower-contour>
        <point x="317" y="1106" />
        <point x="1142" y="1108" />
        <point x="1314" y="1103" />
        <point x="2141" y="1103" />
      </lower-contour>
    </line>
    <line ass="-621" asx="0" asy="1090" character-width="999" dss="-621" dsx="0" dsy="1216" fd0="12945" fd1="2716" fd2="-938" filter-width="4" id="m04-043-02" lbs="-581" lbx="0" lby="1185" segmentation="err" slant="103000" stroke-width="6146" threshold="180" text="&quot;Don&apos;t want to take too much notice of those old timetables,&quot; Ifor said," ubs="-701" ubx="0" uby="1151">
      <word id="m04-043-02-00" sentence-start="yes" tag="*&apos;" text="&quot;">
        <cmp x="300" y="1131" width="5" height="19" />
      </word>
      <word id="m04-043-02-01" tag="DOX" text="Don&apos;t">
        <cmp x="312" y="1137" width="6" height="19" />
        <cmp x="334" y="1163" width="102" height="38" />
        <cmp x="440" y="1128" width="5" height="22" />
        <cmp x="450" y="1134" width="30" height="70" />
      </word>
      <word id="m04-043-02-02" tag="VB" text="want">
        <cmp x="507" y="1124" width="107" height="84" />
      </word>
      <word id="m04-043-02-03" tag="TO" text="to">
        <cmp x="629" y="1127" width="55" height="74" />
      </word>
      <word id="m04-043-02-04" tag="VB" text="take">
        <cmp x="697" y="1108" width="127" height="96" />
      </word>
      <word id="m04-043-02-05" tag="QL" text="too">
        <cmp x="856" y="1125" width="93" height="79" />
      </word>
      <word id="m04-043-02-06" tag="AP" text="much">
        <cmp x="966" y="1121" width="135" height="87" />
      </word>
      <word id="m04-043-02-07" tag="NN" text="notice">
        <cmp x="1129" y="1122" width="140" height="82" />
        <cmp x="1201" y="1160" width="5" height="7" />
        <cmp x="1233" y="1149" width="17" height="11" />
      </word>
      <word id="m04-043-02-08" tag="INO" text="of">
        <cmp x="1301" y="1108" width="50" height="109" />
      </word>
      <word id="m04-043-02-09" tag="DTS" text="those">
        <cmp x="1367" y="1118" width="105" height="81" />
      </word>
      <word id="m04-043-02-10" tag="JJ" text="old">
        <cmp x="1524" y="1114" width="87" height="87" />
      </word>
      <word id="m04-043-02-11" tag="NNS" text="timetables">
        <cmp x="1631" y="1114" width="53" height="88" />
        <cmp x="1685" y="1114" width="203" height="89" />
        <cmp x="1692" y="1109" width="9" height="18" />
      </word>
      <word id="m04-043-02-12" tag="," text=",">
        <cmp x="1909" y="1198" width="8" height="23" />
      </word>
      <word id="m04-043-02-13" tag="**&apos;" text="&quot;">
        <cmp x="1909" y="1116" width="10" height="18" />
        <cmp x="1922" y="1119" width="6" height="17" />
      </word>
      <word id="m04-043-02-14" tag="NP" text="Ifor">
        <cmp x="1959" y="1138" width="80" height="102" />
      </word>
      <word id="m04-043-02-15" tag="VBD" text="said">
        <cmp x="2054" y="1118" width="98" height="98" />
        <cmp x="2085" y="1133" width="9" height="18" />
      </word>
      <word id="m04-043-02-16" tag="," text=",">
        <cmp x="2165" y="1201" width="10" height="27" />
      </word>
      <upper-contour>
        <point x="317" y="1106" />
        <point x="1142" y="1108" />
        <point x="1314" y="1103" />
        <point x="2141" y="1103" />
      </upper-contour>
      <lower-contour>
        <point x="298" y="1240" />
        <point x="2129" y="1240" />
      </lower-contour>
    </line>
    <line ass="-612" asx="0" asy="1229" character-width="999" dss="-612" dsx="0" dsy="1398" fd0="13404" fd1="2866" fd2="-545" filter-width="4" id="m04-043-03" lbs="-624" lbx="0" lby="1333" segmentation="ok" slant="99000" stroke-width="6023" threshold="181" text="reasonably. &quot;Start running punctual and where are you? People get" ubs="-587" ubx="0" uby="1303">
      <word id="m04-043-03-00" tag="RB" text="reasonably">
        <cmp x="298" y="1310" width="87" height="40" />
        <cmp x="380" y="1243" width="177" height="162" />
      </word>
      <word id="m04-043-03-01" tag="." text=".">
        <cmp x="581" y="1330" width="7" height="15" />
      </word>
      <word id="m04-043-03-02" sentence-start="yes" tag="*&apos;" text="&quot;">
        <cmp x="609" y="1268" width="8" height="16" />
        <cmp x="621" y="1265" width="9" height="17" />
      </word>
      <word id="m04-043-03-03" tag="VB" text="Start">
        <cmp x="653" y="1255" width="117" height="105" />
      </word>
      <word id="m04-043-03-04" tag="VBG" text="running">
        <cmp x="808" y="1317" width="196" height="90" />
        <cmp x="950" y="1289" width="14" height="14" />
      </word>
      <word id="m04-043-03-05" tag="JJ" text="punctual">
        <cmp x="1039" y="1264" width="240" height="132" />
        <cmp x="1186" y="1315" width="4" height="4" />
      </word>
      <word id="m04-043-03-06" tag="CC" text="and">
        <cmp x="1321" y="1255" width="106" height="103" />
      </word>
      <word id="m04-043-03-07" tag="WRB" text="where">
        <cmp x="1445" y="1267" width="114" height="88" />
      </word>
      <word id="m04-043-03-08" tag="BER" text="are">
        <cmp x="1590" y="1307" width="82" height="43" />
      </word>
      <word id="m04-043-03-09" tag="PP2" text="you">
        <cmp x="1696" y="1306" width="95" height="112" />
      </word>
      <word id="m04-043-03-10" tag="?" text="?">
        <cmp x="1798" y="1269" width="27" height="57" />
        <cmp x="1819" y="1349" width="7" height="14" />
      </word>
      <word id="m04-043-03-11" sentence-start="yes" tag="NNS" text="People">
        <cmp x="1869" y="1251" width="151" height="123" />
      </word>
      <word id="m04-043-03-12" tag="VB" text="get">
        <cmp x="2047" y="1251" width="81" height="149" />
      </word>
      <upper-contour>
        <point x="298" y="1240" />
        <point x="2129" y="1240" />
      </upper-contour>
      <lower-contour>
        <point x="296" y="1399" />
        <point x="539" y="1405" />
        <point x="643" y="1395" />
        <point x="987" y="1407" />
        <point x="1391" y="1396" />
        <point x="1719" y="1418" />
        <point x="1749" y="1363" />
        <point x="1924" y="1363" />
      </lower-contour>
    </line>
    <line ass="-356" asx="0" asy="1391" character-width="999" dss="-356" dsx="0" dsy="1545" fd0="12348" fd1="2259" fd2="-1330" filter-width="4" id="m04-043-04" lbs="-20" lbx="0" lby="1490" segmentation="err" slant="104000" stroke-width="6308" threshold="178" text="left behind, isn&apos;t it? Very exasperating for one and all.&quot;" ubs="-1027" ubx="0" uby="1433">
      <word id="m04-043-04-00" tag="VBN" text="left">
        <cmp x="278" y="1412" width="92" height="116" />
        <cmp x="398" y="1400" width="175" height="139" />
        <cmp x="525" y="1420" width="10" height="12" />
      </word>
      <word id="m04-043-04-01" tag="RP" text="behind">
        <cmp x="606" y="1400" width="167" height="95" />
        <cmp x="705" y="1409" width="7" height="21" />
      </word>
      <word id="m04-043-04-02" tag="," text=",">
        <cmp x="794" y="1480" width="14" height="26" />
      </word>
      <word id="m04-043-04-03" tag="BEZX" text="isn&apos;t">
        <cmp x="827" y="1437" width="18" height="23" />
        <cmp x="829" y="1464" width="76" height="35" />
        <cmp x="902" y="1421" width="7" height="18" />
        <cmp x="915" y="1436" width="29" height="60" />
      </word>
      <word id="m04-043-04-04" tag="PP3" text="it">
        <cmp x="958" y="1425" width="8" height="13" />
        <cmp x="974" y="1415" width="39" height="82" />
      </word>
      <word id="m04-043-04-05" tag="?" text="?">
        <cmp x="1022" y="1419" width="23" height="43" />
        <cmp x="1042" y="1480" width="6" height="16" />
      </word>
      <word id="m04-043-04-06" sentence-start="yes" tag="QL" text="Very">
        <cmp x="1078" y="1415" width="110" height="139" />
      </word>
      <word id="m04-043-04-07" tag="JJ" text="exasperating">
        <cmp x="1207" y="1400" width="293" height="153" />
        <cmp x="1464" y="1454" width="11" height="15" />
      </word>
      <word id="m04-043-04-08" tag="IN" text="for">
        <cmp x="1512" y="1414" width="76" height="116" />
      </word>
      <word id="m04-043-04-09" tag="CD1" text="one">
        <cmp x="1607" y="1469" width="62" height="30" />
      </word>
      <word id="m04-043-04-10" tag="CC" text="and">
        <cmp x="1699" y="1409" width="92" height="100" />
      </word>
      <word id="m04-043-04-11" tag="ABN" text="all">
        <cmp x="1812" y="1416" width="69" height="85" />
      </word>
      <word id="m04-043-04-12" tag="." text=".">
        <cmp x="1891" y="1490" width="13" height="10" />
      </word>
      <word id="m04-043-04-13" tag="**&apos;" text="&quot;">
        <cmp x="1907" y="1417" width="16" height="27" />
      </word>
      <upper-contour>
        <point x="296" y="1399" />
        <point x="539" y="1405" />
        <point x="643" y="1395" />
        <point x="987" y="1407" />
        <point x="1391" y="1396" />
        <point x="1719" y="1418" />
        <point x="1749" y="1363" />
        <point x="1924" y="1363" />
      </upper-contour>
    </line>
  </handwritten-part>
</form>

