<?xml version="1.0" encoding="ISO-8859-1"?>

<!DOCTYPE form SYSTEM 'http://www.iam.unibe.ch/~fki/iamdb/form-metadata.dtd'>

<form created="2002-01-25" height="3542" id="m04-209" last-modified="2002-07-17" skew="95" status="final" version="3.0_beta" width="2479" writer-id="549">
  <machine-printed-part>
    <machine-print-line text="But losing a bus! People were always losing things. You&apos;d be surprised, they said." />
    <machine-print-line text="So it seemed, for a time, that the whole affair would be written off as one of those" />
    <machine-print-line text="unexplained mysteries, like the Marie Celeste. Then things began to happen... But" />
    <machine-print-line text="what about the voyagers? you will be asking." />
  </machine-printed-part>
  <handwritten-part>
    <line ass="237" asx="0" asy="737" character-width="999" dss="237" dsx="0" dsy="830" fd0="14328" fd1="3003" fd2="-662" filter-width="4" id="m04-209-00" lbs="256" lbx="0" lby="807" segmentation="ok" slant="71000" stroke-width="5766" threshold="164" text="But losing a bus! People were always losing" ubs="200" ubx="0" uby="768">
      <word id="m04-209-00-00" sentence-start="yes" tag="CC" text="But">
        <cmp x="356" y="740" width="31" height="67" />
        <cmp x="395" y="763" width="39" height="42" />
        <cmp x="442" y="736" width="26" height="63" />
      </word>
      <word id="m04-209-00-01" tag="VBG" text="losing">
        <cmp x="526" y="740" width="36" height="63" />
        <cmp x="550" y="767" width="26" height="37" />
        <cmp x="591" y="768" width="18" height="37" />
        <cmp x="627" y="771" width="15" height="32" />
        <cmp x="642" y="752" width="7" height="7" />
        <cmp x="647" y="768" width="35" height="37" />
        <cmp x="691" y="773" width="27" height="42" />
      </word>
      <word id="m04-209-00-02" tag="AT" text="a">
        <cmp x="779" y="768" width="33" height="31" />
      </word>
      <word id="m04-209-00-03" tag="NN" text="bus">
        <cmp x="861" y="749" width="32" height="57" />
        <cmp x="899" y="772" width="36" height="32" />
        <cmp x="950" y="769" width="14" height="32" />
      </word>
      <word id="m04-209-00-04" tag="!" text="!">
        <cmp x="983" y="797" width="10" height="10" />
        <cmp x="989" y="739" width="14" height="44" />
      </word>
      <word id="m04-209-00-05" sentence-start="yes" tag="NNS" text="People">
        <cmp x="1072" y="741" width="12" height="58" />
        <cmp x="1082" y="735" width="25" height="43" />
        <cmp x="1109" y="761" width="28" height="39" />
        <cmp x="1143" y="766" width="26" height="34" />
        <cmp x="1178" y="770" width="34" height="50" />
        <cmp x="1227" y="745" width="26" height="55" />
        <cmp x="1250" y="763" width="32" height="33" />
      </word>
      <word id="m04-209-00-06" tag="BED" text="were">
        <cmp x="1370" y="766" width="43" height="36" />
        <cmp x="1421" y="764" width="23" height="40" />
        <cmp x="1456" y="766" width="22" height="36" />
        <cmp x="1485" y="764" width="24" height="37" />
      </word>
      <word id="m04-209-00-07" tag="RB" text="always">
        <cmp x="1595" y="761" width="42" height="39" />
        <cmp x="1643" y="733" width="31" height="57" />
        <cmp x="1669" y="765" width="46" height="35" />
        <cmp x="1725" y="769" width="31" height="29" />
        <cmp x="1769" y="772" width="35" height="51" />
        <cmp x="1772" y="766" width="8" height="27" />
        <cmp x="1816" y="767" width="22" height="30" />
      </word>
      <word id="m04-209-00-08" tag="VBG" text="losing">
        <cmp x="1911" y="738" width="27" height="54" />
        <cmp x="1943" y="761" width="35" height="38" />
        <cmp x="1983" y="764" width="20" height="37" />
        <cmp x="2023" y="762" width="16" height="33" />
        <cmp x="2041" y="747" width="6" height="5" />
        <cmp x="2047" y="765" width="32" height="32" />
        <cmp x="2083" y="762" width="29" height="49" />
      </word>
      <lower-contour>
        <point x="354" y="823" />
        <point x="2078" y="823" />
      </lower-contour>
    </line>
    <line ass="206" asx="0" asy="918" character-width="999" dss="206" dsx="0" dsy="1007" fd0="14626" fd1="3305" fd2="-159" filter-width="4" id="m04-209-01" lbs="85" lbx="0" lby="983" segmentation="ok" slant="62000" stroke-width="5733" threshold="168" text="things. You&apos;d be surprised, they said. So it" ubs="449" ubx="0" uby="960">
      <word id="m04-209-01-00" tag="NNS" text="things">
        <cmp x="346" y="924" width="22" height="53" />
        <cmp x="380" y="923" width="28" height="60" />
        <cmp x="420" y="953" width="8" height="25" />
        <cmp x="429" y="934" width="4" height="5" />
        <cmp x="441" y="946" width="29" height="36" />
        <cmp x="482" y="947" width="31" height="58" />
        <cmp x="519" y="953" width="18" height="31" />
      </word>
      <word id="m04-209-01-01" tag="." text=".">
        <cmp x="560" y="973" width="7" height="12" />
      </word>
      <word id="m04-209-01-02" sentence-start="yes" tag="PP2" text="You">
        <cmp x="652" y="918" width="55" height="88" />
        <cmp x="657" y="917" width="20" height="33" />
        <cmp x="708" y="945" width="26" height="32" />
        <cmp x="738" y="950" width="28" height="28" />
      </word>
      <word id="m04-209-01-03" tag="MD" text="&apos;d">
        <cmp x="790" y="933" width="8" height="18" />
        <cmp x="805" y="927" width="51" height="60" />
      </word>
      <word id="m04-209-01-04" tag="BE" text="be">
        <cmp x="930" y="930" width="26" height="51" />
        <cmp x="974" y="947" width="24" height="33" />
      </word>
      <word id="m04-209-01-05" tag="JJ" text="surprised">
        <cmp x="1080" y="940" width="26" height="42" />
        <cmp x="1115" y="949" width="36" height="35" />
        <cmp x="1160" y="953" width="20" height="29" />
        <cmp x="1188" y="953" width="37" height="48" />
        <cmp x="1237" y="953" width="21" height="28" />
        <cmp x="1260" y="959" width="9" height="26" />
        <cmp x="1279" y="940" width="4" height="5" />
        <cmp x="1283" y="953" width="23" height="32" />
        <cmp x="1320" y="946" width="24" height="35" />
        <cmp x="1347" y="934" width="49" height="49" />
      </word>
      <word id="m04-209-01-06" tag="," text=",">
        <cmp x="1403" y="975" width="12" height="24" />
      </word>
      <word id="m04-209-01-07" tag="PP3AS" text="they">
        <cmp x="1457" y="941" width="28" height="45" />
        <cmp x="1492" y="939" width="33" height="46" />
        <cmp x="1533" y="954" width="25" height="31" />
        <cmp x="1570" y="956" width="36" height="44" />
      </word>
      <word id="m04-209-01-08" tag="VBD" text="said">
        <cmp x="1667" y="941" width="20" height="39" />
        <cmp x="1707" y="943" width="35" height="37" />
        <cmp x="1752" y="951" width="8" height="23" />
        <cmp x="1768" y="931" width="5" height="7" />
        <cmp x="1769" y="923" width="56" height="57" />
      </word>
      <word id="m04-209-01-09" tag="." text=".">
        <cmp x="1822" y="970" width="9" height="6" />
      </word>
      <word id="m04-209-01-10" sentence-start="yes" tag="PN" text="So">
        <cmp x="1900" y="928" width="29" height="49" />
        <cmp x="1929" y="956" width="26" height="29" />
      </word>
      <word id="m04-209-01-11" tag="PP3" text="it">
        <cmp x="2012" y="944" width="16" height="31" />
        <cmp x="2033" y="926" width="7" height="6" />
        <cmp x="2046" y="917" width="31" height="52" />
      </word>
      <upper-contour>
        <point x="354" y="823" />
        <point x="2078" y="823" />
      </upper-contour>
      <lower-contour>
        <point x="344" y="1006" />
        <point x="2078" y="1006" />
      </lower-contour>
    </line>
    <line ass="106" asx="0" asy="1100" character-width="999" dss="106" dsx="0" dsy="1173" fd0="14555" fd1="3177" fd2="-437" filter-width="4" id="m04-209-02" lbs="124" lbx="0" lby="1163" segmentation="ok" slant="63000" stroke-width="5882" threshold="164" text="seemed, for a time, that the whole affair would" ubs="70" ubx="0" uby="1127">
      <word id="m04-209-02-00" tag="VBD" text="seemed">
        <cmp x="338" y="1121" width="23" height="43" />
        <cmp x="367" y="1129" width="27" height="35" />
        <cmp x="400" y="1127" width="26" height="34" />
        <cmp x="443" y="1125" width="46" height="37" />
        <cmp x="495" y="1128" width="26" height="30" />
        <cmp x="521" y="1115" width="46" height="49" />
      </word>
      <word id="m04-209-02-01" tag="," text=",">
        <cmp x="582" y="1154" width="7" height="18" />
      </word>
      <word id="m04-209-02-02" tag="IN" text="for">
        <cmp x="639" y="1111" width="32" height="52" />
        <cmp x="664" y="1131" width="24" height="30" />
        <cmp x="697" y="1133" width="21" height="25" />
      </word>
      <word id="m04-209-02-03" tag="AT" text="a">
        <cmp x="772" y="1125" width="38" height="32" />
      </word>
      <word id="m04-209-02-04" tag="NN" text="time">
        <cmp x="857" y="1100" width="37" height="56" />
        <cmp x="897" y="1131" width="10" height="27" />
        <cmp x="913" y="1114" width="6" height="7" />
        <cmp x="916" y="1129" width="45" height="36" />
        <cmp x="969" y="1128" width="27" height="34" />
      </word>
      <word id="m04-209-02-05" tag="," text=",">
        <cmp x="1009" y="1149" width="11" height="22" />
      </word>
      <word id="m04-209-02-06" tag="CS" text="that">
        <cmp x="1061" y="1105" width="28" height="53" />
        <cmp x="1105" y="1103" width="31" height="51" />
        <cmp x="1135" y="1128" width="36" height="33" />
        <cmp x="1169" y="1103" width="37" height="59" />
      </word>
      <word id="m04-209-02-07" tag="ATI" text="the">
        <cmp x="1264" y="1103" width="27" height="52" />
        <cmp x="1294" y="1102" width="36" height="58" />
        <cmp x="1337" y="1124" width="30" height="32" />
      </word>
      <word id="m04-209-02-08" tag="JJ" text="whole">
        <cmp x="1443" y="1124" width="48" height="38" />
        <cmp x="1496" y="1100" width="17" height="58" />
        <cmp x="1502" y="1121" width="28" height="33" />
        <cmp x="1531" y="1130" width="26" height="34" />
        <cmp x="1560" y="1104" width="32" height="58" />
        <cmp x="1588" y="1126" width="25" height="33" />
      </word>
      <word id="m04-209-02-09" tag="NN" text="affair">
        <cmp x="1652" y="1127" width="35" height="31" />
        <cmp x="1692" y="1106" width="38" height="63" />
        <cmp x="1721" y="1109" width="37" height="55" />
        <cmp x="1742" y="1132" width="37" height="30" />
        <cmp x="1784" y="1135" width="9" height="22" />
        <cmp x="1796" y="1116" width="6" height="9" />
        <cmp x="1805" y="1126" width="19" height="30" />
      </word>
      <word id="m04-209-02-10" tag="MD" text="would">
        <cmp x="1891" y="1128" width="52" height="36" />
        <cmp x="1944" y="1119" width="31" height="43" />
        <cmp x="1980" y="1124" width="36" height="34" />
        <cmp x="2021" y="1101" width="36" height="52" />
        <cmp x="2050" y="1107" width="45" height="51" />
      </word>
      <upper-contour>
        <point x="344" y="1006" />
        <point x="2078" y="1006" />
      </upper-contour>
      <lower-contour>
        <point x="339" y="1172" />
        <point x="1984" y="1172" />
      </lower-contour>
    </line>
    <line ass="363" asx="0" asy="1286" character-width="999" dss="363" dsx="0" dsy="1363" fd0="14464" fd1="2873" fd2="-630" filter-width="3" id="m04-209-03" lbs="341" lbx="0" lby="1346" segmentation="ok" slant="71000" stroke-width="5663" threshold="168" text="be written off as one of those unexplained" ubs="405" ubx="0" uby="1314">
      <word id="m04-209-03-00" tag="BE" text="be">
        <cmp x="341" y="1284" width="21" height="57" />
        <cmp x="373" y="1303" width="30" height="35" />
      </word>
      <word id="m04-209-03-01" tag="VBN" text="written">
        <cmp x="470" y="1306" width="47" height="33" />
        <cmp x="522" y="1313" width="19" height="27" />
        <cmp x="553" y="1319" width="10" height="24" />
        <cmp x="569" y="1294" width="7" height="6" />
        <cmp x="573" y="1284" width="29" height="62" />
        <cmp x="600" y="1289" width="35" height="54" />
        <cmp x="627" y="1313" width="24" height="32" />
        <cmp x="661" y="1315" width="10" height="31" />
        <cmp x="672" y="1311" width="22" height="30" />
      </word>
      <word id="m04-209-03-02" tag="RP" text="off">
        <cmp x="751" y="1312" width="29" height="31" />
        <cmp x="787" y="1288" width="35" height="57" />
        <cmp x="810" y="1292" width="35" height="56" />
      </word>
      <word id="m04-209-03-03" tag="IN" text="as">
        <cmp x="900" y="1309" width="35" height="35" />
        <cmp x="945" y="1308" width="23" height="32" />
      </word>
      <word id="m04-209-03-04" tag="CD1" text="one">
        <cmp x="1038" y="1303" width="36" height="39" />
        <cmp x="1085" y="1306" width="30" height="32" />
        <cmp x="1122" y="1302" width="25" height="38" />
      </word>
      <word id="m04-209-03-05" tag="INO" text="of">
        <cmp x="1202" y="1304" width="30" height="36" />
        <cmp x="1243" y="1286" width="39" height="53" />
      </word>
      <word id="m04-209-03-06" tag="DTS" text="those">
        <cmp x="1346" y="1280" width="24" height="56" />
        <cmp x="1381" y="1286" width="30" height="46" />
        <cmp x="1415" y="1302" width="28" height="35" />
        <cmp x="1444" y="1304" width="23" height="31" />
        <cmp x="1469" y="1302" width="25" height="36" />
      </word>
      <word id="m04-209-03-07" tag="JJ" text="unexplained">
        <cmp x="1564" y="1304" width="40" height="41" />
        <cmp x="1619" y="1302" width="28" height="36" />
        <cmp x="1663" y="1299" width="25" height="34" />
        <cmp x="1689" y="1303" width="32" height="33" />
        <cmp x="1734" y="1298" width="34" height="56" />
        <cmp x="1774" y="1279" width="33" height="55" />
        <cmp x="1795" y="1304" width="31" height="26" />
        <cmp x="1840" y="1308" width="8" height="23" />
        <cmp x="1849" y="1291" width="6" height="6" />
        <cmp x="1863" y="1301" width="34" height="34" />
        <cmp x="1901" y="1303" width="29" height="30" />
        <cmp x="1935" y="1290" width="47" height="49" />
      </word>
      <upper-contour>
        <point x="339" y="1172" />
        <point x="1984" y="1172" />
      </upper-contour>
      <lower-contour>
        <point x="341" y="1354" />
        <point x="1984" y="1354" />
      </lower-contour>
    </line>
    <line ass="196" asx="0" asy="1450" character-width="999" dss="196" dsx="0" dsy="1544" fd0="14430" fd1="3400" fd2="-752" filter-width="3" id="m04-209-04" lbs="177" lbx="0" lby="1520" segmentation="ok" slant="73000" stroke-width="5610" threshold="164" text="mysteries, like the Marie Celeste. Then things" ubs="233" ubx="0" uby="1488">
      <word id="m04-209-04-00" tag="NNS" text="mysteries">
        <cmp x="343" y="1482" width="25" height="39" />
        <cmp x="369" y="1482" width="23" height="35" />
        <cmp x="404" y="1484" width="28" height="53" />
        <cmp x="451" y="1493" width="15" height="32" />
        <cmp x="485" y="1466" width="24" height="50" />
        <cmp x="521" y="1488" width="24" height="34" />
        <cmp x="552" y="1491" width="18" height="28" />
        <cmp x="586" y="1495" width="9" height="25" />
        <cmp x="596" y="1482" width="5" height="8" />
        <cmp x="607" y="1484" width="24" height="37" />
        <cmp x="638" y="1491" width="13" height="32" />
      </word>
      <word id="m04-209-04-01" tag="," text=",">
        <cmp x="666" y="1517" width="9" height="25" />
      </word>
      <word id="m04-209-04-02" tag="IN" text="like">
        <cmp x="739" y="1449" width="32" height="59" />
        <cmp x="765" y="1486" width="11" height="26" />
        <cmp x="782" y="1471" width="4" height="4" />
        <cmp x="792" y="1453" width="29" height="64" />
        <cmp x="823" y="1485" width="28" height="34" />
      </word>
      <word id="m04-209-04-03" tag="ATI" text="the">
        <cmp x="917" y="1461" width="26" height="51" />
        <cmp x="956" y="1461" width="25" height="56" />
        <cmp x="982" y="1490" width="26" height="30" />
      </word>
      <word id="m04-209-04-04" tag="NP" text="Marie">
        <cmp x="1066" y="1462" width="71" height="56" />
        <cmp x="1132" y="1488" width="35" height="30" />
        <cmp x="1173" y="1490" width="17" height="24" />
        <cmp x="1199" y="1491" width="11" height="25" />
        <cmp x="1211" y="1477" width="8" height="6" />
        <cmp x="1219" y="1486" width="26" height="29" />
      </word>
      <word id="m04-209-04-05" tag="NP" text="Celeste">
        <cmp x="1286" y="1461" width="31" height="56" />
        <cmp x="1320" y="1488" width="20" height="30" />
        <cmp x="1348" y="1464" width="30" height="55" />
        <cmp x="1377" y="1486" width="31" height="29" />
        <cmp x="1413" y="1487" width="20" height="32" />
        <cmp x="1440" y="1457" width="37" height="61" />
        <cmp x="1471" y="1483" width="27" height="30" />
      </word>
      <word id="m04-209-04-06" tag="." text=".">
        <cmp x="1522" y="1503" width="11" height="12" />
      </word>
      <word id="m04-209-04-07" sentence-start="yes" tag="RN" text="Then">
        <cmp x="1607" y="1454" width="28" height="54" />
        <cmp x="1646" y="1453" width="30" height="50" />
        <cmp x="1679" y="1473" width="32" height="37" />
        <cmp x="1718" y="1477" width="28" height="35" />
      </word>
      <word id="m04-209-04-08" tag="NNS" text="things">
        <cmp x="1816" y="1456" width="33" height="58" />
        <cmp x="1853" y="1459" width="33" height="55" />
        <cmp x="1896" y="1484" width="12" height="34" />
        <cmp x="1912" y="1474" width="5" height="5" />
        <cmp x="1922" y="1485" width="35" height="35" />
        <cmp x="1962" y="1486" width="31" height="47" />
        <cmp x="2017" y="1486" width="18" height="33" />
      </word>
      <upper-contour>
        <point x="341" y="1354" />
        <point x="1984" y="1354" />
      </upper-contour>
      <lower-contour>
        <point x="344" y="1542" />
        <point x="2037" y="1542" />
      </lower-contour>
    </line>
    <line ass="212" asx="0" asy="1635" character-width="999" dss="212" dsx="0" dsy="1728" fd0="14499" fd1="3404" fd2="-492" filter-width="3" id="m04-209-05" lbs="111" lbx="0" lby="1699" segmentation="ok" slant="74000" stroke-width="5565" threshold="164" text="began to happen... But what about the voyagers?" ubs="414" ubx="0" uby="1673">
      <word id="m04-209-05-00" tag="VBD" text="began">
        <cmp x="346" y="1635" width="29" height="66" />
        <cmp x="385" y="1665" width="23" height="36" />
        <cmp x="413" y="1666" width="32" height="55" />
        <cmp x="453" y="1668" width="27" height="34" />
        <cmp x="494" y="1668" width="33" height="34" />
      </word>
      <word id="m04-209-05-01" tag="TO" text="to">
        <cmp x="590" y="1643" width="28" height="56" />
        <cmp x="612" y="1665" width="25" height="32" />
      </word>
      <word id="m04-209-05-02" tag="VB" text="happen">
        <cmp x="680" y="1647" width="32" height="50" />
        <cmp x="713" y="1672" width="30" height="27" />
        <cmp x="749" y="1669" width="33" height="49" />
        <cmp x="785" y="1668" width="35" height="50" />
        <cmp x="826" y="1663" width="32" height="27" />
        <cmp x="860" y="1666" width="28" height="31" />
      </word>
      <word id="m04-209-05-03" tag="..." text="...">
        <cmp x="918" y="1685" width="10" height="11" />
        <cmp x="944" y="1685" width="12" height="10" />
        <cmp x="972" y="1688" width="10" height="6" />
      </word>
      <word id="m04-209-05-04" sentence-start="yes" tag="CC" text="But">
        <cmp x="1053" y="1635" width="28" height="61" />
        <cmp x="1098" y="1661" width="39" height="34" />
        <cmp x="1147" y="1639" width="26" height="49" />
      </word>
      <word id="m04-209-05-05" tag="WDT" text="what">
        <cmp x="1248" y="1662" width="47" height="35" />
        <cmp x="1299" y="1642" width="17" height="59" />
        <cmp x="1308" y="1666" width="25" height="32" />
        <cmp x="1345" y="1671" width="33" height="27" />
        <cmp x="1391" y="1634" width="30" height="60" />
      </word>
      <word id="m04-209-05-06" tag="IN" text="about">
        <cmp x="1485" y="1662" width="39" height="34" />
        <cmp x="1533" y="1636" width="26" height="56" />
        <cmp x="1563" y="1661" width="28" height="38" />
        <cmp x="1597" y="1664" width="37" height="35" />
        <cmp x="1654" y="1640" width="29" height="50" />
      </word>
      <word id="m04-209-05-07" tag="ATI" text="the">
        <cmp x="1749" y="1644" width="28" height="50" />
        <cmp x="1776" y="1649" width="36" height="49" />
        <cmp x="1814" y="1663" width="31" height="32" />
      </word>
      <word id="m04-209-05-08" tag="NNS" text="voyagers">
        <cmp x="1891" y="1660" width="31" height="36" />
        <cmp x="1922" y="1664" width="26" height="31" />
        <cmp x="1956" y="1664" width="39" height="56" />
        <cmp x="2002" y="1666" width="37" height="30" />
        <cmp x="2044" y="1665" width="31" height="50" />
        <cmp x="2088" y="1658" width="26" height="34" />
        <cmp x="2121" y="1664" width="26" height="33" />
        <cmp x="2150" y="1659" width="22" height="36" />
      </word>
      <word id="m04-209-05-09" tag="?" text="?">
        <cmp x="2184" y="1646" width="20" height="39" />
        <cmp x="2188" y="1702" width="6" height="6" />
      </word>
      <upper-contour>
        <point x="344" y="1542" />
        <point x="2037" y="1542" />
      </upper-contour>
      <lower-contour>
        <point x="357" y="1720" />
        <point x="1215" y="1720" />
      </lower-contour>
    </line>
    <line ass="-839" asx="0" asy="1803" character-width="999" dss="-839" dsx="0" dsy="1893" fd0="14647" fd1="3166" fd2="-310" filter-width="3" id="m04-209-06" lbs="-564" lbx="0" lby="1871" segmentation="ok" slant="78000" stroke-width="5519" threshold="168" text="you will be asking." ubs="-1388" ubx="0" uby="1825">
      <word id="m04-209-06-00" tag="PP2" text="you">
        <cmp x="359" y="1840" width="41" height="60" />
        <cmp x="413" y="1846" width="26" height="37" />
        <cmp x="453" y="1849" width="32" height="33" />
      </word>
      <word id="m04-209-06-01" tag="MD" text="will">
        <cmp x="569" y="1841" width="50" height="38" />
        <cmp x="626" y="1846" width="13" height="27" />
        <cmp x="642" y="1828" width="7" height="6" />
        <cmp x="651" y="1814" width="38" height="61" />
        <cmp x="681" y="1820" width="32" height="48" />
      </word>
      <word id="m04-209-06-02" tag="BE" text="be">
        <cmp x="785" y="1815" width="13" height="57" />
        <cmp x="794" y="1841" width="21" height="40" />
        <cmp x="831" y="1846" width="21" height="31" />
      </word>
      <word id="m04-209-06-03" tag="VBG" text="asking">
        <cmp x="949" y="1845" width="39" height="34" />
        <cmp x="996" y="1848" width="27" height="34" />
        <cmp x="1031" y="1823" width="39" height="63" />
        <cmp x="1086" y="1857" width="8" height="22" />
        <cmp x="1100" y="1834" width="7" height="6" />
        <cmp x="1109" y="1845" width="32" height="36" />
        <cmp x="1149" y="1850" width="30" height="44" />
      </word>
      <word id="m04-209-06-04" tag="." text=".">
        <cmp x="1201" y="1869" width="13" height="10" />
      </word>
      <upper-contour>
        <point x="357" y="1720" />
        <point x="1215" y="1720" />
      </upper-contour>
    </line>
  </handwritten-part>
</form>

