<?xml version="1.0" encoding="ISO-8859-1"?>

<!DOCTYPE form SYSTEM 'http://www.iam.unibe.ch/~fki/iamdb/form-metadata.dtd'>

<form created="2002-01-25" height="3542" id="m06-076" last-modified="2002-07-17" skew="-30" status="final" version="3.0_beta" width="2479" writer-id="552">
  <machine-printed-part>
    <machine-print-line text="So it lets us rule it.&apos; Flor and Lily-yo muttered together. &apos;Do you say that you poor" />
    <machine-print-line text="Captives rule the True World?&apos; Lily-yo asked at last. &apos;We do.&apos; &apos;Then why are you" />
    <machine-print-line text="captives?&apos; The flyman with ear lobes and thumbs connected, making his perpetual" />
    <machine-print-line text="little gesture of protest, spoke for the first time." />
  </machine-printed-part>
  <handwritten-part>
    <line ass="-692" asx="0" asy="728" character-width="999" dss="-692" dsx="0" dsy="819" fd0="13554" fd1="3617" fd2="-158" filter-width="3" id="m06-076-00" lbs="-595" lbx="0" lby="800" segmentation="ok" slant="102000" stroke-width="5180" threshold="159" text="So it lets us rule it.&apos; Flor and Lily-yo" ubs="-884" ubx="0" uby="762">
      <word id="m06-076-00-00" sentence-start="yes" tag="RB" text="So">
        <cmp x="349" y="750" width="79" height="62" />
      </word>
      <word id="m06-076-00-01" tag="PP3" text="it">
        <cmp x="487" y="756" width="11" height="8" />
        <cmp x="493" y="774" width="6" height="33" />
        <cmp x="505" y="750" width="27" height="56" />
      </word>
      <word id="m06-076-00-02" tag="VBZ" text="lets">
        <cmp x="571" y="756" width="14" height="51" />
        <cmp x="589" y="777" width="44" height="33" />
        <cmp x="630" y="753" width="27" height="52" />
        <cmp x="654" y="769" width="34" height="40" />
      </word>
      <word id="m06-076-00-03" tag="PP1OS" text="us">
        <cmp x="746" y="772" width="82" height="40" />
      </word>
      <word id="m06-076-00-04" tag="VB" text="rule">
        <cmp x="881" y="774" width="27" height="36" />
        <cmp x="907" y="779" width="39" height="33" />
        <cmp x="950" y="757" width="18" height="49" />
        <cmp x="967" y="781" width="43" height="30" />
      </word>
      <word id="m06-076-00-05" tag="PP3" text="it">
        <cmp x="1051" y="761" width="8" height="5" />
        <cmp x="1056" y="783" width="8" height="25" />
        <cmp x="1072" y="749" width="26" height="61" />
      </word>
      <word id="m06-076-00-06" tag="." text=".">
        <cmp x="1101" y="807" width="5" height="5" />
      </word>
      <word id="m06-076-00-07" tag="**&apos;" text="&apos;">
        <cmp x="1129" y="743" width="9" height="22" />
      </word>
      <word id="m06-076-00-08" sentence-start="yes" tag="NP" text="Flor">
        <cmp x="1187" y="745" width="48" height="10" />
        <cmp x="1198" y="753" width="36" height="52" />
        <cmp x="1242" y="753" width="18" height="56" />
        <cmp x="1262" y="774" width="35" height="35" />
        <cmp x="1305" y="775" width="28" height="35" />
      </word>
      <word id="m06-076-00-09" tag="CC" text="and">
        <cmp x="1385" y="776" width="34" height="34" />
        <cmp x="1423" y="782" width="32" height="33" />
        <cmp x="1457" y="757" width="41" height="61" />
      </word>
      <word id="m06-076-00-10" tag="NP" text="Lily-yo">
        <cmp x="1558" y="764" width="34" height="48" />
        <cmp x="1591" y="761" width="8" height="9" />
        <cmp x="1598" y="791" width="5" height="24" />
        <cmp x="1613" y="761" width="12" height="53" />
        <cmp x="1634" y="790" width="33" height="49" />
        <cmp x="1684" y="796" width="29" height="7" />
        <cmp x="1728" y="789" width="34" height="49" />
        <cmp x="1763" y="791" width="32" height="31" />
      </word>
      <lower-contour>
        <point x="347" y="839" />
        <point x="1797" y="839" />
      </lower-contour>
    </line>
    <line ass="-417" asx="0" asy="922" character-width="999" dss="-417" dsx="0" dsy="1017" fd0="13309" fd1="2672" fd2="-873" filter-width="3" id="m06-076-01" lbs="-404" lbx="0" lby="986" segmentation="ok" slant="99000" stroke-width="5354" threshold="159" text="muttered together. &apos;Do you say that you poor" ubs="-443" ubx="0" uby="955">
      <word id="m06-076-01-00" tag="VBD" text="muttered">
        <cmp x="334" y="950" width="94" height="38" />
        <cmp x="429" y="927" width="46" height="67" />
        <cmp x="488" y="964" width="30" height="28" />
        <cmp x="522" y="954" width="24" height="34" />
        <cmp x="551" y="960" width="31" height="28" />
        <cmp x="583" y="944" width="45" height="54" />
      </word>
      <word id="m06-076-01-01" tag="RB" text="together">
        <cmp x="698" y="931" width="60" height="59" />
        <cmp x="763" y="961" width="40" height="62" />
        <cmp x="803" y="964" width="35" height="28" />
        <cmp x="838" y="940" width="24" height="50" />
        <cmp x="867" y="940" width="67" height="50" />
        <cmp x="944" y="964" width="18" height="27" />
      </word>
      <word id="m06-076-01-02" tag="." text=".">
        <cmp x="975" y="994" width="6" height="4" />
      </word>
      <word id="m06-076-01-03" sentence-start="yes" tag="*&apos;" text="&apos;">
        <cmp x="1039" y="936" width="8" height="26" />
      </word>
      <word id="m06-076-01-04" tag="DO" text="Do">
        <cmp x="1067" y="934" width="50" height="62" />
        <cmp x="1119" y="960" width="37" height="32" />
      </word>
      <word id="m06-076-01-05" tag="PP2" text="you">
        <cmp x="1201" y="965" width="33" height="56" />
        <cmp x="1236" y="965" width="70" height="31" />
      </word>
      <word id="m06-076-01-06" tag="VB" text="say">
        <cmp x="1339" y="958" width="32" height="37" />
        <cmp x="1373" y="960" width="37" height="32" />
        <cmp x="1411" y="967" width="37" height="53" />
      </word>
      <word id="m06-076-01-07" tag="CS" text="that">
        <cmp x="1500" y="937" width="120" height="63" />
        <cmp x="1613" y="935" width="28" height="60" />
      </word>
      <word id="m06-076-01-08" tag="PP2" text="you">
        <cmp x="1695" y="963" width="30" height="57" />
        <cmp x="1723" y="966" width="23" height="30" />
        <cmp x="1749" y="968" width="46" height="31" />
      </word>
      <word id="m06-076-01-09" tag="JJ" text="poor">
        <cmp x="1837" y="967" width="39" height="62" />
        <cmp x="1880" y="969" width="72" height="31" />
        <cmp x="1956" y="963" width="39" height="30" />
      </word>
      <upper-contour>
        <point x="347" y="839" />
        <point x="1797" y="839" />
      </upper-contour>
      <lower-contour>
        <point x="346" y="1029" />
        <point x="1997" y="1029" />
      </lower-contour>
    </line>
    <line ass="-760" asx="0" asy="1092" character-width="999" dss="-760" dsx="0" dsy="1196" fd0="13621" fd1="3267" fd2="-583" filter-width="3" id="m06-076-02" lbs="-752" lbx="0" lby="1161" segmentation="err" slant="102000" stroke-width="5265" threshold="159" text="Captives rule the True World?&apos; Lily-yo asked" ubs="-774" ubx="0" uby="1129">
      <word id="m06-076-02-00" tag="NNS" text="Captives">
        <cmp x="348" y="1113" width="81" height="54" />
        <cmp x="431" y="1142" width="36" height="60" />
        <cmp x="471" y="1121" width="44" height="51" />
        <cmp x="503" y="1117" width="6" height="10" />
        <cmp x="519" y="1135" width="28" height="36" />
        <cmp x="554" y="1144" width="32" height="31" />
        <cmp x="589" y="1142" width="41" height="32" />
      </word>
      <word id="m06-076-02-01" tag="VB" text="rule">
        <cmp x="686" y="1140" width="26" height="33" />
        <cmp x="714" y="1142" width="43" height="32" />
        <cmp x="757" y="1128" width="20" height="44" />
        <cmp x="783" y="1149" width="39" height="26" />
      </word>
      <word id="m06-076-02-02" tag="ATI" text="the">
        <cmp x="863" y="1123" width="31" height="51" />
        <cmp x="894" y="1127" width="41" height="44" />
        <cmp x="934" y="1144" width="38" height="32" />
      </word>
      <word id="m06-076-02-03" tag="JJ" text="True">
        <cmp x="1020" y="1121" width="41" height="15" />
        <cmp x="1034" y="1130" width="9" height="45" />
        <cmp x="1058" y="1141" width="29" height="35" />
        <cmp x="1088" y="1143" width="42" height="33" />
        <cmp x="1129" y="1142" width="35" height="34" />
      </word>
      <word id="m06-076-02-04" tag="NN" text="World">
        <cmp x="1225" y="1129" width="51" height="44" />
        <cmp x="1278" y="1147" width="33" height="31" />
        <cmp x="1314" y="1143" width="24" height="34" />
        <cmp x="1347" y="1127" width="14" height="51" />
        <cmp x="1367" y="1128" width="43" height="53" />
      </word>
      <word id="m06-076-02-05" tag="?" text="?">
        <cmp x="1414" y="1114" width="26" height="41" />
        <cmp x="1435" y="1170" width="6" height="5" />
        <cmp x="1457" y="1113" width="8" height="23" />
      </word>
      <word id="m06-076-02-06" tag="**&apos;" text="&apos;">
        <cmp x="1542" y="1126" width="31" height="51" />
      </word>
      <word id="m06-076-02-07" tag="NP" text="Lily-yo">
        <cmp x="1576" y="1133" width="6" height="4" />
        <cmp x="1580" y="1159" width="6" height="20" />
        <cmp x="1594" y="1126" width="14" height="52" />
        <cmp x="1617" y="1155" width="30" height="54" />
        <cmp x="1669" y="1166" width="23" height="8" />
        <cmp x="1717" y="1156" width="65" height="53" />
      </word>
      <word id="m06-076-02-08" tag="VBD" text="asked">
        <cmp x="1846" y="1152" width="72" height="37" />
        <cmp x="1914" y="1137" width="29" height="51" />
        <cmp x="1953" y="1137" width="70" height="51" />
      </word>
      <upper-contour>
        <point x="346" y="1029" />
        <point x="1997" y="1029" />
      </upper-contour>
      <lower-contour>
        <point x="346" y="1209" />
        <point x="2023" y="1209" />
      </lower-contour>
    </line>
    <line ass="-626" asx="0" asy="1279" character-width="999" dss="-626" dsx="0" dsy="1369" fd0="13663" fd1="3198" fd2="-273" filter-width="3" id="m06-076-03" lbs="-550" lbx="0" lby="1346" segmentation="ok" slant="99000" stroke-width="5267" threshold="160" text="at last. &apos;We do.&apos; &apos;Then why are you captives?&apos;" ubs="-779" ubx="0" uby="1311">
      <word id="m06-076-03-00" tag="RB21" text="at">
        <cmp x="335" y="1296" width="76" height="56" />
      </word>
      <word id="m06-076-03-01" tag="RB22" text="last">
        <cmp x="461" y="1302" width="20" height="49" />
        <cmp x="487" y="1299" width="91" height="60" />
      </word>
      <word id="m06-076-03-02" tag="." text=".">
        <cmp x="592" y="1352" width="11" height="6" />
      </word>
      <word id="m06-076-03-03" sentence-start="yes" tag="*&apos;" text="&apos;">
        <cmp x="668" y="1296" width="12" height="19" />
      </word>
      <word id="m06-076-03-04" tag="PP1AS" text="We">
        <cmp x="693" y="1301" width="47" height="49" />
        <cmp x="750" y="1321" width="35" height="33" />
      </word>
      <word id="m06-076-03-05" tag="DO" text="do">
        <cmp x="835" y="1298" width="42" height="56" />
        <cmp x="872" y="1321" width="34" height="31" />
      </word>
      <word id="m06-076-03-06" tag="." text=".">
        <cmp x="908" y="1343" width="7" height="10" />
      </word>
      <word id="m06-076-03-07" tag="**&apos;" text="&apos;">
        <cmp x="932" y="1291" width="8" height="25" />
      </word>
      <word id="m06-076-03-08" sentence-start="yes" tag="*&apos;" text="&apos;">
        <cmp x="1008" y="1299" width="8" height="27" />
      </word>
      <word id="m06-076-03-09" tag="RN" text="Then">
        <cmp x="1023" y="1299" width="36" height="53" />
        <cmp x="1064" y="1297" width="46" height="52" />
        <cmp x="1113" y="1319" width="21" height="35" />
        <cmp x="1138" y="1328" width="21" height="27" />
      </word>
      <word id="m06-076-03-10" tag="WRB" text="why">
        <cmp x="1214" y="1328" width="40" height="28" />
        <cmp x="1255" y="1303" width="43" height="51" />
        <cmp x="1298" y="1328" width="23" height="21" />
        <cmp x="1309" y="1331" width="23" height="50" />
      </word>
      <word id="m06-076-03-11" tag="BER" text="are">
        <cmp x="1387" y="1329" width="42" height="34" />
        <cmp x="1430" y="1334" width="16" height="25" />
        <cmp x="1452" y="1331" width="33" height="35" />
      </word>
      <word id="m06-076-03-12" tag="PP2" text="you">
        <cmp x="1539" y="1330" width="28" height="51" />
        <cmp x="1571" y="1330" width="23" height="31" />
        <cmp x="1597" y="1331" width="43" height="31" />
      </word>
      <word id="m06-076-03-13" tag="NNS" text="captives">
        <cmp x="1702" y="1331" width="34" height="31" />
        <cmp x="1738" y="1332" width="44" height="35" />
        <cmp x="1784" y="1339" width="31" height="50" />
        <cmp x="1821" y="1310" width="35" height="53" />
        <cmp x="1850" y="1316" width="7" height="9" />
        <cmp x="1864" y="1338" width="22" height="23" />
        <cmp x="1891" y="1332" width="26" height="29" />
        <cmp x="1922" y="1327" width="26" height="36" />
      </word>
      <word id="m06-076-03-14" tag="?" text="?">
        <cmp x="1969" y="1304" width="24" height="38" />
        <cmp x="1979" y="1352" width="6" height="5" />
      </word>
      <word id="m06-076-03-15" tag="**&apos;" text="&apos;">
        <cmp x="2017" y="1302" width="5" height="29" />
      </word>
      <upper-contour>
        <point x="346" y="1209" />
        <point x="2023" y="1209" />
      </upper-contour>
      <lower-contour>
        <point x="333" y="1389" />
        <point x="2023" y="1389" />
      </lower-contour>
    </line>
    <line ass="-740" asx="0" asy="1472" character-width="999" dss="-740" dsx="0" dsy="1556" fd0="13185" fd1="2726" fd2="-1057" filter-width="3" id="m06-076-04" lbs="-729" lbx="0" lby="1533" segmentation="ok" slant="95000" stroke-width="5303" threshold="158" text="The flyman with ear lobes and thumbs connected," ubs="-761" ubx="0" uby="1501">
      <word id="m06-076-04-00" sentence-start="yes" tag="ATI" text="The">
        <cmp x="328" y="1485" width="32" height="51" />
        <cmp x="364" y="1483" width="78" height="57" />
      </word>
      <word id="m06-076-04-01" tag="NN" text="flyman">
        <cmp x="497" y="1480" width="33" height="67" />
        <cmp x="533" y="1486" width="16" height="50" />
        <cmp x="550" y="1511" width="39" height="53" />
        <cmp x="593" y="1506" width="105" height="40" />
      </word>
      <word id="m06-076-04-02" tag="IN" text="with">
        <cmp x="751" y="1512" width="50" height="31" />
        <cmp x="800" y="1497" width="8" height="7" />
        <cmp x="805" y="1514" width="6" height="24" />
        <cmp x="813" y="1484" width="63" height="62" />
      </word>
      <word id="m06-076-04-03" tag="NN" text="ear">
        <cmp x="929" y="1514" width="35" height="33" />
        <cmp x="965" y="1516" width="40" height="30" />
        <cmp x="1008" y="1522" width="22" height="21" />
      </word>
      <word id="m06-076-04-04" tag="NNS" text="lobes">
        <cmp x="1102" y="1491" width="14" height="53" />
        <cmp x="1124" y="1496" width="89" height="59" />
        <cmp x="1221" y="1518" width="23" height="34" />
      </word>
      <word id="m06-076-04-05" tag="CC" text="and">
        <cmp x="1300" y="1518" width="36" height="33" />
        <cmp x="1334" y="1521" width="33" height="31" />
        <cmp x="1368" y="1494" width="44" height="61" />
      </word>
      <word id="m06-076-04-06" tag="NNS" text="thumbs">
        <cmp x="1472" y="1501" width="26" height="53" />
        <cmp x="1499" y="1499" width="42" height="53" />
        <cmp x="1540" y="1524" width="37" height="31" />
        <cmp x="1581" y="1525" width="48" height="24" />
        <cmp x="1634" y="1506" width="65" height="51" />
      </word>
      <word id="m06-076-04-07" tag="VBN" text="connected">
        <cmp x="1748" y="1522" width="56" height="34" />
        <cmp x="1807" y="1524" width="32" height="30" />
        <cmp x="1839" y="1524" width="32" height="31" />
        <cmp x="1873" y="1526" width="34" height="28" />
        <cmp x="1913" y="1523" width="36" height="32" />
        <cmp x="1946" y="1498" width="30" height="60" />
        <cmp x="1976" y="1530" width="31" height="26" />
        <cmp x="2007" y="1503" width="37" height="52" />
      </word>
      <word id="m06-076-04-08" tag="," text=",">
        <cmp x="2058" y="1539" width="15" height="33" />
      </word>
      <upper-contour>
        <point x="333" y="1389" />
        <point x="2023" y="1389" />
      </upper-contour>
      <lower-contour>
        <point x="335" y="1564" />
        <point x="1900" y="1564" />
      </lower-contour>
    </line>
    <line ass="-818" asx="0" asy="1648" character-width="999" dss="-818" dsx="0" dsy="1756" fd0="12959" fd1="2656" fd2="-1431" filter-width="3" id="m06-076-05" lbs="-827" lbx="0" lby="1714" segmentation="ok" slant="96000" stroke-width="5394" threshold="157" text="making his perpetual little gesture of protest," ubs="-800" ubx="0" uby="1677">
      <word id="m06-076-05-00" tag="VBG" text="making">
        <cmp x="337" y="1681" width="91" height="37" />
        <cmp x="429" y="1666" width="48" height="57" />
        <cmp x="467" y="1660" width="11" height="18" />
        <cmp x="484" y="1691" width="30" height="32" />
        <cmp x="511" y="1693" width="29" height="70" />
      </word>
      <word id="m06-076-05-01" tag="PP$" text="his">
        <cmp x="610" y="1660" width="47" height="59" />
        <cmp x="654" y="1673" width="8" height="7" />
        <cmp x="658" y="1692" width="8" height="23" />
        <cmp x="671" y="1686" width="31" height="41" />
      </word>
      <word id="m06-076-05-02" tag="JJ" text="perpetual">
        <cmp x="767" y="1688" width="34" height="65" />
        <cmp x="804" y="1692" width="56" height="28" />
        <cmp x="864" y="1693" width="33" height="55" />
        <cmp x="901" y="1694" width="31" height="31" />
        <cmp x="929" y="1675" width="122" height="55" />
      </word>
      <word id="m06-076-05-03" tag="JJ" text="little">
        <cmp x="1119" y="1676" width="31" height="50" />
        <cmp x="1143" y="1678" width="10" height="9" />
        <cmp x="1159" y="1665" width="42" height="66" />
        <cmp x="1208" y="1674" width="17" height="56" />
        <cmp x="1220" y="1697" width="36" height="36" />
      </word>
      <word id="m06-076-05-04" tag="NN" text="gesture">
        <cmp x="1295" y="1695" width="36" height="75" />
        <cmp x="1335" y="1702" width="29" height="27" />
        <cmp x="1364" y="1694" width="30" height="40" />
        <cmp x="1388" y="1668" width="109" height="63" />
      </word>
      <word id="m06-076-05-05" tag="INO" text="of">
        <cmp x="1559" y="1697" width="33" height="35" />
        <cmp x="1601" y="1671" width="20" height="69" />
      </word>
      <word id="m06-076-05-06" tag="NN" text="protest">
        <cmp x="1682" y="1708" width="32" height="60" />
        <cmp x="1718" y="1682" width="132" height="58" />
        <cmp x="1853" y="1681" width="19" height="58" />
      </word>
      <word id="m06-076-05-07" tag="," text=",">
        <cmp x="1888" y="1736" width="11" height="26" />
      </word>
      <upper-contour>
        <point x="335" y="1564" />
        <point x="1900" y="1564" />
      </upper-contour>
      <lower-contour>
        <point x="337" y="1764" />
        <point x="1182" y="1764" />
      </lower-contour>
    </line>
    <line ass="-420" asx="0" asy="1833" character-width="999" dss="-420" dsx="0" dsy="1924" fd0="12889" fd1="2471" fd2="-757" filter-width="3" id="m06-076-06" lbs="-352" lbx="0" lby="1897" segmentation="ok" slant="101000" stroke-width="5239" threshold="158" text="spoke for the first time." ubs="-554" ubx="0" uby="1864">
      <word id="m06-076-06-00" tag="VBD" text="spoke">
        <cmp x="339" y="1859" width="33" height="36" />
        <cmp x="374" y="1867" width="36" height="60" />
        <cmp x="411" y="1870" width="29" height="34" />
        <cmp x="438" y="1847" width="72" height="52" />
      </word>
      <word id="m06-076-06-01" tag="IN" text="for">
        <cmp x="563" y="1838" width="58" height="77" />
        <cmp x="622" y="1865" width="17" height="35" />
      </word>
      <word id="m06-076-06-02" tag="ATI" text="the">
        <cmp x="697" y="1844" width="107" height="57" />
      </word>
      <word id="m06-076-06-03" tag="OD" text="first">
        <cmp x="855" y="1843" width="43" height="77" />
        <cmp x="890" y="1853" width="8" height="14" />
        <cmp x="907" y="1878" width="18" height="27" />
        <cmp x="927" y="1850" width="49" height="56" />
      </word>
      <word id="m06-076-06-04" tag="NN" text="time">
        <cmp x="1034" y="1848" width="39" height="54" />
        <cmp x="1063" y="1850" width="10" height="15" />
        <cmp x="1083" y="1868" width="49" height="34" />
        <cmp x="1132" y="1874" width="24" height="32" />
      </word>
      <word id="m06-076-06-05" tag="." text=".">
        <cmp x="1175" y="1901" width="6" height="6" />
      </word>
      <upper-contour>
        <point x="337" y="1764" />
        <point x="1182" y="1764" />
      </upper-contour>
    </line>
  </handwritten-part>
</form>

