<?xml version="1.0" encoding="ISO-8859-1"?>

<!DOCTYPE form SYSTEM 'http://www.iam.unibe.ch/~fki/iamdb/form-metadata.dtd'>

<form created="2002-01-25" height="3542" id="m06-083" last-modified="2002-07-17" skew="0" status="final" version="3.0_beta" width="2479" writer-id="552">
  <machine-printed-part>
    <machine-print-line text="&apos;To rule is to serve, woman. Those who bear power are slaves to it. Only an outcast is" />
    <machine-print-line text="free. Because we are Captives, we have the time to talk and think and plan and know." />
    <machine-print-line text="Those who know command the knives of others.&apos; &apos;No hurt will come to you, Lily-yo,&apos;" />
    <machine-print-line text="Band Appa Bondi added. &apos;You will live among us and enjoy your life free from harm.&apos;" />
  </machine-printed-part>
  <handwritten-part>
    <line ass="-523" asx="0" asy="747" character-width="999" dss="-523" dsx="0" dsy="839" fd0="13493" fd1="3565" fd2="-519" filter-width="3" id="m06-083-00" lbs="-477" lbx="0" lby="807" segmentation="ok" slant="95000" stroke-width="5316" threshold="160" text="&apos;To rule is to serve, woman. Those who bear power" ubs="-614" ubx="0" uby="773">
      <word id="m06-083-00-00" sentence-start="yes" tag="*&apos;" text="&apos;">
        <cmp x="351" y="753" width="11" height="21" />
      </word>
      <word id="m06-083-00-01" tag="TO" text="To">
        <cmp x="366" y="752" width="42" height="58" />
        <cmp x="400" y="777" width="33" height="37" />
      </word>
      <word id="m06-083-00-02" tag="VB" text="rule">
        <cmp x="489" y="775" width="75" height="37" />
        <cmp x="554" y="760" width="23" height="48" />
        <cmp x="573" y="785" width="37" height="25" />
      </word>
      <word id="m06-083-00-03" tag="BEZ" text="is">
        <cmp x="661" y="766" width="17" height="16" />
        <cmp x="671" y="782" width="48" height="40" />
      </word>
      <word id="m06-083-00-04" tag="TO" text="to">
        <cmp x="764" y="761" width="57" height="55" />
      </word>
      <word id="m06-083-00-05" tag="VB" text="serve">
        <cmp x="870" y="778" width="32" height="35" />
        <cmp x="901" y="782" width="34" height="31" />
        <cmp x="937" y="788" width="21" height="23" />
        <cmp x="961" y="781" width="24" height="34" />
        <cmp x="991" y="781" width="27" height="33" />
      </word>
      <word id="m06-083-00-06" tag="," text=",">
        <cmp x="1031" y="805" width="10" height="21" />
      </word>
      <word id="m06-083-00-07" tag="NN" text="woman">
        <cmp x="1103" y="781" width="45" height="34" />
        <cmp x="1156" y="788" width="30" height="27" />
        <cmp x="1186" y="783" width="74" height="37" />
        <cmp x="1261" y="787" width="27" height="29" />
      </word>
      <word id="m06-083-00-08" tag="." text=".">
        <cmp x="1302" y="806" width="6" height="5" />
      </word>
      <word id="m06-083-00-09" sentence-start="yes" tag="DTS" text="Those">
        <cmp x="1353" y="763" width="86" height="58" />
        <cmp x="1436" y="788" width="63" height="36" />
        <cmp x="1500" y="791" width="42" height="26" />
      </word>
      <word id="m06-083-00-10" tag="WP" text="who">
        <cmp x="1580" y="794" width="45" height="29" />
        <cmp x="1625" y="778" width="80" height="49" />
      </word>
      <word id="m06-083-00-11" tag="VB" text="bear">
        <cmp x="1760" y="768" width="140" height="59" />
      </word>
      <word id="m06-083-00-12" tag="NN" text="power">
        <cmp x="1950" y="791" width="160" height="67" />
        <cmp x="2114" y="790" width="22" height="31" />
      </word>
      <lower-contour>
        <point x="368" y="858" />
        <point x="2137" y="858" />
      </lower-contour>
    </line>
    <line ass="-387" asx="0" asy="924" character-width="999" dss="-387" dsx="0" dsy="1020" fd0="13434" fd1="2989" fd2="-834" filter-width="3" id="m06-083-01" lbs="-361" lbx="0" lby="991" segmentation="ok" slant="100000" stroke-width="5265" threshold="160" text="are slaves to it. Only an outcast is free. Because" ubs="-439" ubx="0" uby="958">
      <word id="m06-083-01-00" tag="BER" text="are">
        <cmp x="370" y="954" width="63" height="38" />
        <cmp x="438" y="961" width="32" height="33" />
      </word>
      <word id="m06-083-01-01" tag="NNS" text="slaves">
        <cmp x="535" y="959" width="44" height="36" />
        <cmp x="574" y="940" width="62" height="56" />
        <cmp x="633" y="966" width="25" height="30" />
        <cmp x="661" y="967" width="30" height="29" />
        <cmp x="695" y="964" width="27" height="38" />
      </word>
      <word id="m06-083-01-02" tag="IN" text="to">
        <cmp x="789" y="940" width="63" height="59" />
      </word>
      <word id="m06-083-01-03" tag="PP3" text="it">
        <cmp x="908" y="948" width="5" height="5" />
        <cmp x="919" y="968" width="5" height="29" />
        <cmp x="932" y="938" width="19" height="56" />
      </word>
      <word id="m06-083-01-04" tag="." text=".">
        <cmp x="972" y="987" width="9" height="7" />
      </word>
      <word id="m06-083-01-05" sentence-start="yes" tag="RB" text="Only">
        <cmp x="1035" y="940" width="82" height="58" />
        <cmp x="1115" y="945" width="16" height="48" />
        <cmp x="1135" y="973" width="39" height="55" />
      </word>
      <word id="m06-083-01-06" tag="AT" text="an">
        <cmp x="1230" y="962" width="34" height="36" />
        <cmp x="1264" y="971" width="34" height="29" />
      </word>
      <word id="m06-083-01-07" tag="NN" text="outcast">
        <cmp x="1336" y="966" width="38" height="38" />
        <cmp x="1377" y="941" width="62" height="59" />
        <cmp x="1443" y="972" width="33" height="32" />
        <cmp x="1476" y="970" width="30" height="32" />
        <cmp x="1511" y="947" width="46" height="64" />
      </word>
      <word id="m06-083-01-08" tag="BEZ" text="is">
        <cmp x="1613" y="951" width="15" height="20" />
        <cmp x="1619" y="974" width="6" height="32" />
        <cmp x="1631" y="973" width="36" height="36" />
      </word>
      <word id="m06-083-01-09" tag="JJ" text="free">
        <cmp x="1713" y="937" width="45" height="82" />
        <cmp x="1762" y="971" width="26" height="30" />
        <cmp x="1789" y="970" width="33" height="30" />
      </word>
      <word id="m06-083-01-10" tag="." text=".">
        <cmp x="1841" y="996" width="6" height="5" />
      </word>
      <word id="m06-083-01-11" sentence-start="yes" tag="CS" text="Because">
        <cmp x="1896" y="949" width="72" height="56" />
        <cmp x="1979" y="971" width="30" height="31" />
        <cmp x="2012" y="967" width="82" height="37" />
        <cmp x="2095" y="968" width="31" height="36" />
        <cmp x="2128" y="972" width="30" height="27" />
      </word>
      <upper-contour>
        <point x="368" y="858" />
        <point x="2137" y="858" />
      </upper-contour>
      <lower-contour>
        <point x="368" y="1028" />
        <point x="1974" y="1028" />
      </lower-contour>
    </line>
    <line ass="-489" asx="0" asy="1110" character-width="999" dss="-489" dsx="0" dsy="1195" fd0="13132" fd1="2958" fd2="-514" filter-width="3" id="m06-083-02" lbs="-485" lbx="0" lby="1167" segmentation="ok" slant="97000" stroke-width="5360" threshold="159" text="we are Captives, we have the time to talk and" ubs="-496" ubx="0" uby="1135">
      <word id="m06-083-02-00" tag="PP1AS" text="we">
        <cmp x="365" y="1131" width="39" height="35" />
        <cmp x="411" y="1136" width="32" height="31" />
      </word>
      <word id="m06-083-02-01" tag="BER" text="are">
        <cmp x="492" y="1142" width="47" height="34" />
        <cmp x="538" y="1141" width="19" height="30" />
        <cmp x="565" y="1141" width="31" height="32" />
      </word>
      <word id="m06-083-02-02" tag="NNS" text="Captives">
        <cmp x="662" y="1122" width="70" height="55" />
        <cmp x="737" y="1122" width="64" height="81" />
        <cmp x="795" y="1122" width="6" height="8" />
        <cmp x="809" y="1139" width="26" height="31" />
        <cmp x="838" y="1144" width="30" height="31" />
        <cmp x="871" y="1145" width="27" height="32" />
      </word>
      <word id="m06-083-02-03" tag="," text=",">
        <cmp x="916" y="1174" width="7" height="18" />
      </word>
      <word id="m06-083-02-04" tag="PP1AS" text="we">
        <cmp x="971" y="1143" width="43" height="34" />
        <cmp x="1016" y="1154" width="32" height="28" />
      </word>
      <word id="m06-083-02-05" tag="HV" text="have">
        <cmp x="1100" y="1122" width="78" height="57" />
        <cmp x="1177" y="1146" width="25" height="28" />
        <cmp x="1211" y="1149" width="26" height="28" />
      </word>
      <word id="m06-083-02-06" tag="ATI" text="the">
        <cmp x="1291" y="1122" width="102" height="62" />
      </word>
      <word id="m06-083-02-07" tag="NN" text="time">
        <cmp x="1442" y="1130" width="36" height="50" />
        <cmp x="1470" y="1132" width="4" height="9" />
        <cmp x="1483" y="1148" width="44" height="38" />
        <cmp x="1528" y="1154" width="24" height="29" />
      </word>
      <word id="m06-083-02-08" tag="TO" text="to">
        <cmp x="1602" y="1128" width="53" height="53" />
      </word>
      <word id="m06-083-02-09" tag="VB" text="talk">
        <cmp x="1704" y="1125" width="112" height="56" />
      </word>
      <word id="m06-083-02-10" tag="CC" text="and">
        <cmp x="1862" y="1148" width="29" height="33" />
        <cmp x="1895" y="1152" width="34" height="31" />
        <cmp x="1936" y="1132" width="36" height="53" />
      </word>
      <upper-contour>
        <point x="368" y="1028" />
        <point x="1974" y="1028" />
      </upper-contour>
      <lower-contour>
        <point x="366" y="1203" />
        <point x="1919" y="1203" />
      </lower-contour>
    </line>
    <line ass="-235" asx="0" asy="1298" character-width="999" dss="-235" dsx="0" dsy="1379" fd0="13422" fd1="2793" fd2="-785" filter-width="3" id="m06-083-03" lbs="-205" lbx="0" lby="1356" segmentation="ok" slant="99000" stroke-width="5356" threshold="159" text="think and plan and know. Those who know" ubs="-294" ubx="0" uby="1323">
      <word id="m06-083-03-00" tag="VB" text="think">
        <cmp x="368" y="1304" width="80" height="51" />
        <cmp x="440" y="1304" width="10" height="14" />
        <cmp x="453" y="1330" width="30" height="28" />
        <cmp x="480" y="1310" width="32" height="50" />
      </word>
      <word id="m06-083-03-01" tag="CC" text="and">
        <cmp x="559" y="1323" width="79" height="35" />
        <cmp x="636" y="1308" width="38" height="50" />
      </word>
      <word id="m06-083-03-02" tag="VB" text="plan">
        <cmp x="727" y="1330" width="40" height="52" />
        <cmp x="772" y="1309" width="12" height="49" />
        <cmp x="789" y="1326" width="37" height="35" />
        <cmp x="830" y="1329" width="33" height="31" />
      </word>
      <word id="m06-083-03-03" tag="CC" text="and">
        <cmp x="929" y="1327" width="76" height="37" />
        <cmp x="1000" y="1310" width="40" height="55" />
      </word>
      <word id="m06-083-03-04" tag="VB" text="know">
        <cmp x="1098" y="1306" width="40" height="52" />
        <cmp x="1136" y="1331" width="66" height="33" />
        <cmp x="1209" y="1332" width="30" height="26" />
      </word>
      <word id="m06-083-03-05" tag="." text=".">
        <cmp x="1257" y="1354" width="7" height="4" />
      </word>
      <word id="m06-083-03-06" sentence-start="yes" tag="DTS" text="Those">
        <cmp x="1333" y="1309" width="84" height="53" />
        <cmp x="1413" y="1324" width="41" height="36" />
        <cmp x="1454" y="1326" width="28" height="38" />
        <cmp x="1488" y="1331" width="36" height="25" />
      </word>
      <word id="m06-083-03-07" tag="WP" text="who">
        <cmp x="1570" y="1335" width="49" height="27" />
        <cmp x="1620" y="1314" width="41" height="50" />
        <cmp x="1668" y="1333" width="34" height="27" />
      </word>
      <word id="m06-083-03-08" tag="VB" text="know">
        <cmp x="1766" y="1306" width="38" height="52" />
        <cmp x="1803" y="1333" width="38" height="32" />
        <cmp x="1839" y="1332" width="31" height="32" />
        <cmp x="1878" y="1337" width="40" height="25" />
      </word>
      <upper-contour>
        <point x="366" y="1203" />
        <point x="1919" y="1203" />
      </upper-contour>
      <lower-contour>
        <point x="369" y="1382" />
        <point x="1919" y="1382" />
      </lower-contour>
    </line>
    <line ass="-19" asx="0" asy="1468" character-width="999" dss="-19" dsx="0" dsy="1551" fd0="13308" fd1="3152" fd2="-609" filter-width="3" id="m06-083-04" lbs="-60" lbx="0" lby="1533" segmentation="ok" slant="97000" stroke-width="5344" threshold="158" text="command the knives of others.&apos; &apos;No hurt will" ubs="64" ubx="0" uby="1505">
      <word id="m06-083-04-00" tag="VB" text="command">
        <cmp x="371" y="1501" width="26" height="32" />
        <cmp x="402" y="1501" width="37" height="33" />
        <cmp x="442" y="1500" width="46" height="33" />
        <cmp x="489" y="1506" width="43" height="27" />
        <cmp x="535" y="1502" width="38" height="34" />
        <cmp x="572" y="1509" width="36" height="26" />
        <cmp x="606" y="1484" width="38" height="51" />
      </word>
      <word id="m06-083-04-01" tag="ATI" text="the">
        <cmp x="693" y="1487" width="99" height="52" />
      </word>
      <word id="m06-083-04-02" tag="NNS" text="knives">
        <cmp x="847" y="1483" width="71" height="48" />
        <cmp x="927" y="1503" width="8" height="26" />
        <cmp x="929" y="1473" width="8" height="15" />
        <cmp x="947" y="1499" width="30" height="32" />
        <cmp x="986" y="1507" width="26" height="26" />
        <cmp x="1014" y="1499" width="27" height="39" />
      </word>
      <word id="m06-083-04-03" tag="INO" text="of">
        <cmp x="1092" y="1472" width="59" height="81" />
      </word>
      <word id="m06-083-04-04" tag="APS" text="others">
        <cmp x="1213" y="1505" width="34" height="35" />
        <cmp x="1247" y="1481" width="25" height="55" />
        <cmp x="1273" y="1486" width="42" height="49" />
        <cmp x="1315" y="1509" width="26" height="27" />
        <cmp x="1349" y="1508" width="19" height="24" />
        <cmp x="1372" y="1505" width="23" height="33" />
      </word>
      <word id="m06-083-04-05" tag="." text=".">
        <cmp x="1410" y="1531" width="6" height="5" />
      </word>
      <word id="m06-083-04-06" tag="**&apos;" text="&apos;">
        <cmp x="1432" y="1470" width="6" height="25" />
      </word>
      <word id="m06-083-04-07" sentence-start="yes" tag="*&apos;" text="&apos;">
        <cmp x="1516" y="1475" width="7" height="27" />
      </word>
      <word id="m06-083-04-08" tag="ATI" text="No">
        <cmp x="1538" y="1480" width="44" height="53" />
        <cmp x="1592" y="1505" width="25" height="29" />
      </word>
      <word id="m06-083-04-09" tag="NN" text="hurt">
        <cmp x="1668" y="1483" width="38" height="52" />
        <cmp x="1707" y="1478" width="94" height="62" />
      </word>
      <word id="m06-083-04-10" tag="MD" text="will">
        <cmp x="1841" y="1503" width="47" height="31" />
        <cmp x="1886" y="1494" width="8" height="8" />
        <cmp x="1892" y="1503" width="9" height="29" />
        <cmp x="1910" y="1473" width="14" height="58" />
        <cmp x="1929" y="1480" width="8" height="56" />
      </word>
      <upper-contour>
        <point x="369" y="1382" />
        <point x="1919" y="1382" />
      </upper-contour>
      <lower-contour>
        <point x="369" y="1553" />
        <point x="1938" y="1553" />
      </lower-contour>
    </line>
    <line ass="-345" asx="0" asy="1652" character-width="999" dss="-345" dsx="0" dsy="1744" fd0="13451" fd1="2783" fd2="-774" filter-width="3" id="m06-083-05" lbs="-346" lbx="0" lby="1714" segmentation="ok" slant="97000" stroke-width="5366" threshold="157" text="come to you, Lily-yo,&apos; Band Appa Bondi added." ubs="-342" ubx="0" uby="1683">
      <word id="m06-083-05-00" tag="VB" text="come">
        <cmp x="369" y="1678" width="73" height="38" />
        <cmp x="450" y="1684" width="50" height="28" />
        <cmp x="501" y="1688" width="31" height="28" />
      </word>
      <word id="m06-083-05-01" tag="IN" text="to">
        <cmp x="585" y="1658" width="23" height="58" />
        <cmp x="611" y="1693" width="30" height="24" />
      </word>
      <word id="m06-083-05-02" tag="PP2" text="you">
        <cmp x="695" y="1687" width="34" height="59" />
        <cmp x="728" y="1684" width="67" height="33" />
      </word>
      <word id="m06-083-05-03" tag="," text=",">
        <cmp x="810" y="1708" width="11" height="20" />
      </word>
      <word id="m06-083-05-04" tag="NP" text="Lily-yo">
        <cmp x="876" y="1666" width="36" height="43" />
        <cmp x="906" y="1662" width="7" height="8" />
        <cmp x="913" y="1685" width="7" height="25" />
        <cmp x="928" y="1659" width="11" height="53" />
        <cmp x="948" y="1685" width="29" height="48" />
        <cmp x="994" y="1695" width="29" height="7" />
        <cmp x="1029" y="1686" width="32" height="53" />
        <cmp x="1058" y="1691" width="29" height="29" />
      </word>
      <word id="m06-083-05-05" tag="," text=",">
        <cmp x="1102" y="1719" width="10" height="25" />
      </word>
      <word id="m06-083-05-06" tag="**&apos;" text="&apos;">
        <cmp x="1136" y="1660" width="7" height="26" />
      </word>
      <word id="m06-083-05-07" tag="NP" text="Band">
        <cmp x="1187" y="1661" width="34" height="60" />
        <cmp x="1226" y="1681" width="34" height="41" />
        <cmp x="1262" y="1689" width="28" height="33" />
        <cmp x="1294" y="1672" width="38" height="51" />
      </word>
      <word id="m06-083-05-08" tag="NP" text="Appa">
        <cmp x="1382" y="1667" width="76" height="77" />
        <cmp x="1461" y="1700" width="29" height="53" />
        <cmp x="1493" y="1693" width="44" height="32" />
      </word>
      <word id="m06-083-05-09" tag="NP" text="Bondi">
        <cmp x="1596" y="1672" width="67" height="56" />
        <cmp x="1664" y="1694" width="32" height="32" />
        <cmp x="1693" y="1672" width="57" height="56" />
        <cmp x="1740" y="1680" width="8" height="6" />
      </word>
      <word id="m06-083-05-10" tag="VBD" text="added">
        <cmp x="1814" y="1675" width="70" height="48" />
        <cmp x="1885" y="1675" width="42" height="49" />
        <cmp x="1926" y="1680" width="68" height="45" />
      </word>
      <word id="m06-083-05-11" tag="." text=".">
        <cmp x="2013" y="1717" width="6" height="5" />
      </word>
      <upper-contour>
        <point x="369" y="1553" />
        <point x="1938" y="1553" />
      </upper-contour>
      <lower-contour>
        <point x="370" y="1753" />
        <point x="1971" y="1753" />
      </lower-contour>
    </line>
    <line ass="-790" asx="0" asy="1813" character-width="999" dss="-790" dsx="0" dsy="1929" fd0="13449" fd1="2822" fd2="-995" filter-width="3" id="m06-083-06" lbs="-898" lbx="0" lby="1883" segmentation="ok" slant="98000" stroke-width="5332" threshold="158" text="&apos;You will live among us and enjoy your life free" ubs="-574" ubx="0" uby="1853">
      <word id="m06-083-06-00" sentence-start="yes" tag="*&apos;" text="&apos;">
        <cmp x="372" y="1835" width="6" height="16" />
      </word>
      <word id="m06-083-06-01" tag="PP2" text="You">
        <cmp x="390" y="1841" width="36" height="50" />
        <cmp x="426" y="1861" width="67" height="32" />
      </word>
      <word id="m06-083-06-02" tag="MD" text="will">
        <cmp x="542" y="1858" width="46" height="33" />
        <cmp x="586" y="1847" width="6" height="8" />
        <cmp x="591" y="1858" width="7" height="31" />
        <cmp x="597" y="1835" width="16" height="59" />
        <cmp x="612" y="1838" width="17" height="55" />
      </word>
      <word id="m06-083-06-03" tag="VB" text="live">
        <cmp x="684" y="1841" width="31" height="54" />
        <cmp x="722" y="1864" width="19" height="33" />
        <cmp x="744" y="1864" width="36" height="33" />
      </word>
      <word id="m06-083-06-04" tag="IN" text="among">
        <cmp x="826" y="1865" width="87" height="36" />
        <cmp x="913" y="1870" width="61" height="34" />
        <cmp x="981" y="1870" width="37" height="73" />
      </word>
      <word id="m06-083-06-05" tag="PP1OS" text="us">
        <cmp x="1070" y="1861" width="59" height="40" />
      </word>
      <word id="m06-083-06-06" tag="CC" text="and">
        <cmp x="1171" y="1866" width="31" height="37" />
        <cmp x="1203" y="1864" width="32" height="32" />
        <cmp x="1242" y="1837" width="41" height="67" />
      </word>
      <word id="m06-083-06-07" tag="VB" text="enjoy">
        <cmp x="1332" y="1865" width="66" height="37" />
        <cmp x="1390" y="1874" width="26" height="58" />
        <cmp x="1399" y="1855" width="8" height="6" />
        <cmp x="1416" y="1868" width="33" height="34" />
        <cmp x="1454" y="1872" width="30" height="60" />
      </word>
      <word id="m06-083-06-08" tag="PP$" text="your">
        <cmp x="1536" y="1875" width="31" height="57" />
        <cmp x="1571" y="1867" width="88" height="38" />
      </word>
      <word id="m06-083-06-09" tag="NN" text="life">
        <cmp x="1707" y="1852" width="30" height="47" />
        <cmp x="1728" y="1856" width="8" height="5" />
        <cmp x="1742" y="1841" width="21" height="70" />
        <cmp x="1766" y="1873" width="39" height="30" />
      </word>
      <word id="m06-083-06-10" tag="JJ" text="free">
        <cmp x="1852" y="1839" width="53" height="78" />
        <cmp x="1906" y="1875" width="35" height="28" />
        <cmp x="1938" y="1874" width="32" height="29" />
      </word>
      <upper-contour>
        <point x="370" y="1753" />
        <point x="1971" y="1753" />
      </upper-contour>
      <lower-contour>
        <point x="370" y="1897" />
        <point x="774" y="1897" />
      </lower-contour>
    </line>
    <line ass="1335" asx="0" asy="2019" character-width="999" dss="1335" dsx="0" dsy="2094" fd0="13370" fd1="2983" fd2="-14" filter-width="3" id="m06-083-07" lbs="551" lbx="0" lby="2079" segmentation="ok" slant="97000" stroke-width="5625" threshold="157" text="from harm.&apos;" ubs="2905" ubx="0" uby="2069">
      <word id="m06-083-07-00" tag="IN" text="from">
        <cmp x="366" y="2011" width="51" height="76" />
        <cmp x="427" y="2044" width="35" height="30" />
        <cmp x="463" y="2044" width="54" height="28" />
      </word>
      <word id="m06-083-07-01" tag="NN" text="harm">
        <cmp x="570" y="2019" width="84" height="55" />
        <cmp x="654" y="2043" width="21" height="31" />
        <cmp x="677" y="2044" width="48" height="32" />
      </word>
      <word id="m06-083-07-02" tag="." text=".">
        <cmp x="745" y="2070" width="6" height="4" />
      </word>
      <word id="m06-083-07-03" tag="**&apos;" text="&apos;">
        <cmp x="767" y="2016" width="6" height="28" />
      </word>
      <upper-contour>
        <point x="370" y="1897" />
        <point x="774" y="1897" />
      </upper-contour>
    </line>
  </handwritten-part>
</form>

