<?xml version="1.0" encoding="ISO-8859-1"?>

<!DOCTYPE form SYSTEM 'http://www.iam.unibe.ch/~fki/iamdb/form-metadata.dtd'>

<form created="2002-01-25" height="3542" id="m06-091" last-modified="2002-07-17" skew="-95" status="final" version="3.0_beta" width="2479" writer-id="552">
  <machine-printed-part>
    <machine-print-line text="&apos;No!&apos; the Chief Captive said with both mouths. &apos;Before she can enjoy, Lily-yo and" />
    <machine-print-line text="her companion Flor - this other man creature is plainly useless - must help our great" />
    <machine-print-line text="plan.&apos; &apos;The invasion?&apos; Bondi asked. &apos;What else? Flor and Lily-yo, you arrive here at" />
    <machine-print-line text="a good time. Memories of the Heavy World and its savage life are still fresh in you." />
  </machine-printed-part>
  <handwritten-part>
    <line ass="-890" asx="0" asy="722" character-width="999" dss="-890" dsx="0" dsy="824" fd0="13234" fd1="3079" fd2="-912" filter-width="3" id="m06-091-00" lbs="-803" lbx="0" lby="793" segmentation="ok" slant="98000" stroke-width="5516" threshold="158" text="&apos;No!&apos; the Chief Captive said with both mouths." ubs="-1064" ubx="0" uby="755">
      <word id="m06-091-00-00" sentence-start="yes" tag="*&apos;" text="&apos;">
        <cmp x="347" y="731" width="6" height="28" />
      </word>
      <word id="m06-091-00-01" tag="UH" text="No">
        <cmp x="367" y="743" width="43" height="52" />
        <cmp x="414" y="769" width="32" height="29" />
      </word>
      <word id="m06-091-00-02" tag="!" text="!">
        <cmp x="452" y="742" width="10" height="37" />
        <cmp x="462" y="795" width="7" height="7" />
      </word>
      <word id="m06-091-00-03" tag="**&apos;" text="&apos;">
        <cmp x="479" y="731" width="6" height="20" />
      </word>
      <word id="m06-091-00-04" tag="ATI" text="the">
        <cmp x="534" y="739" width="26" height="58" />
        <cmp x="560" y="744" width="78" height="67" />
      </word>
      <word id="m06-091-00-05" tag="NPT" text="Chief">
        <cmp x="698" y="749" width="74" height="61" />
        <cmp x="769" y="753" width="5" height="10" />
        <cmp x="774" y="782" width="7" height="23" />
        <cmp x="786" y="744" width="47" height="86" />
      </word>
      <word id="m06-091-00-06" tag="NN" text="Captive">
        <cmp x="890" y="752" width="100" height="88" />
        <cmp x="987" y="755" width="37" height="57" />
        <cmp x="1015" y="761" width="6" height="9" />
        <cmp x="1029" y="780" width="25" height="29" />
        <cmp x="1060" y="783" width="34" height="29" />
      </word>
      <word id="m06-091-00-07" tag="VBD" text="said">
        <cmp x="1146" y="772" width="30" height="39" />
        <cmp x="1179" y="777" width="35" height="33" />
        <cmp x="1217" y="763" width="10" height="12" />
        <cmp x="1219" y="749" width="46" height="64" />
      </word>
      <word id="m06-091-00-08" tag="IN" text="with">
        <cmp x="1330" y="789" width="49" height="24" />
        <cmp x="1384" y="767" width="5" height="4" />
        <cmp x="1385" y="784" width="7" height="25" />
        <cmp x="1396" y="758" width="73" height="58" />
      </word>
      <word id="m06-091-00-09" tag="ABX" text="both">
        <cmp x="1516" y="754" width="37" height="60" />
        <cmp x="1554" y="757" width="53" height="58" />
        <cmp x="1608" y="762" width="37" height="55" />
      </word>
      <word id="m06-091-00-10" tag="NNS" text="mouths">
        <cmp x="1693" y="779" width="46" height="40" />
        <cmp x="1739" y="783" width="33" height="40" />
        <cmp x="1774" y="787" width="43" height="34" />
        <cmp x="1815" y="759" width="66" height="62" />
        <cmp x="1883" y="782" width="26" height="44" />
      </word>
      <word id="m06-091-00-11" tag="." text=".">
        <cmp x="1923" y="810" width="7" height="9" />
      </word>
      <lower-contour>
        <point x="345" y="840" />
        <point x="1930" y="840" />
      </lower-contour>
    </line>
    <line ass="-441" asx="0" asy="911" character-width="999" dss="-441" dsx="0" dsy="1014" fd0="13643" fd1="2933" fd2="-1013" filter-width="3" id="m06-091-01" lbs="-398" lbx="0" lby="986" segmentation="ok" slant="101000" stroke-width="5372" threshold="159" text="&apos;Before she can enjoy, Lily-yo and her companion" ubs="-526" ubx="0" uby="948">
      <word id="m06-091-01-00" sentence-start="yes" tag="*&apos;" text="&apos;">
        <cmp x="344" y="915" width="8" height="24" />
      </word>
      <word id="m06-091-01-01" tag="CS" text="Before">
        <cmp x="364" y="915" width="43" height="65" />
        <cmp x="408" y="919" width="95" height="90" />
        <cmp x="501" y="949" width="61" height="41" />
      </word>
      <word id="m06-091-01-02" tag="PP3A" text="she">
        <cmp x="624" y="953" width="32" height="40" />
        <cmp x="651" y="932" width="47" height="50" />
        <cmp x="695" y="955" width="36" height="30" />
      </word>
      <word id="m06-091-01-03" tag="MD" text="can">
        <cmp x="783" y="950" width="37" height="37" />
        <cmp x="823" y="950" width="31" height="36" />
        <cmp x="854" y="953" width="33" height="31" />
      </word>
      <word id="m06-091-01-04" tag="VB" text="enjoy">
        <cmp x="949" y="956" width="64" height="29" />
        <cmp x="1011" y="957" width="21" height="63" />
        <cmp x="1019" y="935" width="11" height="6" />
        <cmp x="1037" y="959" width="38" height="29" />
        <cmp x="1074" y="961" width="38" height="56" />
      </word>
      <word id="m06-091-01-05" tag="," text=",">
        <cmp x="1132" y="976" width="10" height="26" />
      </word>
      <word id="m06-091-01-06" tag="NP" text="Lily-yo">
        <cmp x="1172" y="940" width="31" height="47" />
        <cmp x="1207" y="939" width="11" height="12" />
        <cmp x="1210" y="961" width="7" height="29" />
        <cmp x="1225" y="938" width="12" height="49" />
        <cmp x="1242" y="966" width="35" height="58" />
        <cmp x="1289" y="976" width="27" height="8" />
        <cmp x="1323" y="967" width="32" height="52" />
        <cmp x="1361" y="970" width="24" height="29" />
      </word>
      <word id="m06-091-01-07" tag="CC" text="and">
        <cmp x="1436" y="960" width="33" height="35" />
        <cmp x="1470" y="963" width="35" height="29" />
        <cmp x="1506" y="945" width="47" height="47" />
      </word>
      <word id="m06-091-01-08" tag="PP$" text="her">
        <cmp x="1601" y="945" width="74" height="52" />
        <cmp x="1678" y="963" width="21" height="35" />
      </word>
      <word id="m06-091-01-09" tag="NN" text="companion">
        <cmp x="1746" y="957" width="64" height="41" />
        <cmp x="1817" y="958" width="51" height="38" />
        <cmp x="1872" y="962" width="36" height="62" />
        <cmp x="1910" y="958" width="32" height="38" />
        <cmp x="1942" y="963" width="37" height="30" />
        <cmp x="1981" y="966" width="9" height="26" />
        <cmp x="1983" y="939" width="9" height="14" />
        <cmp x="1992" y="963" width="73" height="34" />
      </word>
      <upper-contour>
        <point x="345" y="840" />
        <point x="1930" y="840" />
      </upper-contour>
      <lower-contour>
        <point x="345" y="1024" />
        <point x="2061" y="1024" />
      </lower-contour>
    </line>
    <line ass="-677" asx="0" asy="1101" character-width="999" dss="-677" dsx="0" dsy="1190" fd0="13529" fd1="3161" fd2="-1071" filter-width="3" id="m06-091-02" lbs="-742" lbx="0" lby="1153" segmentation="ok" slant="98000" stroke-width="5338" threshold="159" text="Flor - this other man creature is plainly useless -" ubs="-547" ubx="0" uby="1129">
      <word id="m06-091-02-00" tag="NP" text="Flor">
        <cmp x="347" y="1110" width="50" height="46" />
        <cmp x="401" y="1110" width="20" height="50" />
        <cmp x="422" y="1125" width="37" height="36" />
        <cmp x="461" y="1119" width="31" height="37" />
      </word>
      <word id="m06-091-02-01" tag="*-" text="-">
        <cmp x="522" y="1142" width="40" height="10" />
      </word>
      <word id="m06-091-02-02" tag="DT" text="this">
        <cmp x="565" y="1112" width="35" height="56" />
        <cmp x="599" y="1115" width="45" height="53" />
        <cmp x="633" y="1129" width="8" height="11" />
        <cmp x="638" y="1145" width="12" height="23" />
        <cmp x="651" y="1133" width="27" height="41" />
      </word>
      <word id="m06-091-02-03" tag="AP" text="other">
        <cmp x="726" y="1138" width="36" height="30" />
        <cmp x="761" y="1112" width="69" height="55" />
        <cmp x="827" y="1135" width="35" height="34" />
        <cmp x="861" y="1137" width="22" height="29" />
      </word>
      <word id="m06-091-02-04" tag="NN" text="man">
        <cmp x="929" y="1137" width="51" height="28" />
        <cmp x="983" y="1141" width="36" height="33" />
        <cmp x="1023" y="1143" width="31" height="28" />
      </word>
      <word id="m06-091-02-05" tag="NN" text="creature">
        <cmp x="1105" y="1136" width="34" height="37" />
        <cmp x="1140" y="1133" width="63" height="44" />
        <cmp x="1203" y="1138" width="42" height="33" />
        <cmp x="1240" y="1115" width="71" height="55" />
        <cmp x="1312" y="1138" width="20" height="30" />
        <cmp x="1338" y="1139" width="36" height="31" />
      </word>
      <word id="m06-091-02-06" tag="BEZ" text="is">
        <cmp x="1419" y="1123" width="10" height="12" />
        <cmp x="1420" y="1138" width="6" height="30" />
        <cmp x="1437" y="1141" width="27" height="34" />
      </word>
      <word id="m06-091-02-07" tag="RB" text="plainly">
        <cmp x="1519" y="1140" width="31" height="63" />
        <cmp x="1560" y="1122" width="18" height="52" />
        <cmp x="1582" y="1140" width="43" height="41" />
        <cmp x="1627" y="1127" width="12" height="14" />
        <cmp x="1628" y="1147" width="9" height="29" />
        <cmp x="1643" y="1151" width="26" height="29" />
        <cmp x="1672" y="1132" width="14" height="47" />
        <cmp x="1690" y="1156" width="34" height="54" />
      </word>
      <word id="m06-091-02-08" tag="JJ" text="useless">
        <cmp x="1766" y="1145" width="41" height="31" />
        <cmp x="1814" y="1141" width="28" height="40" />
        <cmp x="1842" y="1123" width="55" height="57" />
        <cmp x="1893" y="1140" width="61" height="37" />
        <cmp x="1959" y="1139" width="27" height="35" />
      </word>
      <word id="m06-091-02-09" tag="*-" text="-">
        <cmp x="2024" y="1154" width="35" height="7" />
      </word>
      <upper-contour>
        <point x="345" y="1024" />
        <point x="2061" y="1024" />
      </upper-contour>
      <lower-contour>
        <point x="345" y="1210" />
        <point x="1986" y="1210" />
      </lower-contour>
    </line>
    <line ass="-439" asx="0" asy="1277" character-width="999" dss="-439" dsx="0" dsy="1384" fd0="13503" fd1="2968" fd2="-1063" filter-width="3" id="m06-091-03" lbs="-366" lbx="0" lby="1341" segmentation="ok" slant="97000" stroke-width="5452" threshold="158" text="must help our great plan.&apos; &apos;The invasion?&apos; Bondi" ubs="-585" ubx="0" uby="1305">
      <word id="m06-091-03-00" tag="MD" text="must">
        <cmp x="340" y="1301" width="58" height="35" />
        <cmp x="398" y="1306" width="45" height="36" />
        <cmp x="438" y="1303" width="41" height="43" />
        <cmp x="473" y="1282" width="23" height="64" />
      </word>
      <word id="m06-091-03-01" tag="VB" text="help">
        <cmp x="544" y="1290" width="41" height="53" />
        <cmp x="588" y="1315" width="39" height="35" />
        <cmp x="624" y="1300" width="21" height="56" />
        <cmp x="648" y="1325" width="31" height="60" />
      </word>
      <word id="m06-091-03-02" tag="PP$" text="our">
        <cmp x="732" y="1316" width="30" height="36" />
        <cmp x="767" y="1317" width="73" height="33" />
      </word>
      <word id="m06-091-03-03" tag="JJ" text="great">
        <cmp x="900" y="1314" width="36" height="77" />
        <cmp x="934" y="1313" width="18" height="32" />
        <cmp x="956" y="1314" width="33" height="35" />
        <cmp x="989" y="1290" width="60" height="61" />
      </word>
      <word id="m06-091-03-04" tag="NN" text="plan">
        <cmp x="1108" y="1321" width="36" height="62" />
        <cmp x="1150" y="1294" width="14" height="54" />
        <cmp x="1169" y="1320" width="63" height="34" />
      </word>
      <word id="m06-091-03-05" tag="." text=".">
        <cmp x="1241" y="1348" width="7" height="7" />
      </word>
      <word id="m06-091-03-06" tag="**&apos;" text="&apos;">
        <cmp x="1270" y="1287" width="7" height="29" />
      </word>
      <word id="m06-091-03-07" sentence-start="yes" tag="*&apos;" text="&apos;">
        <cmp x="1329" y="1302" width="11" height="21" />
      </word>
      <word id="m06-091-03-08" tag="ATI" text="The">
        <cmp x="1347" y="1296" width="34" height="49" />
        <cmp x="1381" y="1302" width="67" height="51" />
      </word>
      <word id="m06-091-03-09" tag="NN" text="invasion">
        <cmp x="1486" y="1332" width="6" height="26" />
        <cmp x="1488" y="1306" width="8" height="18" />
        <cmp x="1500" y="1338" width="29" height="26" />
        <cmp x="1527" y="1326" width="28" height="35" />
        <cmp x="1557" y="1325" width="41" height="34" />
        <cmp x="1602" y="1321" width="26" height="39" />
        <cmp x="1634" y="1324" width="8" height="31" />
        <cmp x="1635" y="1302" width="9" height="12" />
        <cmp x="1650" y="1325" width="30" height="37" />
        <cmp x="1681" y="1331" width="21" height="28" />
      </word>
      <word id="m06-091-03-10" tag="?" text="?">
        <cmp x="1716" y="1307" width="15" height="33" />
        <cmp x="1723" y="1349" width="6" height="5" />
      </word>
      <word id="m06-091-03-11" tag="**&apos;" text="&apos;">
        <cmp x="1757" y="1303" width="9" height="19" />
      </word>
      <word id="m06-091-03-12" tag="NP" text="Bondi">
        <cmp x="1820" y="1303" width="69" height="62" />
        <cmp x="1894" y="1330" width="31" height="31" />
        <cmp x="1925" y="1308" width="60" height="56" />
        <cmp x="1973" y="1315" width="8" height="10" />
      </word>
      <upper-contour>
        <point x="345" y="1210" />
        <point x="1986" y="1210" />
      </upper-contour>
      <lower-contour>
        <point x="338" y="1391" />
        <point x="1984" y="1391" />
      </lower-contour>
    </line>
    <line ass="-865" asx="0" asy="1453" character-width="999" dss="-865" dsx="0" dsy="1542" fd0="13528" fd1="3107" fd2="-583" filter-width="3" id="m06-091-04" lbs="-788" lbx="0" lby="1513" segmentation="err" slant="98000" stroke-width="5416" threshold="158" text="asked. &apos;What else? Flor and Lily-yo, you arrive" ubs="-1018" ubx="0" uby="1477">
      <word id="m06-091-04-00" tag="VBD" text="asked">
        <cmp x="337" y="1488" width="71" height="37" />
        <cmp x="408" y="1469" width="38" height="48" />
        <cmp x="446" y="1478" width="71" height="44" />
      </word>
      <word id="m06-091-04-01" tag="." text=".">
        <cmp x="525" y="1516" width="8" height="5" />
      </word>
      <word id="m06-091-04-02" sentence-start="yes" tag="*&apos;" text="&apos;">
        <cmp x="596" y="1469" width="9" height="23" />
      </word>
      <word id="m06-091-04-03" tag="WDT" text="What">
        <cmp x="617" y="1472" width="49" height="47" />
        <cmp x="671" y="1469" width="89" height="54" />
      </word>
      <word id="m06-091-04-04" tag="RB" text="else">
        <cmp x="808" y="1476" width="58" height="50" />
        <cmp x="873" y="1491" width="65" height="39" />
      </word>
      <word id="m06-091-04-05" tag="?" text="?">
        <cmp x="942" y="1470" width="20" height="37" />
        <cmp x="947" y="1529" width="5" height="5" />
      </word>
      <word id="m06-091-04-06" sentence-start="yes" tag="NP" text="Flor">
        <cmp x="995" y="1477" width="61" height="54" />
        <cmp x="1058" y="1477" width="19" height="51" />
        <cmp x="1081" y="1494" width="36" height="35" />
        <cmp x="1128" y="1498" width="23" height="28" />
      </word>
      <word id="m06-091-04-07" tag="CC" text="and">
        <cmp x="1197" y="1500" width="40" height="32" />
        <cmp x="1237" y="1500" width="28" height="31" />
        <cmp x="1271" y="1481" width="44" height="51" />
      </word>
      <word id="m06-091-04-08" tag="NP" text="Lily-yo">
        <cmp x="1374" y="1482" width="36" height="46" />
        <cmp x="1408" y="1476" width="8" height="8" />
        <cmp x="1410" y="1509" width="6" height="17" />
        <cmp x="1429" y="1478" width="10" height="52" />
        <cmp x="1446" y="1504" width="26" height="51" />
        <cmp x="1490" y="1516" width="31" height="6" />
        <cmp x="1528" y="1504" width="27" height="61" />
        <cmp x="1560" y="1509" width="29" height="30" />
      </word>
      <word id="m06-091-04-09" tag="," text=",">
        <cmp x="1610" y="1528" width="6" height="21" />
      </word>
      <word id="m06-091-04-10" tag="PP2" text="you">
        <cmp x="1657" y="1505" width="31" height="53" />
        <cmp x="1693" y="1505" width="25" height="30" />
        <cmp x="1720" y="1507" width="44" height="33" />
      </word>
      <word id="m06-091-04-11" tag="VB" text="arrive">
        <cmp x="1803" y="1500" width="101" height="40" />
        <cmp x="1896" y="1482" width="7" height="11" />
        <cmp x="1916" y="1501" width="24" height="30" />
        <cmp x="1951" y="1502" width="32" height="30" />
      </word>
      <upper-contour>
        <point x="338" y="1391" />
        <point x="1984" y="1391" />
      </upper-contour>
      <lower-contour>
        <point x="335" y="1566" />
        <point x="1984" y="1566" />
      </lower-contour>
    </line>
    <line ass="-637" asx="0" asy="1636" character-width="999" dss="-637" dsx="0" dsy="1729" fd0="13079" fd1="2810" fd2="-730" filter-width="3" id="m06-091-05" lbs="-637" lbx="0" lby="1700" segmentation="err" slant="94000" stroke-width="5416" threshold="157" text="here at a good time. Memories of the Heavy World" ubs="-636" ubx="0" uby="1668">
      <word id="m06-091-05-00" tag="RN" text="here">
        <cmp x="336" y="1652" width="43" height="52" />
        <cmp x="378" y="1673" width="52" height="33" />
      </word>
      <word id="m06-091-05-01" tag="IN" text="at">
        <cmp x="435" y="1673" width="34" height="34" />
      </word>
      <word id="m06-091-05-02" tag="AT" text="a">
        <cmp x="529" y="1652" width="66" height="56" />
      </word>
      <word id="m06-091-05-03" tag="JJ" text="good">
        <cmp x="655" y="1673" width="45" height="63" />
        <cmp x="705" y="1677" width="27" height="34" />
        <cmp x="735" y="1656" width="76" height="58" />
      </word>
      <word id="m06-091-05-04" tag="NN" text="time">
        <cmp x="860" y="1655" width="24" height="58" />
        <cmp x="889" y="1655" width="6" height="10" />
        <cmp x="889" y="1680" width="9" height="27" />
        <cmp x="905" y="1676" width="53" height="36" />
        <cmp x="955" y="1681" width="35" height="31" />
      </word>
      <word id="m06-091-05-05" tag="." text=".">
        <cmp x="1002" y="1702" width="6" height="6" />
      </word>
      <word id="m06-091-05-06" sentence-start="yes" tag="NNS" text="Memories">
        <cmp x="1056" y="1662" width="163" height="54" />
        <cmp x="1224" y="1681" width="37" height="30" />
        <cmp x="1253" y="1654" width="7" height="15" />
        <cmp x="1272" y="1684" width="30" height="28" />
        <cmp x="1311" y="1676" width="28" height="33" />
      </word>
      <word id="m06-091-05-07" tag="INO" text="of">
        <cmp x="1392" y="1681" width="36" height="33" />
        <cmp x="1428" y="1653" width="29" height="76" />
      </word>
      <word id="m06-091-05-08" tag="ATI" text="the">
        <cmp x="1502" y="1658" width="25" height="66" />
        <cmp x="1528" y="1668" width="45" height="48" />
        <cmp x="1573" y="1689" width="34" height="31" />
      </word>
      <word id="m06-091-05-09" tag="JJ" text="Heavy">
        <cmp x="1661" y="1665" width="43" height="51" />
        <cmp x="1705" y="1684" width="73" height="40" />
        <cmp x="1777" y="1693" width="25" height="27" />
        <cmp x="1817" y="1694" width="31" height="51" />
      </word>
      <word id="m06-091-05-10" tag="NN" text="World">
        <cmp x="1890" y="1669" width="53" height="55" />
        <cmp x="1946" y="1691" width="31" height="33" />
        <cmp x="1982" y="1687" width="23" height="33" />
        <cmp x="2006" y="1669" width="16" height="53" />
        <cmp x="2023" y="1675" width="39" height="51" />
      </word>
      <upper-contour>
        <point x="335" y="1566" />
        <point x="1984" y="1566" />
      </upper-contour>
      <lower-contour>
        <point x="335" y="1745" />
        <point x="1823" y="1745" />
      </lower-contour>
    </line>
    <line ass="-1142" asx="0" asy="1806" character-width="999" dss="-1142" dsx="0" dsy="1905" fd0="13370" fd1="3166" fd2="-898" filter-width="3" id="m06-091-06" lbs="-1153" lbx="0" lby="1872" segmentation="ok" slant="99000" stroke-width="5436" threshold="158" text="and its savage life are still fresh in you." ubs="-1121" ubx="0" uby="1837">
      <word id="m06-091-06-00" tag="CC" text="and">
        <cmp x="337" y="1846" width="43" height="38" />
        <cmp x="387" y="1848" width="28" height="35" />
        <cmp x="420" y="1829" width="42" height="52" />
      </word>
      <word id="m06-091-06-01" tag="PP$" text="its">
        <cmp x="530" y="1830" width="12" height="14" />
        <cmp x="535" y="1846" width="11" height="33" />
        <cmp x="550" y="1819" width="22" height="57" />
        <cmp x="577" y="1846" width="30" height="38" />
      </word>
      <word id="m06-091-06-02" tag="JJ" text="savage">
        <cmp x="677" y="1847" width="80" height="46" />
        <cmp x="757" y="1853" width="33" height="35" />
        <cmp x="795" y="1854" width="72" height="69" />
        <cmp x="869" y="1859" width="27" height="30" />
      </word>
      <word id="m06-091-06-03" tag="NN" text="life">
        <cmp x="962" y="1837" width="34" height="49" />
        <cmp x="989" y="1837" width="9" height="6" />
        <cmp x="1002" y="1827" width="21" height="78" />
        <cmp x="1029" y="1860" width="29" height="30" />
      </word>
      <word id="m06-091-06-04" tag="BER" text="are">
        <cmp x="1115" y="1851" width="50" height="39" />
        <cmp x="1174" y="1857" width="31" height="32" />
      </word>
      <word id="m06-091-06-05" tag="RB" text="still">
        <cmp x="1244" y="1833" width="69" height="63" />
        <cmp x="1303" y="1844" width="8" height="8" />
        <cmp x="1321" y="1833" width="14" height="57" />
        <cmp x="1334" y="1842" width="9" height="51" />
      </word>
      <word id="m06-091-06-06" tag="JJ" text="fresh">
        <cmp x="1392" y="1835" width="51" height="81" />
        <cmp x="1449" y="1864" width="65" height="37" />
        <cmp x="1510" y="1842" width="44" height="56" />
      </word>
      <word id="m06-091-06-07" tag="IN" text="in">
        <cmp x="1597" y="1844" width="6" height="10" />
        <cmp x="1600" y="1879" width="5" height="22" />
        <cmp x="1616" y="1870" width="32" height="34" />
      </word>
      <word id="m06-091-06-08" tag="PP2" text="you">
        <cmp x="1691" y="1867" width="37" height="68" />
        <cmp x="1730" y="1868" width="22" height="36" />
        <cmp x="1762" y="1871" width="35" height="28" />
      </word>
      <word id="m06-091-06-09" tag="." text=".">
        <cmp x="1817" y="1896" width="6" height="6" />
      </word>
      <upper-contour>
        <point x="335" y="1745" />
        <point x="1823" y="1745" />
      </upper-contour>
    </line>
  </handwritten-part>
</form>

