<?xml version="1.0" encoding="ISO-8859-1"?>

<!DOCTYPE form SYSTEM 'http://www.iam.unibe.ch/~fki/iamdb/form-metadata.dtd'>

<form created="2002-01-25" height="3542" id="m06-031" last-modified="2002-07-17" skew="-30" status="final" version="3.0_beta" width="2479" writer-id="552">
  <machine-printed-part>
    <machine-print-line text="&apos;But we -&apos; &apos;Stop your stupid talk, woman!&apos; &apos;We are -&apos; &apos;Be silent, woman, and listen,&apos;" />
    <machine-print-line text="Band Appa Bondi said. &apos;We know much,&apos; repeated the Chief Captive. &apos;Some things" />
    <machine-print-line text="we will tell you. All who make the journey from the Heavy World become changed." />
    <machine-print-line text="Some die. Most live and grow wings. Between the worlds are many strong rays, not" />
    <machine-print-line text="seen or felt, which change our bodies." />
  </machine-printed-part>
  <handwritten-part>
    <line ass="-141" asx="0" asy="733" character-width="999" dss="-141" dsx="0" dsy="840" fd0="13285" fd1="3029" fd2="-304" filter-width="3" id="m06-031-00" lbs="-165" lbx="0" lby="805" segmentation="ok" slant="100000" stroke-width="5294" threshold="159" text="&apos;But we -&apos; &apos;Stop your stupid talk, woman!&apos; &apos;We are -&apos;" ubs="-94" ubx="0" uby="781">
      <word id="m06-031-00-00" sentence-start="yes" tag="*&apos;" text="&apos;">
        <cmp x="356" y="738" width="11" height="25" />
      </word>
      <word id="m06-031-00-01" tag="CC" text="But">
        <cmp x="377" y="755" width="90" height="55" />
        <cmp x="454" y="754" width="29" height="54" />
      </word>
      <word id="m06-031-00-02" tag="PP1AS" text="we">
        <cmp x="532" y="780" width="43" height="27" />
        <cmp x="579" y="782" width="33" height="27" />
      </word>
      <word id="m06-031-00-03" tag="*-" text="-">
        <cmp x="653" y="789" width="27" height="6" />
      </word>
      <word id="m06-031-00-04" tag="**&apos;" text="&apos;">
        <cmp x="696" y="748" width="8" height="26" />
      </word>
      <word id="m06-031-00-05" sentence-start="yes" tag="*&apos;" text="&apos;">
        <cmp x="752" y="751" width="10" height="23" />
      </word>
      <word id="m06-031-00-06" tag="VB" text="Stop">
        <cmp x="777" y="750" width="64" height="54" />
        <cmp x="837" y="776" width="35" height="33" />
        <cmp x="879" y="785" width="30" height="48" />
      </word>
      <word id="m06-031-00-07" tag="PP$" text="your">
        <cmp x="954" y="784" width="36" height="52" />
        <cmp x="996" y="783" width="30" height="31" />
        <cmp x="1028" y="785" width="37" height="26" />
        <cmp x="1069" y="780" width="26" height="30" />
      </word>
      <word id="m06-031-00-08" tag="JJ" text="stupid">
        <cmp x="1153" y="760" width="93" height="55" />
        <cmp x="1251" y="789" width="40" height="55" />
        <cmp x="1286" y="771" width="7" height="9" />
        <cmp x="1290" y="789" width="9" height="24" />
        <cmp x="1302" y="764" width="41" height="54" />
      </word>
      <word id="m06-031-00-09" tag="NN" text="talk">
        <cmp x="1403" y="760" width="68" height="55" />
        <cmp x="1468" y="761" width="17" height="51" />
        <cmp x="1481" y="755" width="42" height="56" />
      </word>
      <word id="m06-031-00-10" tag="," text=",">
        <cmp x="1532" y="807" width="10" height="25" />
      </word>
      <word id="m06-031-00-11" tag="NN" text="woman">
        <cmp x="1577" y="779" width="45" height="37" />
        <cmp x="1622" y="780" width="91" height="37" />
        <cmp x="1714" y="782" width="33" height="32" />
        <cmp x="1751" y="785" width="28" height="33" />
      </word>
      <word id="m06-031-00-12" tag="!" text="!">
        <cmp x="1799" y="754" width="8" height="34" />
        <cmp x="1805" y="802" width="5" height="6" />
      </word>
      <word id="m06-031-00-13" tag="**&apos;" text="&apos;">
        <cmp x="1834" y="738" width="8" height="26" />
      </word>
      <word id="m06-031-00-14" sentence-start="yes" tag="*&apos;" text="&apos;">
        <cmp x="1893" y="746" width="11" height="19" />
      </word>
      <word id="m06-031-00-15" tag="PP1AS" text="We">
        <cmp x="1916" y="767" width="45" height="45" />
        <cmp x="1967" y="782" width="42" height="31" />
      </word>
      <word id="m06-031-00-16" tag="BER" text="are">
        <cmp x="2050" y="783" width="35" height="35" />
        <cmp x="2088" y="786" width="21" height="30" />
        <cmp x="2112" y="788" width="33" height="28" />
      </word>
      <word id="m06-031-00-17" tag="*-" text="-">
        <cmp x="2169" y="797" width="26" height="6" />
      </word>
      <word id="m06-031-00-18" tag="**&apos;" text="&apos;">
        <cmp x="2214" y="764" width="7" height="22" />
      </word>
      <lower-contour>
        <point x="355" y="844" />
        <point x="2122" y="844" />
      </lower-contour>
    </line>
    <line ass="-172" asx="0" asy="929" character-width="999" dss="-172" dsx="0" dsy="1012" fd0="13402" fd1="2889" fd2="-804" filter-width="3" id="m06-031-01" lbs="-206" lbx="0" lby="989" segmentation="ok" slant="102000" stroke-width="5343" threshold="158" text="&apos;Be silent, woman, and listen,&apos; Band Appa Bondi said." ubs="-105" ubx="0" uby="964">
      <word id="m06-031-01-00" sentence-start="yes" tag="*&apos;" text="&apos;">
        <cmp x="357" y="932" width="6" height="17" />
      </word>
      <word id="m06-031-01-01" tag="BE" text="Be">
        <cmp x="379" y="938" width="43" height="51" />
        <cmp x="425" y="960" width="31" height="26" />
      </word>
      <word id="m06-031-01-02" tag="JJ" text="silent">
        <cmp x="500" y="954" width="40" height="34" />
        <cmp x="529" y="932" width="10" height="9" />
        <cmp x="540" y="964" width="8" height="19" />
        <cmp x="552" y="944" width="16" height="44" />
        <cmp x="565" y="961" width="32" height="28" />
        <cmp x="601" y="964" width="36" height="27" />
        <cmp x="626" y="939" width="32" height="52" />
      </word>
      <word id="m06-031-01-03" tag="," text=",">
        <cmp x="680" y="984" width="6" height="21" />
      </word>
      <word id="m06-031-01-04" tag="NN" text="woman">
        <cmp x="719" y="966" width="76" height="33" />
        <cmp x="799" y="966" width="81" height="30" />
        <cmp x="880" y="966" width="34" height="29" />
      </word>
      <word id="m06-031-01-05" tag="," text=",">
        <cmp x="935" y="990" width="6" height="16" />
      </word>
      <word id="m06-031-01-06" tag="CC" text="and">
        <cmp x="979" y="961" width="37" height="31" />
        <cmp x="1017" y="964" width="27" height="30" />
        <cmp x="1047" y="942" width="39" height="53" />
      </word>
      <word id="m06-031-01-07" tag="VB" text="listen">
        <cmp x="1135" y="943" width="33" height="51" />
        <cmp x="1156" y="949" width="9" height="14" />
        <cmp x="1167" y="961" width="33" height="35" />
        <cmp x="1195" y="941" width="57" height="54" />
        <cmp x="1249" y="962" width="31" height="31" />
      </word>
      <word id="m06-031-01-08" tag="," text=",">
        <cmp x="1292" y="989" width="5" height="16" />
      </word>
      <word id="m06-031-01-09" tag="**&apos;" text="&apos;">
        <cmp x="1319" y="941" width="8" height="20" />
      </word>
      <word id="m06-031-01-10" tag="NP" text="Band">
        <cmp x="1375" y="945" width="78" height="56" />
        <cmp x="1456" y="971" width="29" height="26" />
        <cmp x="1487" y="945" width="42" height="54" />
      </word>
      <word id="m06-031-01-11" tag="NP" text="Appa">
        <cmp x="1593" y="944" width="34" height="49" />
        <cmp x="1629" y="965" width="110" height="52" />
      </word>
      <word id="m06-031-01-12" tag="NP" text="Bondi">
        <cmp x="1789" y="934" width="67" height="60" />
        <cmp x="1859" y="938" width="78" height="57" />
        <cmp x="1923" y="938" width="7" height="10" />
      </word>
      <word id="m06-031-01-13" tag="VBD" text="said">
        <cmp x="1979" y="960" width="69" height="36" />
        <cmp x="2048" y="944" width="9" height="12" />
        <cmp x="2049" y="962" width="9" height="28" />
        <cmp x="2063" y="940" width="41" height="54" />
      </word>
      <word id="m06-031-01-14" tag="." text=".">
        <cmp x="2117" y="989" width="5" height="4" />
      </word>
      <upper-contour>
        <point x="355" y="844" />
        <point x="2122" y="844" />
      </upper-contour>
      <lower-contour>
        <point x="355" y="1018" />
        <point x="2062" y="1018" />
      </lower-contour>
    </line>
    <line ass="-50" asx="0" asy="1106" character-width="999" dss="-50" dsx="0" dsy="1198" fd0="13148" fd1="2558" fd2="-999" filter-width="3" id="m06-031-02" lbs="-18" lbx="0" lby="1171" segmentation="err" slant="103000" stroke-width="5358" threshold="159" text="&apos;We know much,&apos; repeated the Chief Captive. &apos;Some" ubs="-113" ubx="0" uby="1140">
      <word id="m06-031-02-00" sentence-start="yes" tag="*&apos;" text="&apos;">
        <cmp x="345" y="1108" width="6" height="12" />
      </word>
      <word id="m06-031-02-01" tag="PP1AS" text="We">
        <cmp x="364" y="1111" width="50" height="52" />
        <cmp x="416" y="1135" width="36" height="30" />
      </word>
      <word id="m06-031-02-02" tag="VB" text="know">
        <cmp x="498" y="1120" width="36" height="48" />
        <cmp x="534" y="1140" width="67" height="32" />
        <cmp x="604" y="1143" width="36" height="26" />
      </word>
      <word id="m06-031-02-03" tag="AP" text="much">
        <cmp x="694" y="1139" width="48" height="30" />
        <cmp x="742" y="1139" width="41" height="34" />
        <cmp x="784" y="1123" width="59" height="51" />
      </word>
      <word id="m06-031-02-04" tag="," text=",">
        <cmp x="863" y="1163" width="6" height="15" />
      </word>
      <word id="m06-031-02-05" tag="**&apos;" text="&apos;">
        <cmp x="890" y="1109" width="7" height="16" />
      </word>
      <word id="m06-031-02-06" tag="VBD" text="repeated">
        <cmp x="943" y="1136" width="171" height="64" />
        <cmp x="1105" y="1118" width="95" height="55" />
      </word>
      <word id="m06-031-02-07" tag="ATI" text="the">
        <cmp x="1237" y="1119" width="70" height="51" />
        <cmp x="1310" y="1142" width="36" height="30" />
      </word>
      <word id="m06-031-02-08" tag="NPT" text="Chief">
        <cmp x="1403" y="1113" width="76" height="60" />
        <cmp x="1478" y="1119" width="9" height="11" />
        <cmp x="1480" y="1147" width="12" height="25" />
        <cmp x="1493" y="1111" width="61" height="73" />
      </word>
      <word id="m06-031-02-09" tag="NN" text="Captive">
        <cmp x="1603" y="1116" width="39" height="55" />
        <cmp x="1635" y="1140" width="46" height="32" />
        <cmp x="1676" y="1117" width="67" height="75" />
        <cmp x="1733" y="1121" width="10" height="9" />
      </word>
      <word id="m06-031-02-10" tag="." text=".">
        <cmp x="1747" y="1140" width="68" height="31" />
      </word>
      <word id="m06-031-02-11" sentence-start="yes" tag="*&apos;" text="&apos;">
        <cmp x="1872" y="1120" width="13" height="22" />
      </word>
      <word id="m06-031-02-12" tag="DTI" text="Some">
        <cmp x="1897" y="1124" width="72" height="57" />
        <cmp x="1973" y="1144" width="51" height="36" />
        <cmp x="2017" y="1147" width="44" height="31" />
      </word>
      <upper-contour>
        <point x="355" y="1018" />
        <point x="2062" y="1018" />
      </upper-contour>
      <lower-contour>
        <point x="354" y="1200" />
        <point x="2062" y="1200" />
      </lower-contour>
    </line>
    <line ass="-449" asx="0" asy="1268" character-width="999" dss="-449" dsx="0" dsy="1388" fd0="13416" fd1="3020" fd2="-686" filter-width="3" id="m06-031-03" lbs="-429" lbx="0" lby="1344" segmentation="ok" slant="99000" stroke-width="5378" threshold="158" text="things we will tell you. All who make the journey from" ubs="-488" ubx="0" uby="1312">
      <word id="m06-031-03-00" tag="NNS" text="things">
        <cmp x="356" y="1296" width="67" height="55" />
        <cmp x="420" y="1297" width="8" height="10" />
        <cmp x="425" y="1323" width="10" height="25" />
        <cmp x="435" y="1320" width="66" height="73" />
        <cmp x="505" y="1319" width="26" height="38" />
      </word>
      <word id="m06-031-03-01" tag="PP1AS" text="we">
        <cmp x="596" y="1317" width="69" height="33" />
      </word>
      <word id="m06-031-03-02" tag="MD" text="will">
        <cmp x="709" y="1318" width="46" height="30" />
        <cmp x="755" y="1308" width="5" height="3" />
        <cmp x="758" y="1324" width="6" height="20" />
        <cmp x="770" y="1292" width="17" height="52" />
        <cmp x="788" y="1296" width="7" height="51" />
      </word>
      <word id="m06-031-03-03" tag="VB" text="tell">
        <cmp x="845" y="1300" width="60" height="51" />
        <cmp x="903" y="1296" width="34" height="51" />
      </word>
      <word id="m06-031-03-04" tag="PP2" text="you">
        <cmp x="970" y="1325" width="30" height="57" />
        <cmp x="1002" y="1325" width="56" height="31" />
      </word>
      <word id="m06-031-03-05" tag="." text=".">
        <cmp x="1063" y="1349" width="5" height="4" />
      </word>
      <word id="m06-031-03-06" sentence-start="yes" tag="ABN" text="All">
        <cmp x="1116" y="1303" width="38" height="54" />
        <cmp x="1155" y="1304" width="20" height="53" />
        <cmp x="1170" y="1309" width="14" height="45" />
      </word>
      <word id="m06-031-03-07" tag="WP" text="who">
        <cmp x="1227" y="1330" width="45" height="22" />
        <cmp x="1265" y="1304" width="43" height="48" />
        <cmp x="1304" y="1324" width="40" height="29" />
      </word>
      <word id="m06-031-03-08" tag="VB" text="make">
        <cmp x="1377" y="1318" width="48" height="36" />
        <cmp x="1424" y="1302" width="96" height="57" />
      </word>
      <word id="m06-031-03-09" tag="ATI" text="the">
        <cmp x="1567" y="1305" width="68" height="54" />
        <cmp x="1632" y="1330" width="30" height="26" />
      </word>
      <word id="m06-031-03-10" tag="NN" text="journey">
        <cmp x="1716" y="1291" width="12" height="11" />
        <cmp x="1720" y="1318" width="15" height="62" />
        <cmp x="1744" y="1320" width="35" height="34" />
        <cmp x="1780" y="1318" width="38" height="36" />
        <cmp x="1817" y="1321" width="20" height="31" />
        <cmp x="1838" y="1327" width="75" height="30" />
        <cmp x="1914" y="1328" width="35" height="48" />
      </word>
      <word id="m06-031-03-11" tag="IN" text="from">
        <cmp x="2002" y="1285" width="22" height="83" />
        <cmp x="2028" y="1319" width="21" height="33" />
        <cmp x="2052" y="1321" width="33" height="32" />
        <cmp x="2087" y="1321" width="46" height="31" />
      </word>
      <upper-contour>
        <point x="354" y="1200" />
        <point x="2062" y="1200" />
      </upper-contour>
      <lower-contour>
        <point x="366" y="1393" />
        <point x="2134" y="1393" />
      </lower-contour>
    </line>
    <line ass="-367" asx="0" asy="1468" character-width="999" dss="-367" dsx="0" dsy="1556" fd0="13419" fd1="3495" fd2="-882" filter-width="3" id="m06-031-04" lbs="-411" lbx="0" lby="1525" segmentation="ok" slant="104000" stroke-width="5334" threshold="158" text="the Heavy World become changed. Some die. Most live" ubs="-280" ubx="0" uby="1499">
      <word id="m06-031-04-00" tag="ATI" text="the">
        <cmp x="368" y="1483" width="68" height="49" />
        <cmp x="429" y="1504" width="35" height="28" />
      </word>
      <word id="m06-031-04-01" tag="JJ" text="Heavy">
        <cmp x="514" y="1480" width="51" height="50" />
        <cmp x="565" y="1500" width="69" height="31" />
        <cmp x="633" y="1504" width="30" height="26" />
        <cmp x="664" y="1507" width="19" height="19" />
        <cmp x="674" y="1508" width="23" height="47" />
      </word>
      <word id="m06-031-04-02" tag="NN" text="World">
        <cmp x="749" y="1488" width="103" height="46" />
        <cmp x="856" y="1482" width="21" height="49" />
        <cmp x="877" y="1486" width="41" height="50" />
      </word>
      <word id="m06-031-04-03" tag="VB" text="become">
        <cmp x="969" y="1480" width="64" height="58" />
        <cmp x="1035" y="1506" width="62" height="31" />
        <cmp x="1100" y="1504" width="76" height="31" />
      </word>
      <word id="m06-031-04-04" tag="JJ" text="changed">
        <cmp x="1220" y="1502" width="32" height="27" />
        <cmp x="1245" y="1480" width="43" height="50" />
        <cmp x="1287" y="1498" width="34" height="31" />
        <cmp x="1320" y="1503" width="33" height="25" />
        <cmp x="1348" y="1503" width="41" height="62" />
        <cmp x="1386" y="1509" width="32" height="23" />
        <cmp x="1417" y="1488" width="43" height="46" />
      </word>
      <word id="m06-031-04-05" tag="." text=".">
        <cmp x="1471" y="1534" width="9" height="5" />
      </word>
      <word id="m06-031-04-06" sentence-start="yes" tag="DTI" text="Some">
        <cmp x="1511" y="1486" width="130" height="60" />
        <cmp x="1635" y="1514" width="38" height="30" />
      </word>
      <word id="m06-031-04-07" tag="VB" text="die">
        <cmp x="1715" y="1496" width="56" height="51" />
        <cmp x="1757" y="1495" width="10" height="11" />
        <cmp x="1774" y="1513" width="32" height="31" />
      </word>
      <word id="m06-031-04-08" tag="." text=".">
        <cmp x="1814" y="1538" width="7" height="5" />
      </word>
      <word id="m06-031-04-09" sentence-start="yes" tag="AP" text="Most">
        <cmp x="1863" y="1487" width="46" height="47" />
        <cmp x="1914" y="1504" width="32" height="35" />
        <cmp x="1947" y="1502" width="34" height="40" />
        <cmp x="1976" y="1483" width="25" height="53" />
      </word>
      <word id="m06-031-04-10" tag="VB" text="live">
        <cmp x="2047" y="1483" width="32" height="55" />
        <cmp x="2074" y="1486" width="6" height="12" />
        <cmp x="2088" y="1509" width="22" height="24" />
        <cmp x="2116" y="1509" width="32" height="29" />
      </word>
      <upper-contour>
        <point x="366" y="1393" />
        <point x="2134" y="1393" />
      </upper-contour>
      <lower-contour>
        <point x="371" y="1565" />
        <point x="2139" y="1565" />
      </lower-contour>
    </line>
    <line ass="-16" asx="0" asy="1656" character-width="999" dss="-16" dsx="0" dsy="1758" fd0="13312" fd1="2866" fd2="-804" filter-width="3" id="m06-031-05" lbs="-11" lbx="0" lby="1717" segmentation="ok" slant="103000" stroke-width="5399" threshold="157" text="and grow wings. Between the worlds are many strong" ubs="-26" ubx="0" uby="1690">
      <word id="m06-031-05-00" tag="CC" text="and">
        <cmp x="373" y="1685" width="73" height="37" />
        <cmp x="445" y="1669" width="42" height="52" />
      </word>
      <word id="m06-031-05-01" tag="VB" text="grow">
        <cmp x="533" y="1684" width="39" height="70" />
        <cmp x="569" y="1688" width="22" height="29" />
        <cmp x="592" y="1691" width="35" height="26" />
        <cmp x="628" y="1696" width="43" height="21" />
      </word>
      <word id="m06-031-05-02" tag="NNS" text="wings">
        <cmp x="726" y="1692" width="44" height="26" />
        <cmp x="769" y="1668" width="11" height="15" />
        <cmp x="770" y="1694" width="7" height="23" />
        <cmp x="788" y="1694" width="27" height="26" />
        <cmp x="820" y="1694" width="35" height="56" />
        <cmp x="853" y="1689" width="29" height="31" />
      </word>
      <word id="m06-031-05-03" tag="." text=".">
        <cmp x="895" y="1717" width="4" height="3" />
      </word>
      <word id="m06-031-05-04" sentence-start="yes" tag="IN" text="Between">
        <cmp x="950" y="1665" width="106" height="58" />
        <cmp x="1066" y="1691" width="104" height="29" />
        <cmp x="1175" y="1694" width="26" height="25" />
      </word>
      <word id="m06-031-05-05" tag="ATI" text="the">
        <cmp x="1250" y="1666" width="27" height="57" />
        <cmp x="1274" y="1665" width="74" height="52" />
      </word>
      <word id="m06-031-05-06" tag="NNS" text="worlds">
        <cmp x="1394" y="1689" width="68" height="31" />
        <cmp x="1467" y="1683" width="20" height="32" />
        <cmp x="1492" y="1672" width="11" height="45" />
        <cmp x="1508" y="1675" width="69" height="46" />
      </word>
      <word id="m06-031-05-07" tag="BER" text="are">
        <cmp x="1615" y="1688" width="35" height="32" />
        <cmp x="1650" y="1689" width="19" height="27" />
        <cmp x="1673" y="1690" width="30" height="27" />
      </word>
      <word id="m06-031-05-08" tag="AP" text="many">
        <cmp x="1750" y="1686" width="82" height="33" />
        <cmp x="1836" y="1690" width="30" height="27" />
        <cmp x="1861" y="1694" width="26" height="19" />
        <cmp x="1871" y="1694" width="36" height="49" />
      </word>
      <word id="m06-031-05-09" tag="JJ" text="strong">
        <cmp x="1953" y="1686" width="35" height="33" />
        <cmp x="1981" y="1657" width="83" height="64" />
        <cmp x="2069" y="1692" width="26" height="31" />
        <cmp x="2099" y="1690" width="39" height="69" />
      </word>
      <upper-contour>
        <point x="371" y="1565" />
        <point x="2139" y="1565" />
      </upper-contour>
      <lower-contour>
        <point x="371" y="1754" />
        <point x="2021" y="1754" />
      </lower-contour>
    </line>
    <line ass="-145" asx="0" asy="1834" character-width="999" dss="-145" dsx="0" dsy="1936" fd0="13392" fd1="2955" fd2="-846" filter-width="3" id="m06-031-06" lbs="-161" lbx="0" lby="1896" segmentation="err" slant="104000" stroke-width="5323" threshold="158" text="rays, not seen or felt, which change our bodies." ubs="-112" ubx="0" uby="1867">
      <word id="m06-031-06-00" tag="NNS" text="rays">
        <cmp x="367" y="1857" width="70" height="38" />
        <cmp x="449" y="1866" width="31" height="54" />
        <cmp x="483" y="1865" width="28" height="36" />
      </word>
      <word id="m06-031-06-01" tag="," text=",">
        <cmp x="531" y="1887" width="7" height="17" />
      </word>
      <word id="m06-031-06-02" tag="XNOT" text="not">
        <cmp x="582" y="1865" width="34" height="31" />
        <cmp x="618" y="1866" width="36" height="34" />
        <cmp x="653" y="1844" width="27" height="47" />
      </word>
      <word id="m06-031-06-03" tag="VBN" text="seen">
        <cmp x="725" y="1866" width="38" height="35" />
        <cmp x="762" y="1871" width="68" height="29" />
        <cmp x="835" y="1869" width="28" height="29" />
      </word>
      <word id="m06-031-06-04" tag="CC" text="or">
        <cmp x="918" y="1869" width="37" height="30" />
        <cmp x="960" y="1866" width="25" height="31" />
      </word>
      <word id="m06-031-06-05" tag="VBN" text="felt">
        <cmp x="1024" y="1837" width="73" height="68" />
        <cmp x="1094" y="1843" width="32" height="61" />
        <cmp x="1135" y="1893" width="5" height="24" />
      </word>
      <word id="m06-031-06-06" tag="," text=",">
        <cmp x="1192" y="1848" width="91" height="51" />
      </word>
      <word id="m06-031-06-07" tag="WDT" text="which">
        <cmp x="1271" y="1854" width="8" height="13" />
        <cmp x="1289" y="1870" width="32" height="29" />
        <cmp x="1312" y="1849" width="41" height="48" />
      </word>
      <word id="m06-031-06-08" tag="VB" text="change">
        <cmp x="1401" y="1868" width="31" height="30" />
        <cmp x="1427" y="1852" width="45" height="51" />
        <cmp x="1470" y="1871" width="42" height="33" />
        <cmp x="1511" y="1874" width="40" height="30" />
        <cmp x="1544" y="1874" width="38" height="66" />
        <cmp x="1584" y="1874" width="31" height="29" />
      </word>
      <word id="m06-031-06-09" tag="PP$" text="our">
        <cmp x="1662" y="1869" width="33" height="32" />
        <cmp x="1700" y="1874" width="41" height="29" />
        <cmp x="1741" y="1872" width="25" height="29" />
      </word>
      <word id="m06-031-06-10" tag="NNS" text="bodies">
        <cmp x="1831" y="1848" width="123" height="57" />
        <cmp x="1941" y="1852" width="12" height="9" />
        <cmp x="1953" y="1872" width="36" height="23" />
      </word>
      <word id="m06-031-06-11" tag="." text=".">
        <cmp x="1987" y="1864" width="33" height="35" />
      </word>
      <upper-contour>
        <point x="371" y="1754" />
        <point x="2021" y="1754" />
      </upper-contour>
    </line>
  </handwritten-part>
</form>

