<?xml version="1.0" encoding="ISO-8859-1"?>

<!DOCTYPE form SYSTEM 'http://www.iam.unibe.ch/~fki/iamdb/form-metadata.dtd'>

<form created="2002-01-25" height="3542" id="m06-106" last-modified="2002-07-17" skew="-63" status="final" version="3.0_beta" width="2479" writer-id="552">
  <machine-printed-part>
    <machine-print-line text="Motion there was, but motion without event - except for those negligible events that" />
    <machine-print-line text="seemed so large to the creatures participating in them. For Lily-yo, Flor and Haris" />
    <machine-print-line text="there were many events. Chief of these was that they learned to fly properly. The" />
    <machine-print-line text="pains associated with their wings soon died away as the wonderful new flesh and tendon" />
    <machine-print-line text="strengthened. To sail up in the light gravity became an increasing delight - the ugly" />
    <machine-print-line text="flopping movements of flymen on the Heavy World had no place here." />
  </machine-printed-part>
  <handwritten-part>
    <line ass="-207" asx="0" asy="786" character-width="999" dss="-207" dsx="0" dsy="868" fd0="13438" fd1="2919" fd2="-975" filter-width="3" id="m06-106-00" lbs="-186" lbx="0" lby="845" segmentation="ok" slant="101000" stroke-width="5322" threshold="159" text="Motion there was, but motion without event - except" ubs="-249" ubx="0" uby="815">
      <word id="m06-106-00-00" sentence-start="yes" tag="NN" text="Motion">
        <cmp x="338" y="793" width="52" height="50" />
        <cmp x="389" y="811" width="32" height="34" />
        <cmp x="422" y="794" width="32" height="48" />
        <cmp x="443" y="792" width="11" height="15" />
        <cmp x="464" y="817" width="27" height="29" />
        <cmp x="492" y="824" width="29" height="24" />
      </word>
      <word id="m06-106-00-01" tag="EX" text="there">
        <cmp x="581" y="792" width="71" height="54" />
        <cmp x="652" y="818" width="31" height="31" />
        <cmp x="690" y="820" width="16" height="25" />
        <cmp x="714" y="820" width="35" height="29" />
      </word>
      <word id="m06-106-00-02" tag="BEDZ" text="was">
        <cmp x="796" y="816" width="87" height="35" />
        <cmp x="881" y="816" width="31" height="34" />
      </word>
      <word id="m06-106-00-03" tag="," text=",">
        <cmp x="914" y="842" width="7" height="21" />
      </word>
      <word id="m06-106-00-04" tag="CC" text="but">
        <cmp x="971" y="792" width="106" height="64" />
      </word>
      <word id="m06-106-00-05" tag="NN" text="motion">
        <cmp x="1126" y="818" width="49" height="32" />
        <cmp x="1171" y="819" width="37" height="29" />
        <cmp x="1203" y="800" width="38" height="48" />
        <cmp x="1229" y="799" width="10" height="12" />
        <cmp x="1247" y="824" width="27" height="27" />
        <cmp x="1278" y="824" width="28" height="26" />
      </word>
      <word id="m06-106-00-06" tag="IN" text="without">
        <cmp x="1362" y="824" width="52" height="28" />
        <cmp x="1406" y="804" width="7" height="5" />
        <cmp x="1414" y="826" width="8" height="20" />
        <cmp x="1419" y="792" width="54" height="60" />
        <cmp x="1475" y="819" width="32" height="32" />
        <cmp x="1508" y="795" width="68" height="56" />
      </word>
      <word id="m06-106-00-07" tag="NN" text="event">
        <cmp x="1618" y="820" width="27" height="34" />
        <cmp x="1649" y="818" width="22" height="35" />
        <cmp x="1677" y="824" width="26" height="29" />
        <cmp x="1705" y="822" width="32" height="34" />
        <cmp x="1734" y="797" width="19" height="54" />
      </word>
      <word id="m06-106-00-08" tag="*-" text="-">
        <cmp x="1815" y="829" width="25" height="7" />
      </word>
      <word id="m06-106-00-09" tag="IN21" text="except">
        <cmp x="1875" y="820" width="31" height="30" />
        <cmp x="1912" y="820" width="28" height="28" />
        <cmp x="1949" y="820" width="30" height="32" />
        <cmp x="1984" y="823" width="27" height="27" />
        <cmp x="2016" y="829" width="38" height="47" />
        <cmp x="2051" y="803" width="30" height="48" />
      </word>
      <lower-contour>
        <point x="344" y="876" />
        <point x="2082" y="876" />
      </lower-contour>
    </line>
    <line ass="-168" asx="0" asy="960" character-width="999" dss="-168" dsx="0" dsy="1061" fd0="13114" fd1="2919" fd2="-991" filter-width="3" id="m06-106-01" lbs="-209" lbx="0" lby="1022" segmentation="ok" slant="103000" stroke-width="5275" threshold="159" text="for those negligible events that seemed so large to" ubs="-86" ubx="0" uby="994">
      <word id="m06-106-01-00" tag="IN22" text="for">
        <cmp x="346" y="963" width="30" height="69" />
        <cmp x="387" y="994" width="26" height="27" />
        <cmp x="421" y="995" width="28" height="26" />
      </word>
      <word id="m06-106-01-01" tag="DTS" text="those">
        <cmp x="503" y="966" width="69" height="56" />
        <cmp x="571" y="995" width="33" height="26" />
        <cmp x="607" y="992" width="31" height="35" />
        <cmp x="642" y="992" width="37" height="33" />
      </word>
      <word id="m06-106-01-02" tag="JJ" text="negligible">
        <cmp x="734" y="997" width="34" height="27" />
        <cmp x="768" y="1002" width="34" height="23" />
        <cmp x="803" y="997" width="37" height="60" />
        <cmp x="834" y="977" width="32" height="47" />
        <cmp x="856" y="976" width="6" height="7" />
        <cmp x="877" y="996" width="30" height="58" />
        <cmp x="909" y="979" width="9" height="9" />
        <cmp x="911" y="1001" width="8" height="25" />
        <cmp x="918" y="973" width="56" height="57" />
        <cmp x="979" y="1001" width="39" height="25" />
      </word>
      <word id="m06-106-01-03" tag="NNS" text="events">
        <cmp x="1068" y="996" width="47" height="29" />
        <cmp x="1111" y="989" width="26" height="37" />
        <cmp x="1139" y="993" width="29" height="31" />
        <cmp x="1174" y="999" width="33" height="26" />
        <cmp x="1200" y="973" width="30" height="52" />
      </word>
      <word id="m06-106-01-04" tag="WP" text="that">
        <cmp x="1286" y="977" width="111" height="54" />
      </word>
      <word id="m06-106-01-05" tag="VBD" text="seemed">
        <cmp x="1445" y="989" width="59" height="40" />
        <cmp x="1506" y="996" width="32" height="30" />
        <cmp x="1539" y="979" width="118" height="52" />
      </word>
      <word id="m06-106-01-06" tag="QL" text="so">
        <cmp x="1699" y="996" width="33" height="38" />
        <cmp x="1734" y="1001" width="35" height="34" />
      </word>
      <word id="m06-106-01-07" tag="JJ" text="large">
        <cmp x="1827" y="982" width="13" height="42" />
        <cmp x="1843" y="997" width="42" height="36" />
        <cmp x="1887" y="998" width="24" height="30" />
        <cmp x="1913" y="1001" width="44" height="66" />
        <cmp x="1955" y="998" width="25" height="29" />
      </word>
      <word id="m06-106-01-08" tag="IN" text="to">
        <cmp x="2041" y="974" width="23" height="53" />
        <cmp x="2066" y="1000" width="29" height="28" />
      </word>
      <upper-contour>
        <point x="344" y="876" />
        <point x="2082" y="876" />
      </upper-contour>
      <lower-contour>
        <point x="353" y="1067" />
        <point x="2096" y="1067" />
      </lower-contour>
    </line>
    <line ass="-528" asx="0" asy="1136" character-width="999" dss="-528" dsx="0" dsy="1237" fd0="13410" fd1="3115" fd2="-854" filter-width="3" id="m06-106-02" lbs="-599" lbx="0" lby="1192" segmentation="ok" slant="102000" stroke-width="5262" threshold="159" text="the creatures participating in them. For Lily-yo, Flor" ubs="-385" ubx="0" uby="1171">
      <word id="m06-106-02-00" tag="ATI" text="the">
        <cmp x="355" y="1151" width="87" height="52" />
      </word>
      <word id="m06-106-02-01" tag="NNS" text="creatures">
        <cmp x="492" y="1172" width="42" height="31" />
        <cmp x="525" y="1175" width="4" height="3" />
        <cmp x="532" y="1164" width="58" height="36" />
        <cmp x="592" y="1174" width="46" height="28" />
        <cmp x="624" y="1151" width="68" height="52" />
        <cmp x="690" y="1176" width="56" height="32" />
        <cmp x="748" y="1172" width="29" height="35" />
      </word>
      <word id="m06-106-02-02" tag="VBG" text="participating">
        <cmp x="837" y="1180" width="31" height="58" />
        <cmp x="877" y="1177" width="36" height="33" />
        <cmp x="912" y="1179" width="27" height="28" />
        <cmp x="944" y="1152" width="37" height="57" />
        <cmp x="971" y="1158" width="7" height="11" />
        <cmp x="994" y="1180" width="34" height="29" />
        <cmp x="1024" y="1165" width="8" height="5" />
        <cmp x="1025" y="1181" width="12" height="24" />
        <cmp x="1043" y="1182" width="38" height="51" />
        <cmp x="1087" y="1158" width="53" height="53" />
        <cmp x="1145" y="1154" width="11" height="19" />
        <cmp x="1145" y="1189" width="9" height="20" />
        <cmp x="1159" y="1184" width="39" height="27" />
        <cmp x="1199" y="1179" width="34" height="70" />
      </word>
      <word id="m06-106-02-03" tag="IN" text="in">
        <cmp x="1284" y="1160" width="12" height="17" />
        <cmp x="1287" y="1184" width="7" height="23" />
        <cmp x="1301" y="1180" width="37" height="29" />
      </word>
      <word id="m06-106-02-04" tag="PP3OS" text="them">
        <cmp x="1388" y="1157" width="21" height="52" />
        <cmp x="1408" y="1155" width="48" height="50" />
        <cmp x="1456" y="1181" width="29" height="25" />
        <cmp x="1488" y="1183" width="48" height="26" />
      </word>
      <word id="m06-106-02-05" tag="." text=".">
        <cmp x="1545" y="1197" width="9" height="7" />
      </word>
      <word id="m06-106-02-06" sentence-start="yes" tag="IN" text="For">
        <cmp x="1606" y="1151" width="37" height="9" />
        <cmp x="1612" y="1168" width="93" height="43" />
      </word>
      <word id="m06-106-02-07" tag="NP" text="Lily-yo">
        <cmp x="1764" y="1165" width="32" height="39" />
        <cmp x="1801" y="1158" width="6" height="9" />
        <cmp x="1801" y="1187" width="9" height="21" />
        <cmp x="1820" y="1160" width="12" height="49" />
        <cmp x="1838" y="1185" width="28" height="52" />
        <cmp x="1892" y="1191" width="31" height="6" />
        <cmp x="1942" y="1182" width="27" height="55" />
        <cmp x="1967" y="1180" width="29" height="28" />
      </word>
      <word id="m06-106-02-08" tag="," text=",">
        <cmp x="2006" y="1200" width="8" height="25" />
      </word>
      <word id="m06-106-02-09" tag="NP" text="Flor">
        <cmp x="2048" y="1167" width="45" height="43" />
        <cmp x="2098" y="1163" width="17" height="47" />
        <cmp x="2114" y="1176" width="35" height="33" />
        <cmp x="2150" y="1176" width="26" height="31" />
      </word>
      <upper-contour>
        <point x="353" y="1067" />
        <point x="2096" y="1067" />
      </upper-contour>
      <lower-contour>
        <point x="354" y="1249" />
        <point x="2177" y="1249" />
      </lower-contour>
    </line>
    <line ass="-171" asx="0" asy="1314" character-width="999" dss="-171" dsx="0" dsy="1404" fd0="13541" fd1="2767" fd2="-858" filter-width="3" id="m06-106-03" lbs="-119" lbx="0" lby="1381" segmentation="ok" slant="104000" stroke-width="5293" threshold="159" text="and Haris there were many events. Chief of these was" ubs="-273" ubx="0" uby="1348">
      <word id="m06-106-03-00" tag="CC" text="and">
        <cmp x="356" y="1348" width="76" height="36" />
        <cmp x="437" y="1334" width="34" height="51" />
      </word>
      <word id="m06-106-03-01" tag="NP" text="Haris">
        <cmp x="526" y="1328" width="44" height="49" />
        <cmp x="572" y="1347" width="73" height="35" />
        <cmp x="633" y="1339" width="7" height="6" />
        <cmp x="654" y="1351" width="25" height="36" />
      </word>
      <word id="m06-106-03-02" tag="EX" text="there">
        <cmp x="732" y="1326" width="102" height="56" />
        <cmp x="834" y="1355" width="19" height="25" />
        <cmp x="854" y="1351" width="34" height="34" />
      </word>
      <word id="m06-106-03-03" tag="BED" text="were">
        <cmp x="943" y="1354" width="45" height="25" />
        <cmp x="989" y="1354" width="30" height="33" />
        <cmp x="1021" y="1355" width="56" height="30" />
      </word>
      <word id="m06-106-03-04" tag="AP" text="many">
        <cmp x="1113" y="1351" width="86" height="35" />
        <cmp x="1199" y="1355" width="35" height="26" />
        <cmp x="1238" y="1357" width="32" height="51" />
      </word>
      <word id="m06-106-03-05" tag="NNS" text="events">
        <cmp x="1321" y="1356" width="25" height="28" />
        <cmp x="1344" y="1354" width="22" height="30" />
        <cmp x="1369" y="1355" width="56" height="34" />
        <cmp x="1422" y="1335" width="27" height="55" />
        <cmp x="1452" y="1352" width="30" height="36" />
      </word>
      <word id="m06-106-03-06" tag="." text=".">
        <cmp x="1503" y="1380" width="5" height="6" />
      </word>
      <word id="m06-106-03-07" sentence-start="yes" tag="JJB" text="Chief">
        <cmp x="1565" y="1334" width="34" height="52" />
        <cmp x="1594" y="1336" width="40" height="49" />
        <cmp x="1635" y="1334" width="7" height="8" />
        <cmp x="1635" y="1363" width="9" height="22" />
        <cmp x="1647" y="1360" width="32" height="27" />
        <cmp x="1681" y="1321" width="25" height="82" />
      </word>
      <word id="m06-106-03-08" tag="INO" text="of">
        <cmp x="1746" y="1354" width="36" height="32" />
        <cmp x="1783" y="1325" width="26" height="79" />
      </word>
      <word id="m06-106-03-09" tag="DTS" text="these">
        <cmp x="1853" y="1335" width="75" height="55" />
        <cmp x="1927" y="1354" width="33" height="31" />
        <cmp x="1967" y="1354" width="22" height="32" />
        <cmp x="2002" y="1355" width="27" height="31" />
      </word>
      <word id="m06-106-03-10" tag="BEDZ" text="was">
        <cmp x="2068" y="1351" width="118" height="41" />
      </word>
      <upper-contour>
        <point x="354" y="1249" />
        <point x="2177" y="1249" />
      </upper-contour>
      <lower-contour>
        <point x="357" y="1408" />
        <point x="2188" y="1408" />
      </lower-contour>
    </line>
    <line ass="-75" asx="0" asy="1491" character-width="999" dss="-75" dsx="0" dsy="1592" fd0="13143" fd1="2874" fd2="-908" filter-width="3" id="m06-106-04" lbs="-92" lbx="0" lby="1562" segmentation="ok" slant="100000" stroke-width="5307" threshold="158" text="that they learned to fly properly. The pains associated" ubs="-40" ubx="0" uby="1532">
      <word id="m06-106-04-00" tag="CS" text="that">
        <cmp x="359" y="1504" width="68" height="49" />
        <cmp x="428" y="1503" width="58" height="52" />
      </word>
      <word id="m06-106-04-01" tag="PP3AS" text="they">
        <cmp x="528" y="1502" width="96" height="59" />
        <cmp x="631" y="1530" width="37" height="56" />
      </word>
      <word id="m06-106-04-02" tag="VBD" text="learned">
        <cmp x="729" y="1515" width="45" height="47" />
        <cmp x="777" y="1534" width="61" height="28" />
        <cmp x="840" y="1539" width="34" height="28" />
        <cmp x="874" y="1536" width="33" height="27" />
        <cmp x="911" y="1512" width="34" height="52" />
      </word>
      <word id="m06-106-04-03" tag="TO" text="to">
        <cmp x="1007" y="1502" width="52" height="61" />
      </word>
      <word id="m06-106-04-04" tag="VB" text="fly">
        <cmp x="1105" y="1494" width="23" height="87" />
        <cmp x="1134" y="1509" width="13" height="49" />
        <cmp x="1153" y="1535" width="38" height="57" />
      </word>
      <word id="m06-106-04-05" tag="RB" text="properly">
        <cmp x="1248" y="1536" width="35" height="53" />
        <cmp x="1284" y="1538" width="20" height="30" />
        <cmp x="1308" y="1537" width="35" height="30" />
        <cmp x="1345" y="1542" width="27" height="50" />
        <cmp x="1380" y="1535" width="54" height="29" />
        <cmp x="1437" y="1511" width="11" height="53" />
        <cmp x="1455" y="1539" width="31" height="53" />
      </word>
      <word id="m06-106-04-06" tag="." text=".">
        <cmp x="1496" y="1557" width="13" height="5" />
      </word>
      <word id="m06-106-04-07" sentence-start="yes" tag="ATI" text="The">
        <cmp x="1551" y="1518" width="34" height="43" />
        <cmp x="1591" y="1514" width="74" height="56" />
      </word>
      <word id="m06-106-04-08" tag="NNS" text="pains">
        <cmp x="1718" y="1537" width="28" height="58" />
        <cmp x="1752" y="1533" width="47" height="39" />
        <cmp x="1798" y="1507" width="9" height="12" />
        <cmp x="1801" y="1544" width="6" height="22" />
        <cmp x="1816" y="1539" width="23" height="26" />
        <cmp x="1850" y="1537" width="27" height="35" />
      </word>
      <word id="m06-106-04-09" tag="VBN" text="associated">
        <cmp x="1926" y="1524" width="36" height="39" />
        <cmp x="1967" y="1523" width="32" height="39" />
        <cmp x="2004" y="1524" width="33" height="40" />
        <cmp x="2038" y="1531" width="30" height="29" />
        <cmp x="2080" y="1530" width="32" height="35" />
        <cmp x="2112" y="1515" width="10" height="11" />
        <cmp x="2112" y="1533" width="9" height="30" />
        <cmp x="2123" y="1509" width="96" height="52" />
        <cmp x="2220" y="1513" width="39" height="50" />
      </word>
      <upper-contour>
        <point x="357" y="1408" />
        <point x="2188" y="1408" />
      </upper-contour>
      <lower-contour>
        <point x="357" y="1595" />
        <point x="2060" y="1595" />
      </lower-contour>
    </line>
    <line ass="-468" asx="0" asy="1659" character-width="999" dss="-468" dsx="0" dsy="1768" fd0="13594" fd1="3046" fd2="-966" filter-width="3" id="m06-106-05" lbs="-448" lbx="0" lby="1730" segmentation="ok" slant="100000" stroke-width="5276" threshold="158" text="with their wings soon died away as the wonderful" ubs="-508" ubx="0" uby="1701">
      <word id="m06-106-05-00" tag="IN" text="with">
        <cmp x="350" y="1707" width="48" height="26" />
        <cmp x="396" y="1686" width="9" height="5" />
        <cmp x="401" y="1704" width="10" height="33" />
        <cmp x="411" y="1678" width="68" height="57" />
      </word>
      <word id="m06-106-05-01" tag="PP$" text="their">
        <cmp x="530" y="1682" width="110" height="57" />
        <cmp x="624" y="1685" width="10" height="13" />
        <cmp x="644" y="1710" width="17" height="25" />
      </word>
      <word id="m06-106-05-02" tag="NNS" text="wings">
        <cmp x="707" y="1706" width="50" height="32" />
        <cmp x="757" y="1686" width="10" height="12" />
        <cmp x="758" y="1709" width="9" height="28" />
        <cmp x="774" y="1711" width="33" height="26" />
        <cmp x="805" y="1708" width="40" height="67" />
        <cmp x="846" y="1703" width="30" height="39" />
      </word>
      <word id="m06-106-05-03" tag="RB" text="soon">
        <cmp x="937" y="1700" width="102" height="42" />
        <cmp x="1048" y="1709" width="29" height="30" />
      </word>
      <word id="m06-106-05-04" tag="VBD" text="died">
        <cmp x="1126" y="1688" width="60" height="49" />
        <cmp x="1172" y="1689" width="8" height="8" />
        <cmp x="1194" y="1707" width="31" height="27" />
        <cmp x="1226" y="1687" width="36" height="50" />
      </word>
      <word id="m06-106-05-05" tag="RP" text="away">
        <cmp x="1309" y="1712" width="38" height="34" />
        <cmp x="1345" y="1714" width="49" height="29" />
        <cmp x="1404" y="1711" width="37" height="30" />
        <cmp x="1437" y="1716" width="21" height="25" />
        <cmp x="1452" y="1720" width="21" height="54" />
      </word>
      <word id="m06-106-05-06" tag="CS" text="as">
        <cmp x="1518" y="1709" width="37" height="35" />
        <cmp x="1561" y="1710" width="32" height="39" />
      </word>
      <word id="m06-106-05-07" tag="ATI" text="the">
        <cmp x="1628" y="1691" width="25" height="55" />
        <cmp x="1650" y="1691" width="49" height="52" />
        <cmp x="1701" y="1714" width="28" height="34" />
      </word>
      <word id="m06-106-05-08" tag="JJ" text="wonderful">
        <cmp x="1780" y="1706" width="43" height="34" />
        <cmp x="1832" y="1712" width="25" height="31" />
        <cmp x="1859" y="1691" width="102" height="57" />
        <cmp x="1957" y="1713" width="23" height="30" />
        <cmp x="1983" y="1676" width="60" height="87" />
        <cmp x="2049" y="1690" width="10" height="52" />
      </word>
      <upper-contour>
        <point x="357" y="1595" />
        <point x="2060" y="1595" />
      </upper-contour>
      <lower-contour>
        <point x="350" y="1775" />
        <point x="2060" y="1775" />
      </lower-contour>
    </line>
    <line ass="-117" asx="0" asy="1861" character-width="999" dss="-117" dsx="0" dsy="1959" fd0="13305" fd1="2705" fd2="-1007" filter-width="3" id="m06-106-06" lbs="-67" lbx="0" lby="1924" segmentation="ok" slant="104000" stroke-width="5362" threshold="158" text="new flesh and tendon strengthened. To sail up in the" ubs="-216" ubx="0" uby="1888">
      <word id="m06-106-06-00" tag="JJ" text="new">
        <cmp x="352" y="1890" width="101" height="40" />
      </word>
      <word id="m06-106-06-01" tag="NN" text="flesh">
        <cmp x="512" y="1867" width="25" height="74" />
        <cmp x="538" y="1874" width="23" height="45" />
        <cmp x="558" y="1892" width="31" height="31" />
        <cmp x="589" y="1868" width="71" height="58" />
      </word>
      <word id="m06-106-06-02" tag="CC" text="and">
        <cmp x="693" y="1888" width="45" height="32" />
        <cmp x="736" y="1891" width="37" height="32" />
        <cmp x="772" y="1875" width="41" height="50" />
      </word>
      <word id="m06-106-06-03" tag="NN" text="tendon">
        <cmp x="858" y="1872" width="30" height="48" />
        <cmp x="895" y="1895" width="65" height="30" />
        <cmp x="958" y="1872" width="65" height="57" />
        <cmp x="1025" y="1895" width="29" height="33" />
      </word>
      <word id="m06-106-06-04" tag="VBD" text="strengthened">
        <cmp x="1112" y="1888" width="35" height="39" />
        <cmp x="1141" y="1871" width="86" height="61" />
        <cmp x="1227" y="1900" width="37" height="28" />
        <cmp x="1263" y="1899" width="42" height="63" />
        <cmp x="1298" y="1867" width="95" height="59" />
        <cmp x="1398" y="1892" width="39" height="33" />
        <cmp x="1440" y="1896" width="35" height="29" />
        <cmp x="1475" y="1879" width="35" height="48" />
      </word>
      <word id="m06-106-06-05" tag="." text=".">
        <cmp x="1522" y="1919" width="12" height="6" />
      </word>
      <word id="m06-106-06-06" sentence-start="yes" tag="TO" text="To">
        <cmp x="1584" y="1867" width="38" height="10" />
        <cmp x="1602" y="1876" width="11" height="46" />
        <cmp x="1622" y="1894" width="31" height="35" />
      </word>
      <word id="m06-106-06-07" tag="VB" text="sail">
        <cmp x="1698" y="1888" width="84" height="43" />
        <cmp x="1775" y="1877" width="9" height="7" />
        <cmp x="1781" y="1901" width="10" height="23" />
        <cmp x="1797" y="1872" width="14" height="54" />
      </word>
      <word id="m06-106-06-08" tag="RP" text="up">
        <cmp x="1868" y="1898" width="41" height="33" />
        <cmp x="1909" y="1905" width="33" height="41" />
      </word>
      <word id="m06-106-06-09" tag="IN" text="in">
        <cmp x="1997" y="1898" width="11" height="28" />
        <cmp x="2001" y="1867" width="12" height="19" />
        <cmp x="2016" y="1900" width="27" height="28" />
      </word>
      <word id="m06-106-06-10" tag="ATI" text="the">
        <cmp x="2093" y="1874" width="95" height="52" />
      </word>
      <upper-contour>
        <point x="350" y="1775" />
        <point x="2060" y="1775" />
      </upper-contour>
      <lower-contour>
        <point x="352" y="1963" />
        <point x="2180" y="1963" />
      </lower-contour>
    </line>
    <line ass="-667" asx="0" asy="2023" character-width="999" dss="-667" dsx="0" dsy="2139" fd0="13511" fd1="3013" fd2="-1172" filter-width="3" id="m06-106-07" lbs="-850" lbx="0" lby="2086" segmentation="ok" slant="101000" stroke-width="5249" threshold="159" text="light gravity became an increasing delight - the ugly" ubs="-300" ubx="0" uby="2065">
      <word id="m06-106-07-00" tag="JJ" text="light">
        <cmp x="354" y="2046" width="35" height="56" />
        <cmp x="373" y="2051" width="6" height="8" />
        <cmp x="392" y="2073" width="39" height="67" />
        <cmp x="422" y="2057" width="51" height="48" />
        <cmp x="465" y="2043" width="27" height="56" />
      </word>
      <word id="m06-106-07-01" tag="NN" text="gravity">
        <cmp x="545" y="2067" width="45" height="79" />
        <cmp x="586" y="2067" width="60" height="37" />
        <cmp x="647" y="2070" width="26" height="31" />
        <cmp x="672" y="2051" width="10" height="14" />
        <cmp x="679" y="2077" width="7" height="22" />
        <cmp x="687" y="2044" width="26" height="55" />
        <cmp x="715" y="2074" width="19" height="19" />
        <cmp x="726" y="2079" width="19" height="49" />
      </word>
      <word id="m06-106-07-02" tag="VBD" text="became">
        <cmp x="802" y="2043" width="37" height="59" />
        <cmp x="840" y="2070" width="30" height="30" />
        <cmp x="878" y="2067" width="32" height="33" />
        <cmp x="915" y="2071" width="40" height="34" />
        <cmp x="956" y="2067" width="56" height="30" />
        <cmp x="1012" y="2064" width="38" height="35" />
      </word>
      <word id="m06-106-07-03" tag="AT" text="an">
        <cmp x="1098" y="2070" width="37" height="32" />
        <cmp x="1135" y="2074" width="40" height="28" />
      </word>
      <word id="m06-106-07-04" tag="JJ" text="increasing">
        <cmp x="1221" y="2045" width="6" height="11" />
        <cmp x="1226" y="2070" width="7" height="32" />
        <cmp x="1235" y="2071" width="29" height="30" />
        <cmp x="1275" y="2074" width="26" height="32" />
        <cmp x="1302" y="2073" width="24" height="30" />
        <cmp x="1329" y="2072" width="29" height="33" />
        <cmp x="1358" y="2065" width="83" height="39" />
        <cmp x="1425" y="2045" width="16" height="20" />
        <cmp x="1445" y="2075" width="29" height="31" />
        <cmp x="1471" y="2072" width="38" height="75" />
      </word>
      <word id="m06-106-07-05" tag="NN" text="delight">
        <cmp x="1567" y="2051" width="79" height="55" />
        <cmp x="1648" y="2053" width="18" height="53" />
        <cmp x="1667" y="2052" width="9" height="7" />
        <cmp x="1670" y="2080" width="8" height="23" />
        <cmp x="1684" y="2077" width="38" height="63" />
        <cmp x="1718" y="2049" width="72" height="56" />
      </word>
      <word id="m06-106-07-06" tag="*-" text="-">
        <cmp x="1836" y="2084" width="29" height="6" />
      </word>
      <word id="m06-106-07-07" tag="ATI" text="the">
        <cmp x="1899" y="2046" width="28" height="61" />
        <cmp x="1929" y="2051" width="46" height="50" />
        <cmp x="1972" y="2073" width="39" height="32" />
      </word>
      <word id="m06-106-07-08" tag="JJ" text="ugly">
        <cmp x="2049" y="2079" width="37" height="35" />
        <cmp x="2087" y="2087" width="33" height="67" />
        <cmp x="2124" y="2062" width="16" height="53" />
        <cmp x="2142" y="2099" width="20" height="13" />
        <cmp x="2150" y="2092" width="29" height="61" />
      </word>
      <upper-contour>
        <point x="352" y="1963" />
        <point x="2180" y="1963" />
      </upper-contour>
      <lower-contour>
        <point x="359" y="2147" />
        <point x="2071" y="2147" />
      </lower-contour>
    </line>
    <line ass="45" asx="0" asy="2218" character-width="999" dss="45" dsx="0" dsy="2319" fd0="13205" fd1="2638" fd2="-1176" filter-width="3" id="m06-106-08" lbs="-10" lbx="0" lby="2286" segmentation="ok" slant="100000" stroke-width="5275" threshold="158" text="flopping movements of flymen on the Heavy World" ubs="158" ubx="0" uby="2257">
      <word id="m06-106-08-00" tag="JJ" text="flopping">
        <cmp x="361" y="2221" width="27" height="86" />
        <cmp x="389" y="2227" width="27" height="53" />
        <cmp x="415" y="2251" width="34" height="33" />
        <cmp x="449" y="2250" width="61" height="57" />
        <cmp x="516" y="2224" width="4" height="8" />
        <cmp x="517" y="2251" width="6" height="24" />
        <cmp x="535" y="2248" width="26" height="29" />
        <cmp x="568" y="2248" width="35" height="71" />
      </word>
      <word id="m06-106-08-01" tag="NNS" text="movements">
        <cmp x="673" y="2246" width="99" height="40" />
        <cmp x="777" y="2253" width="82" height="35" />
        <cmp x="859" y="2251" width="27" height="34" />
        <cmp x="887" y="2253" width="42" height="30" />
        <cmp x="926" y="2223" width="26" height="57" />
      </word>
      <word id="m06-106-08-02" tag="INO" text="of">
        <cmp x="1002" y="2252" width="31" height="33" />
        <cmp x="1030" y="2219" width="25" height="79" />
      </word>
      <word id="m06-106-08-03" tag="NNS" text="flymen">
        <cmp x="1104" y="2220" width="22" height="76" />
        <cmp x="1128" y="2233" width="19" height="50" />
        <cmp x="1149" y="2257" width="37" height="59" />
        <cmp x="1189" y="2256" width="63" height="29" />
        <cmp x="1249" y="2253" width="37" height="31" />
        <cmp x="1288" y="2256" width="27" height="27" />
      </word>
      <word id="m06-106-08-04" tag="IN" text="on">
        <cmp x="1375" y="2256" width="73" height="34" />
      </word>
      <word id="m06-106-08-05" tag="ATI" text="the">
        <cmp x="1503" y="2225" width="24" height="69" />
        <cmp x="1527" y="2234" width="40" height="47" />
        <cmp x="1566" y="2255" width="36" height="31" />
      </word>
      <word id="m06-106-08-06" tag="JJ" text="Heavy">
        <cmp x="1653" y="2231" width="76" height="56" />
        <cmp x="1728" y="2252" width="37" height="39" />
        <cmp x="1766" y="2256" width="32" height="36" />
        <cmp x="1803" y="2256" width="36" height="60" />
      </word>
      <word id="m06-106-08-07" tag="NN" text="World">
        <cmp x="1894" y="2235" width="49" height="48" />
        <cmp x="1948" y="2255" width="27" height="34" />
        <cmp x="1975" y="2252" width="34" height="34" />
        <cmp x="2014" y="2238" width="13" height="47" />
        <cmp x="2035" y="2237" width="35" height="54" />
      </word>
      <upper-contour>
        <point x="359" y="2147" />
        <point x="2071" y="2147" />
      </upper-contour>
      <lower-contour>
        <point x="366" y="2319" />
        <point x="1059" y="2319" />
      </lower-contour>
    </line>
    <line ass="-462" asx="0" asy="2395" character-width="999" dss="-462" dsx="0" dsy="2484" fd0="13430" fd1="3637" fd2="-407" filter-width="3" id="m06-106-09" lbs="-622" lbx="0" lby="2453" segmentation="ok" slant="106000" stroke-width="5349" threshold="158" text="had no place here." ubs="-141" ubx="0" uby="2424">
      <word id="m06-106-09-00" tag="HVD" text="had">
        <cmp x="368" y="2398" width="126" height="66" />
      </word>
      <word id="m06-106-09-01" tag="ATI" text="no">
        <cmp x="544" y="2430" width="32" height="30" />
        <cmp x="582" y="2429" width="33" height="30" />
      </word>
      <word id="m06-106-09-02" tag="NN" text="place">
        <cmp x="684" y="2433" width="45" height="57" />
        <cmp x="727" y="2405" width="17" height="50" />
        <cmp x="751" y="2420" width="44" height="38" />
        <cmp x="796" y="2425" width="31" height="30" />
        <cmp x="828" y="2427" width="32" height="35" />
      </word>
      <word id="m06-106-09-03" tag="RN" text="here">
        <cmp x="916" y="2415" width="45" height="47" />
        <cmp x="956" y="2429" width="45" height="36" />
        <cmp x="1012" y="2434" width="26" height="31" />
      </word>
      <word id="m06-106-09-04" tag="." text=".">
        <cmp x="1053" y="2466" width="6" height="6" />
      </word>
      <upper-contour>
        <point x="366" y="2319" />
        <point x="1059" y="2319" />
      </upper-contour>
    </line>
  </handwritten-part>
</form>

