<?xml version="1.0" encoding="ISO-8859-1"?>

<!DOCTYPE form SYSTEM 'http://www.iam.unibe.ch/~fki/iamdb/form-metadata.dtd'>

<form created="2002-01-25" height="3542" id="m06-019" last-modified="2002-07-17" skew="-95" status="final" version="3.0_beta" width="2479" writer-id="551">
  <machine-printed-part>
    <machine-print-line text="Though your wings and your scars are new, you may join us.&apos; &apos;I am Lily-yo. We three" />
    <machine-print-line text="are humans. You are only flymen. We will not join you.&apos; The Captives grunted in" />
    <machine-print-line text="boredom. The Chief Captive spoke again. &apos;Always this talk from you of the Heavy" />
    <machine-print-line text="World! You have joined us. You are flymen, we are human. You know little, we know" />
    <machine-print-line text="much.&apos;" />
  </machine-printed-part>
  <handwritten-part>
    <line ass="-54" asx="0" asy="760" character-width="999" dss="-54" dsx="0" dsy="849" fd0="15205" fd1="3345" fd2="-53" filter-width="3" id="m06-019-00" lbs="-28" lbx="0" lby="818" segmentation="ok" slant="52000" stroke-width="5067" threshold="190" text="Though your wings and your scars are new," ubs="-105" ubx="0" uby="794">
      <word id="m06-019-00-00" sentence-start="yes" tag="CS" text="Though">
        <cmp x="357" y="770" width="30" height="42" />
        <cmp x="362" y="762" width="49" height="4" />
        <cmp x="388" y="766" width="3" height="5" />
        <cmp x="396" y="763" width="38" height="53" />
        <cmp x="434" y="792" width="30" height="23" />
        <cmp x="460" y="795" width="38" height="25" />
        <cmp x="477" y="792" width="54" height="59" />
        <cmp x="541" y="768" width="33" height="49" />
      </word>
      <word id="m06-019-00-01" tag="PP$" text="your">
        <cmp x="650" y="797" width="44" height="37" />
        <cmp x="655" y="793" width="12" height="18" />
        <cmp x="700" y="792" width="31" height="25" />
        <cmp x="727" y="792" width="37" height="27" />
        <cmp x="771" y="796" width="29" height="20" />
      </word>
      <word id="m06-019-00-02" tag="NNS" text="wings">
        <cmp x="864" y="791" width="51" height="24" />
        <cmp x="906" y="794" width="18" height="22" />
        <cmp x="924" y="793" width="34" height="24" />
        <cmp x="934" y="771" width="10" height="12" />
        <cmp x="948" y="786" width="71" height="56" />
      </word>
      <word id="m06-019-00-03" tag="CC" text="and">
        <cmp x="1065" y="789" width="76" height="25" />
        <cmp x="1141" y="766" width="62" height="50" />
      </word>
      <word id="m06-019-00-04" tag="PP$" text="your">
        <cmp x="1249" y="799" width="50" height="43" />
        <cmp x="1260" y="795" width="12" height="23" />
        <cmp x="1295" y="797" width="33" height="24" />
        <cmp x="1328" y="795" width="34" height="23" />
        <cmp x="1375" y="797" width="32" height="15" />
      </word>
      <word id="m06-019-00-05" tag="NNS" text="scars">
        <cmp x="1481" y="792" width="31" height="27" />
        <cmp x="1510" y="789" width="35" height="34" />
        <cmp x="1545" y="790" width="99" height="27" />
      </word>
      <word id="m06-019-00-06" tag="BER" text="are">
        <cmp x="1711" y="791" width="31" height="28" />
        <cmp x="1742" y="793" width="49" height="29" />
      </word>
      <word id="m06-019-00-07" tag="JJ" text="new">
        <cmp x="1846" y="791" width="65" height="26" />
        <cmp x="1908" y="811" width="5" height="3" />
        <cmp x="1918" y="785" width="56" height="29" />
      </word>
      <word id="m06-019-00-08" tag="," text=",">
        <cmp x="1962" y="811" width="17" height="23" />
      </word>
      <lower-contour>
        <point x="356" y="852" />
        <point x="1979" y="852" />
      </lower-contour>
    </line>
    <line ass="155" asx="0" asy="947" character-width="999" dss="155" dsx="0" dsy="1021" fd0="15594" fd1="3933" fd2="836" filter-width="3" id="m06-019-01" lbs="121" lbx="0" lby="999" segmentation="ok" slant="54000" stroke-width="5144" threshold="189" text="you may join us.&apos; &apos;I am Lily-yo. We three" ubs="225" ubx="0" uby="980">
      <word id="m06-019-01-00" tag="PP2" text="you">
        <cmp x="358" y="970" width="47" height="45" />
        <cmp x="402" y="968" width="33" height="26" />
        <cmp x="439" y="971" width="34" height="24" />
      </word>
      <word id="m06-019-01-01" tag="MD" text="may">
        <cmp x="547" y="975" width="62" height="24" />
        <cmp x="615" y="972" width="37" height="24" />
        <cmp x="648" y="980" width="58" height="37" />
        <cmp x="662" y="978" width="7" height="18" />
      </word>
      <word id="m06-019-01-02" tag="VB" text="join">
        <cmp x="744" y="979" width="45" height="36" />
        <cmp x="796" y="954" width="6" height="13" />
        <cmp x="800" y="970" width="27" height="26" />
        <cmp x="831" y="972" width="20" height="20" />
        <cmp x="850" y="972" width="38" height="28" />
        <cmp x="861" y="955" width="6" height="8" />
      </word>
      <word id="m06-019-01-03" tag="PP1OS" text="us">
        <cmp x="947" y="974" width="41" height="22" />
        <cmp x="990" y="969" width="30" height="28" />
      </word>
      <word id="m06-019-01-04" tag="." text=".">
        <cmp x="1043" y="989" width="12" height="14" />
      </word>
      <word id="m06-019-01-05" tag="**&apos;" text="&apos;">
        <cmp x="1091" y="945" width="9" height="15" />
      </word>
      <word id="m06-019-01-06" sentence-start="yes" tag="*&apos;" text="&apos;">
        <cmp x="1147" y="945" width="7" height="15" />
      </word>
      <word id="m06-019-01-07" tag="PP1A" text="I">
        <cmp x="1157" y="949" width="42" height="44" />
        <cmp x="1186" y="945" width="29" height="4" />
      </word>
      <word id="m06-019-01-08" tag="BEM" text="am">
        <cmp x="1238" y="969" width="36" height="23" />
        <cmp x="1279" y="970" width="50" height="26" />
      </word>
      <word id="m06-019-01-09" tag="NP" text="Lily-yo">
        <cmp x="1405" y="952" width="52" height="40" />
        <cmp x="1463" y="954" width="32" height="37" />
        <cmp x="1468" y="956" width="5" height="8" />
        <cmp x="1475" y="975" width="49" height="35" />
        <cmp x="1538" y="976" width="15" height="7" />
        <cmp x="1559" y="983" width="49" height="34" />
        <cmp x="1569" y="976" width="16" height="17" />
        <cmp x="1605" y="976" width="33" height="24" />
      </word>
      <word id="m06-019-01-10" tag="." text=".">
        <cmp x="1660" y="995" width="9" height="10" />
      </word>
      <word id="m06-019-01-11" sentence-start="yes" tag="PP1AS" text="We">
        <cmp x="1709" y="949" width="63" height="44" />
        <cmp x="1754" y="968" width="30" height="31" />
      </word>
      <word id="m06-019-01-12" tag="CD" text="three">
        <cmp x="1837" y="952" width="33" height="46" />
        <cmp x="1865" y="949" width="34" height="43" />
        <cmp x="1896" y="970" width="50" height="25" />
        <cmp x="1943" y="965" width="36" height="34" />
      </word>
      <upper-contour>
        <point x="356" y="852" />
        <point x="1979" y="852" />
      </upper-contour>
      <lower-contour>
        <point x="356" y="1017" />
        <point x="1950" y="1017" />
      </lower-contour>
    </line>
    <line ass="-238" asx="0" asy="1116" character-width="999" dss="-238" dsx="0" dsy="1189" fd0="15209" fd1="3323" fd2="27" filter-width="3" id="m06-019-02" lbs="-238" lbx="0" lby="1168" segmentation="ok" slant="33000" stroke-width="5360" threshold="190" text="are humans. You are only flymen. We will" ubs="-238" ubx="0" uby="1147">
      <word id="m06-019-02-00" tag="BER" text="are">
        <cmp x="354" y="1143" width="89" height="29" />
      </word>
      <word id="m06-019-02-01" tag="NNS" text="humans">
        <cmp x="507" y="1126" width="36" height="43" />
        <cmp x="543" y="1148" width="46" height="23" />
        <cmp x="589" y="1147" width="53" height="28" />
        <cmp x="651" y="1148" width="80" height="22" />
        <cmp x="727" y="1147" width="33" height="24" />
      </word>
      <word id="m06-019-02-02" tag="." text=".">
        <cmp x="769" y="1163" width="9" height="9" />
      </word>
      <word id="m06-019-02-03" sentence-start="yes" tag="PP2" text="You">
        <cmp x="843" y="1121" width="42" height="47" />
        <cmp x="863" y="1147" width="30" height="24" />
        <cmp x="898" y="1149" width="39" height="28" />
      </word>
      <word id="m06-019-02-04" tag="BER" text="are">
        <cmp x="1006" y="1147" width="38" height="27" />
        <cmp x="1045" y="1149" width="56" height="25" />
      </word>
      <word id="m06-019-02-05" tag="RB" text="only">
        <cmp x="1179" y="1147" width="30" height="26" />
        <cmp x="1210" y="1153" width="38" height="19" />
        <cmp x="1254" y="1134" width="37" height="38" />
        <cmp x="1273" y="1156" width="52" height="33" />
      </word>
      <word id="m06-019-02-06" tag="NNS" text="flymen">
        <cmp x="1385" y="1136" width="46" height="53" />
        <cmp x="1427" y="1136" width="31" height="41" />
        <cmp x="1436" y="1159" width="56" height="39" />
        <cmp x="1454" y="1157" width="9" height="16" />
        <cmp x="1495" y="1155" width="19" height="21" />
        <cmp x="1515" y="1155" width="41" height="19" />
        <cmp x="1556" y="1151" width="35" height="28" />
        <cmp x="1584" y="1154" width="53" height="21" />
      </word>
      <word id="m06-019-02-07" tag="." text=".">
        <cmp x="1649" y="1165" width="14" height="13" />
      </word>
      <word id="m06-019-02-08" sentence-start="yes" tag="PP1AS" text="We">
        <cmp x="1705" y="1131" width="70" height="43" />
        <cmp x="1757" y="1149" width="30" height="28" />
      </word>
      <word id="m06-019-02-09" tag="MD" text="will">
        <cmp x="1832" y="1152" width="55" height="23" />
        <cmp x="1882" y="1150" width="20" height="20" />
        <cmp x="1890" y="1129" width="48" height="50" />
        <cmp x="1913" y="1132" width="7" height="7" />
        <cmp x="1917" y="1132" width="33" height="38" />
      </word>
      <upper-contour>
        <point x="356" y="1017" />
        <point x="1950" y="1017" />
      </upper-contour>
      <lower-contour>
        <point x="352" y="1198" />
        <point x="1950" y="1198" />
      </lower-contour>
    </line>
    <line ass="268" asx="0" asy="1303" character-width="999" dss="268" dsx="0" dsy="1390" fd0="15094" fd1="3504" fd2="-46" filter-width="3" id="m06-019-03" lbs="287" lbx="0" lby="1356" segmentation="ok" slant="29000" stroke-width="5408" threshold="188" text="not join you.&apos; The Captives grunted in boredom." ubs="230" ubx="0" uby="1333">
      <word id="m06-019-03-00" tag="XNOT" text="not">
        <cmp x="354" y="1328" width="40" height="25" />
        <cmp x="399" y="1329" width="28" height="23" />
        <cmp x="428" y="1308" width="44" height="48" />
      </word>
      <word id="m06-019-03-01" tag="VB" text="join">
        <cmp x="488" y="1331" width="50" height="35" />
        <cmp x="538" y="1328" width="29" height="23" />
        <cmp x="543" y="1307" width="9" height="10" />
        <cmp x="572" y="1328" width="21" height="19" />
        <cmp x="585" y="1332" width="44" height="20" />
        <cmp x="601" y="1308" width="7" height="9" />
      </word>
      <word id="m06-019-03-02" tag="PP2" text="you">
        <cmp x="688" y="1328" width="85" height="44" />
        <cmp x="772" y="1333" width="39" height="24" />
        <cmp x="811" y="1343" width="17" height="13" />
      </word>
      <word id="m06-019-03-03" tag="." text=".">
        <cmp x="855" y="1300" width="13" height="20" />
      </word>
      <word id="m06-019-03-04" tag="**&apos;" text="&apos;">
        <cmp x="912" y="1304" width="59" height="48" />
      </word>
      <word id="m06-019-03-05" sentence-start="yes" tag="ATI" text="The">
        <cmp x="953" y="1309" width="62" height="45" />
      </word>
      <word id="m06-019-03-06" tag="NNS" text="Captives">
        <cmp x="1090" y="1309" width="59" height="42" />
        <cmp x="1125" y="1332" width="33" height="15" />
        <cmp x="1134" y="1315" width="108" height="60" />
        <cmp x="1240" y="1313" width="3" height="3" />
        <cmp x="1246" y="1328" width="61" height="25" />
        <cmp x="1259" y="1308" width="6" height="8" />
        <cmp x="1297" y="1328" width="38" height="25" />
      </word>
      <word id="m06-019-03-07" tag="VBD" text="grunted">
        <cmp x="1394" y="1328" width="51" height="57" />
        <cmp x="1403" y="1360" width="12" height="9" />
        <cmp x="1447" y="1330" width="34" height="22" />
        <cmp x="1476" y="1330" width="38" height="24" />
        <cmp x="1519" y="1333" width="36" height="22" />
        <cmp x="1563" y="1312" width="33" height="38" />
        <cmp x="1594" y="1325" width="32" height="28" />
        <cmp x="1628" y="1307" width="57" height="45" />
      </word>
      <word id="m06-019-03-08" tag="IN" text="in">
        <cmp x="1740" y="1327" width="22" height="24" />
        <cmp x="1761" y="1328" width="41" height="23" />
        <cmp x="1767" y="1308" width="5" height="13" />
      </word>
      <word id="m06-019-03-09" tag="NN" text="boredom">
        <cmp x="1860" y="1310" width="39" height="38" />
        <cmp x="1899" y="1321" width="33" height="29" />
        <cmp x="1932" y="1321" width="54" height="27" />
        <cmp x="1985" y="1300" width="56" height="50" />
        <cmp x="2020" y="1325" width="31" height="28" />
        <cmp x="2047" y="1326" width="55" height="27" />
      </word>
      <word id="m06-019-03-10" tag="." text=".">
        <cmp x="2120" y="1348" width="11" height="10" />
      </word>
      <upper-contour>
        <point x="352" y="1198" />
        <point x="1950" y="1198" />
      </upper-contour>
      <lower-contour>
        <point x="357" y="1385" />
        <point x="2013" y="1385" />
      </lower-contour>
    </line>
    <line ass="-331" asx="0" asy="1473" character-width="999" dss="-331" dsx="0" dsy="1555" fd0="15060" fd1="2676" fd2="-585" filter-width="3" id="m06-019-04" lbs="-394" lbx="0" lby="1521" segmentation="ok" slant="50000" stroke-width="5344" threshold="189" text="The Chief Captive spoke again. &apos;Always this" ubs="-204" ubx="0" uby="1502">
      <word id="m06-019-04-00" sentence-start="yes" tag="ATI" text="The">
        <cmp x="359" y="1492" width="53" height="40" />
        <cmp x="395" y="1490" width="65" height="43" />
      </word>
      <word id="m06-019-04-01" tag="NPT" text="Chief">
        <cmp x="547" y="1490" width="52" height="40" />
        <cmp x="587" y="1490" width="57" height="40" />
        <cmp x="650" y="1506" width="31" height="25" />
        <cmp x="654" y="1490" width="6" height="10" />
        <cmp x="672" y="1489" width="55" height="58" />
      </word>
      <word id="m06-019-04-02" tag="NN" text="Captive">
        <cmp x="780" y="1491" width="51" height="40" />
        <cmp x="811" y="1508" width="35" height="22" />
        <cmp x="829" y="1507" width="56" height="41" />
        <cmp x="886" y="1483" width="47" height="41" />
        <cmp x="934" y="1506" width="59" height="28" />
        <cmp x="943" y="1484" width="4" height="4" />
      </word>
      <word id="m06-019-04-03" tag="VBD" text="spoke">
        <cmp x="1086" y="1509" width="38" height="26" />
        <cmp x="1104" y="1504" width="56" height="46" />
        <cmp x="1160" y="1506" width="30" height="23" />
        <cmp x="1192" y="1486" width="60" height="43" />
      </word>
      <word id="m06-019-04-04" tag="RB" text="again">
        <cmp x="1341" y="1509" width="42" height="24" />
        <cmp x="1367" y="1508" width="48" height="55" />
        <cmp x="1378" y="1543" width="6" height="5" />
        <cmp x="1416" y="1510" width="61" height="23" />
        <cmp x="1476" y="1507" width="40" height="27" />
        <cmp x="1488" y="1495" width="7" height="9" />
      </word>
      <word id="m06-019-04-05" tag="." text=".">
        <cmp x="1549" y="1525" width="13" height="11" />
      </word>
      <word id="m06-019-04-06" sentence-start="yes" tag="*&apos;" text="&apos;">
        <cmp x="1613" y="1483" width="9" height="14" />
      </word>
      <word id="m06-019-04-07" tag="RB" text="Always">
        <cmp x="1627" y="1491" width="47" height="46" />
        <cmp x="1671" y="1495" width="30" height="38" />
        <cmp x="1691" y="1510" width="55" height="24" />
        <cmp x="1738" y="1511" width="34" height="24" />
        <cmp x="1766" y="1515" width="54" height="39" />
        <cmp x="1810" y="1512" width="28" height="24" />
      </word>
      <word id="m06-019-04-08" tag="DT" text="this">
        <cmp x="1893" y="1490" width="31" height="41" />
        <cmp x="1923" y="1484" width="57" height="45" />
        <cmp x="1981" y="1500" width="31" height="31" />
        <cmp x="1988" y="1492" width="7" height="11" />
      </word>
      <upper-contour>
        <point x="357" y="1385" />
        <point x="2013" y="1385" />
      </upper-contour>
      <lower-contour>
        <point x="359" y="1563" />
        <point x="2013" y="1563" />
      </lower-contour>
    </line>
    <line ass="149" asx="0" asy="1660" character-width="999" dss="149" dsx="0" dsy="1733" fd0="15312" fd1="3562" fd2="64" filter-width="3" id="m06-019-05" lbs="114" lbx="0" lby="1713" segmentation="ok" slant="53000" stroke-width="5398" threshold="189" text="talk from you of the Heavy World! You have" ubs="221" ubx="0" uby="1693">
      <word id="m06-019-05-00" tag="NN" text="talk">
        <cmp x="361" y="1663" width="33" height="44" />
        <cmp x="390" y="1686" width="38" height="25" />
        <cmp x="435" y="1666" width="40" height="45" />
        <cmp x="466" y="1667" width="45" height="44" />
      </word>
      <word id="m06-019-05-01" tag="IN" text="from">
        <cmp x="570" y="1668" width="97" height="62" />
        <cmp x="665" y="1689" width="61" height="25" />
      </word>
      <word id="m06-019-05-02" tag="PP2" text="you">
        <cmp x="796" y="1689" width="57" height="43" />
        <cmp x="844" y="1691" width="30" height="22" />
        <cmp x="880" y="1691" width="34" height="18" />
      </word>
      <word id="m06-019-05-03" tag="INO" text="of">
        <cmp x="982" y="1689" width="30" height="22" />
        <cmp x="1010" y="1664" width="49" height="57" />
      </word>
      <word id="m06-019-05-04" tag="ATI" text="the">
        <cmp x="1110" y="1668" width="82" height="44" />
      </word>
      <word id="m06-019-05-05" tag="JJ" text="Heavy">
        <cmp x="1274" y="1670" width="63" height="44" />
        <cmp x="1327" y="1688" width="31" height="25" />
        <cmp x="1352" y="1686" width="36" height="25" />
        <cmp x="1394" y="1691" width="31" height="21" />
        <cmp x="1417" y="1689" width="53" height="42" />
      </word>
      <word id="m06-019-05-06" tag="NN" text="World">
        <cmp x="1527" y="1668" width="73" height="46" />
        <cmp x="1585" y="1686" width="25" height="25" />
        <cmp x="1614" y="1688" width="27" height="21" />
        <cmp x="1648" y="1672" width="26" height="39" />
        <cmp x="1666" y="1666" width="54" height="48" />
      </word>
      <word id="m06-019-05-07" tag="!" text="!">
        <cmp x="1717" y="1706" width="6" height="6" />
        <cmp x="1733" y="1657" width="26" height="34" />
      </word>
      <word id="m06-019-05-08" sentence-start="yes" tag="PP2" text="You">
        <cmp x="1800" y="1657" width="53" height="55" />
        <cmp x="1832" y="1685" width="27" height="21" />
        <cmp x="1862" y="1686" width="36" height="23" />
      </word>
      <word id="m06-019-05-09" tag="HV" text="have">
        <cmp x="1942" y="1665" width="37" height="44" />
        <cmp x="1983" y="1684" width="38" height="24" />
        <cmp x="2025" y="1681" width="33" height="25" />
        <cmp x="2046" y="1681" width="31" height="29" />
      </word>
      <upper-contour>
        <point x="359" y="1563" />
        <point x="2013" y="1563" />
      </upper-contour>
      <lower-contour>
        <point x="359" y="1732" />
        <point x="2057" y="1732" />
      </lower-contour>
    </line>
    <line ass="-46" asx="0" asy="1834" character-width="999" dss="-46" dsx="0" dsy="1917" fd0="15234" fd1="3523" fd2="345" filter-width="3" id="m06-019-06" lbs="13" lbx="0" lby="1890" segmentation="ok" slant="51000" stroke-width="5428" threshold="188" text="joined us. You are flymen, we are human. You" ubs="-165" ubx="0" uby="1865">
      <word id="m06-019-06-00" tag="VBN" text="joined">
        <cmp x="330" y="1868" width="43" height="50" />
        <cmp x="380" y="1851" width="6" height="9" />
        <cmp x="380" y="1867" width="29" height="22" />
        <cmp x="412" y="1866" width="19" height="18" />
        <cmp x="431" y="1864" width="63" height="26" />
        <cmp x="434" y="1847" width="5" height="6" />
        <cmp x="493" y="1842" width="60" height="50" />
      </word>
      <word id="m06-019-06-01" tag="PP1OS" text="us">
        <cmp x="590" y="1864" width="45" height="28" />
        <cmp x="633" y="1863" width="34" height="26" />
      </word>
      <word id="m06-019-06-02" tag="." text=".">
        <cmp x="754" y="1846" width="48" height="40" />
      </word>
      <word id="m06-019-06-03" sentence-start="yes" tag="PP2" text="You">
        <cmp x="768" y="1836" width="14" height="22" />
        <cmp x="781" y="1868" width="28" height="19" />
        <cmp x="814" y="1869" width="31" height="21" />
      </word>
      <word id="m06-019-06-04" tag="BER" text="are">
        <cmp x="934" y="1867" width="40" height="26" />
        <cmp x="974" y="1865" width="47" height="25" />
      </word>
      <word id="m06-019-06-05" tag="NNS" text="flymen">
        <cmp x="1098" y="1847" width="48" height="51" />
        <cmp x="1136" y="1845" width="35" height="39" />
        <cmp x="1148" y="1867" width="50" height="39" />
        <cmp x="1197" y="1868" width="57" height="22" />
        <cmp x="1251" y="1868" width="77" height="24" />
      </word>
      <word id="m06-019-06-06" tag="," text=",">
        <cmp x="1328" y="1879" width="27" height="21" />
      </word>
      <word id="m06-019-06-07" tag="PP1AS" text="we">
        <cmp x="1395" y="1866" width="54" height="27" />
        <cmp x="1451" y="1862" width="25" height="32" />
      </word>
      <word id="m06-019-06-08" tag="BER" text="are">
        <cmp x="1526" y="1867" width="38" height="25" />
        <cmp x="1562" y="1866" width="56" height="24" />
      </word>
      <word id="m06-019-06-09" tag="JJ" text="human">
        <cmp x="1688" y="1846" width="31" height="42" />
        <cmp x="1719" y="1867" width="42" height="23" />
        <cmp x="1759" y="1869" width="23" height="20" />
        <cmp x="1779" y="1868" width="36" height="23" />
        <cmp x="1816" y="1868" width="34" height="24" />
        <cmp x="1845" y="1868" width="38" height="19" />
      </word>
      <word id="m06-019-06-10" tag="." text=".">
        <cmp x="1892" y="1880" width="10" height="8" />
      </word>
      <word id="m06-019-06-11" sentence-start="yes" tag="PP2" text="You">
        <cmp x="1961" y="1851" width="52" height="41" />
        <cmp x="1972" y="1845" width="11" height="24" />
        <cmp x="1995" y="1870" width="28" height="19" />
        <cmp x="2027" y="1870" width="29" height="21" />
      </word>
      <upper-contour>
        <point x="359" y="1732" />
        <point x="2057" y="1732" />
      </upper-contour>
      <lower-contour>
        <point x="377" y="1906" />
        <point x="1361" y="1906" />
      </lower-contour>
    </line>
    <line ass="-205" asx="0" asy="2013" character-width="999" dss="-205" dsx="0" dsy="2074" fd0="15755" fd1="3803" fd2="-29" filter-width="3" id="m06-019-07" lbs="-167" lbx="0" lby="2067" segmentation="ok" slant="54000" stroke-width="5234" threshold="188" text="know little, we know much.&apos;" ubs="-283" ubx="0" uby="2042">
      <word id="m06-019-07-00" tag="VB" text="know">
        <cmp x="379" y="2019" width="28" height="40" />
        <cmp x="385" y="2039" width="30" height="28" />
        <cmp x="417" y="2044" width="32" height="21" />
        <cmp x="451" y="2041" width="34" height="28" />
        <cmp x="487" y="2047" width="47" height="22" />
      </word>
      <word id="m06-019-07-01" tag="AP" text="little">
        <cmp x="568" y="2025" width="36" height="44" />
        <cmp x="587" y="2046" width="16" height="22" />
        <cmp x="603" y="2024" width="39" height="46" />
        <cmp x="609" y="2026" width="6" height="8" />
        <cmp x="631" y="2025" width="43" height="47" />
      </word>
      <word id="m06-019-07-02" tag="," text=",">
        <cmp x="704" y="2058" width="22" height="19" />
      </word>
      <word id="m06-019-07-03" tag="PP1AS" text="we">
        <cmp x="758" y="2045" width="54" height="24" />
        <cmp x="808" y="2044" width="32" height="32" />
      </word>
      <word id="m06-019-07-04" tag="VB" text="know">
        <cmp x="908" y="2027" width="57" height="41" />
        <cmp x="962" y="2045" width="19" height="24" />
        <cmp x="984" y="2043" width="22" height="24" />
        <cmp x="1010" y="2044" width="47" height="24" />
      </word>
      <word id="m06-019-07-05" tag="AP" text="much">
        <cmp x="1109" y="2048" width="63" height="23" />
        <cmp x="1174" y="2049" width="44" height="22" />
        <cmp x="1223" y="2042" width="31" height="29" />
        <cmp x="1259" y="2025" width="41" height="46" />
      </word>
      <word id="m06-019-07-06" tag="." text=".">
        <cmp x="1307" y="2057" width="14" height="14" />
      </word>
      <word id="m06-019-07-07" tag="**&apos;" text="&apos;">
        <cmp x="1347" y="2019" width="13" height="17" />
      </word>
      <upper-contour>
        <point x="377" y="1906" />
        <point x="1361" y="1906" />
      </upper-contour>
    </line>
  </handwritten-part>
</form>

