<?xml version="1.0" encoding="ISO-8859-1"?>

<!DOCTYPE form SYSTEM 'http://www.iam.unibe.ch/~fki/iamdb/form-metadata.dtd'>

<form created="2002-01-25" height="3542" id="m06-067" last-modified="2002-07-17" skew="-63" status="final" version="3.0_beta" width="2479" writer-id="552">
  <machine-printed-part>
    <machine-print-line text="&apos;You are too foul to live!&apos; Haris growled. &apos;Why are you not killed?&apos; &apos;Because we" />
    <machine-print-line text="know all things,&apos; the Chief Captive said. Suddenly his second head roused itself and" />
    <machine-print-line text="declared, &apos;To be a good shape is not all in life. To know is also good. Because we" />
    <machine-print-line text="cannot move well we can - think. This tribe of the True World is good and knows" />
    <machine-print-line text="these things." />
  </machine-printed-part>
  <handwritten-part>
    <line ass="-320" asx="0" asy="752" character-width="999" dss="-320" dsx="0" dsy="859" fd0="13879" fd1="3371" fd2="-282" filter-width="3" id="m06-067-00" lbs="-257" lbx="0" lby="826" segmentation="ok" slant="104000" stroke-width="5377" threshold="159" text="&apos;You are too foul to live!&apos; Haris growled. &apos;Why are" ubs="-446" ubx="0" uby="793">
      <word id="m06-067-00-00" sentence-start="yes" tag="*&apos;" text="&apos;">
        <cmp x="336" y="755" width="6" height="14" />
      </word>
      <word id="m06-067-00-01" tag="PP2" text="You">
        <cmp x="364" y="767" width="39" height="51" />
        <cmp x="399" y="790" width="22" height="35" />
        <cmp x="422" y="800" width="42" height="27" />
      </word>
      <word id="m06-067-00-02" tag="BER" text="are">
        <cmp x="496" y="796" width="60" height="36" />
        <cmp x="562" y="801" width="29" height="30" />
      </word>
      <word id="m06-067-00-03" tag="QL" text="too">
        <cmp x="640" y="774" width="28" height="52" />
        <cmp x="671" y="795" width="39" height="34" />
        <cmp x="711" y="800" width="34" height="31" />
      </word>
      <word id="m06-067-00-04" tag="JJ" text="foul">
        <cmp x="782" y="763" width="25" height="85" />
        <cmp x="820" y="801" width="31" height="36" />
        <cmp x="853" y="806" width="47" height="27" />
        <cmp x="902" y="783" width="13" height="44" />
      </word>
      <word id="m06-067-00-05" tag="TO" text="to">
        <cmp x="974" y="772" width="59" height="57" />
      </word>
      <word id="m06-067-00-06" tag="VB" text="live">
        <cmp x="1072" y="777" width="17" height="52" />
        <cmp x="1091" y="780" width="7" height="8" />
        <cmp x="1094" y="808" width="8" height="21" />
        <cmp x="1110" y="805" width="28" height="24" />
        <cmp x="1142" y="805" width="32" height="27" />
      </word>
      <word id="m06-067-00-07" tag="!" text="!">
        <cmp x="1183" y="777" width="8" height="30" />
        <cmp x="1193" y="827" width="6" height="7" />
      </word>
      <word id="m06-067-00-08" tag="**&apos;" text="&apos;">
        <cmp x="1212" y="767" width="13" height="15" />
      </word>
      <word id="m06-067-00-09" tag="NP" text="Haris">
        <cmp x="1268" y="776" width="26" height="56" />
        <cmp x="1295" y="776" width="15" height="51" />
        <cmp x="1315" y="798" width="70" height="36" />
        <cmp x="1388" y="789" width="7" height="7" />
        <cmp x="1390" y="806" width="8" height="27" />
        <cmp x="1412" y="800" width="24" height="35" />
      </word>
      <word id="m06-067-00-10" tag="VBD" text="growled">
        <cmp x="1492" y="805" width="44" height="63" />
        <cmp x="1533" y="809" width="20" height="27" />
        <cmp x="1564" y="808" width="27" height="31" />
        <cmp x="1593" y="811" width="52" height="22" />
        <cmp x="1645" y="790" width="16" height="44" />
        <cmp x="1667" y="790" width="68" height="48" />
      </word>
      <word id="m06-067-00-11" tag="." text=".">
        <cmp x="1743" y="827" width="4" height="4" />
      </word>
      <word id="m06-067-00-12" sentence-start="yes" tag="*&apos;" text="&apos;">
        <cmp x="1805" y="779" width="7" height="31" />
      </word>
      <word id="m06-067-00-13" tag="WRB" text="Why">
        <cmp x="1827" y="785" width="54" height="47" />
        <cmp x="1880" y="786" width="38" height="47" />
        <cmp x="1921" y="813" width="34" height="51" />
      </word>
      <word id="m06-067-00-14" tag="BER" text="are">
        <cmp x="2000" y="802" width="57" height="32" />
        <cmp x="2058" y="804" width="40" height="34" />
      </word>
      <lower-contour>
        <point x="348" y="868" />
        <point x="2088" y="868" />
      </lower-contour>
    </line>
    <line ass="-428" asx="0" asy="936" character-width="999" dss="-428" dsx="0" dsy="1036" fd0="13443" fd1="3123" fd2="-759" filter-width="3" id="m06-067-01" lbs="-541" lbx="0" lby="1000" segmentation="ok" slant="99000" stroke-width="5200" threshold="159" text="you not killed?&apos; &apos;Because we know all things,&apos; the" ubs="-201" ubx="0" uby="976">
      <word id="m06-067-01-00" tag="PP2" text="you">
        <cmp x="350" y="978" width="33" height="52" />
        <cmp x="383" y="977" width="22" height="37" />
        <cmp x="414" y="979" width="39" height="32" />
      </word>
      <word id="m06-067-01-01" tag="XNOT" text="not">
        <cmp x="501" y="976" width="67" height="35" />
        <cmp x="566" y="955" width="37" height="52" />
      </word>
      <word id="m06-067-01-02" tag="VBN" text="killed">
        <cmp x="648" y="961" width="42" height="43" />
        <cmp x="690" y="964" width="8" height="8" />
        <cmp x="693" y="986" width="9" height="18" />
        <cmp x="709" y="956" width="14" height="47" />
        <cmp x="727" y="961" width="19" height="46" />
        <cmp x="746" y="979" width="32" height="32" />
        <cmp x="782" y="959" width="43" height="55" />
      </word>
      <word id="m06-067-01-03" tag="?" text="?">
        <cmp x="828" y="953" width="17" height="34" />
        <cmp x="844" y="1004" width="5" height="7" />
      </word>
      <word id="m06-067-01-04" tag="**&apos;" text="&apos;">
        <cmp x="865" y="946" width="8" height="22" />
      </word>
      <word id="m06-067-01-05" sentence-start="yes" tag="*&apos;" text="&apos;">
        <cmp x="936" y="952" width="9" height="19" />
      </word>
      <word id="m06-067-01-06" tag="CS" text="Because">
        <cmp x="963" y="953" width="75" height="54" />
        <cmp x="1053" y="977" width="30" height="27" />
        <cmp x="1085" y="980" width="76" height="33" />
        <cmp x="1163" y="978" width="28" height="33" />
        <cmp x="1194" y="981" width="29" height="30" />
      </word>
      <word id="m06-067-01-07" tag="PP1AS" text="we">
        <cmp x="1271" y="979" width="72" height="36" />
      </word>
      <word id="m06-067-01-08" tag="VB" text="know">
        <cmp x="1394" y="967" width="41" height="46" />
        <cmp x="1437" y="984" width="37" height="32" />
        <cmp x="1470" y="985" width="31" height="30" />
        <cmp x="1508" y="988" width="39" height="26" />
      </word>
      <word id="m06-067-01-09" tag="ABN" text="all">
        <cmp x="1591" y="988" width="39" height="29" />
        <cmp x="1628" y="969" width="14" height="44" />
        <cmp x="1638" y="968" width="15" height="45" />
      </word>
      <word id="m06-067-01-10" tag="NNS" text="things">
        <cmp x="1698" y="963" width="26" height="53" />
        <cmp x="1724" y="958" width="38" height="54" />
        <cmp x="1763" y="968" width="11" height="11" />
        <cmp x="1765" y="989" width="7" height="24" />
        <cmp x="1781" y="985" width="25" height="30" />
        <cmp x="1813" y="988" width="33" height="62" />
        <cmp x="1850" y="985" width="35" height="36" />
      </word>
      <word id="m06-067-01-11" tag="," text=",">
        <cmp x="1897" y="1012" width="11" height="26" />
      </word>
      <word id="m06-067-01-12" tag="**&apos;" text="&apos;">
        <cmp x="1930" y="951" width="6" height="21" />
      </word>
      <word id="m06-067-01-13" tag="ATI" text="the">
        <cmp x="1993" y="958" width="64" height="56" />
        <cmp x="2054" y="987" width="33" height="31" />
      </word>
      <upper-contour>
        <point x="348" y="868" />
        <point x="2088" y="868" />
      </upper-contour>
      <lower-contour>
        <point x="360" y="1050" />
        <point x="2088" y="1050" />
      </lower-contour>
    </line>
    <line ass="-390" asx="0" asy="1125" character-width="999" dss="-390" dsx="0" dsy="1213" fd0="13663" fd1="2626" fd2="-1373" filter-width="3" id="m06-067-02" lbs="-357" lbx="0" lby="1183" segmentation="ok" slant="101000" stroke-width="5284" threshold="159" text="Chief Captive said. Suddenly his second head roused" ubs="-458" ubx="0" uby="1148">
      <word id="m06-067-02-00" tag="NPT" text="Chief">
        <cmp x="362" y="1133" width="34" height="47" />
        <cmp x="394" y="1132" width="44" height="52" />
        <cmp x="436" y="1138" width="7" height="10" />
        <cmp x="439" y="1161" width="10" height="24" />
        <cmp x="459" y="1157" width="33" height="25" />
        <cmp x="493" y="1129" width="27" height="68" />
      </word>
      <word id="m06-067-02-01" tag="NN" text="Captive">
        <cmp x="580" y="1131" width="33" height="51" />
        <cmp x="614" y="1155" width="44" height="32" />
        <cmp x="661" y="1162" width="35" height="51" />
        <cmp x="692" y="1142" width="38" height="47" />
        <cmp x="722" y="1131" width="5" height="11" />
        <cmp x="737" y="1152" width="28" height="34" />
        <cmp x="768" y="1156" width="31" height="30" />
      </word>
      <word id="m06-067-02-02" tag="VBD" text="said">
        <cmp x="848" y="1153" width="78" height="38" />
        <cmp x="923" y="1142" width="9" height="10" />
        <cmp x="929" y="1164" width="11" height="22" />
        <cmp x="945" y="1140" width="41" height="49" />
      </word>
      <word id="m06-067-02-03" tag="." text=".">
        <cmp x="1000" y="1182" width="8" height="6" />
      </word>
      <word id="m06-067-02-04" sentence-start="yes" tag="RB" text="Suddenly">
        <cmp x="1069" y="1134" width="120" height="56" />
        <cmp x="1186" y="1142" width="41" height="47" />
        <cmp x="1226" y="1161" width="29" height="29" />
        <cmp x="1258" y="1164" width="26" height="30" />
        <cmp x="1286" y="1144" width="13" height="49" />
        <cmp x="1309" y="1168" width="32" height="54" />
        <cmp x="1310" y="1173" width="16" height="16" />
      </word>
      <word id="m06-067-02-05" tag="PP$" text="his">
        <cmp x="1387" y="1138" width="52" height="52" />
        <cmp x="1427" y="1144" width="12" height="14" />
        <cmp x="1445" y="1160" width="35" height="34" />
      </word>
      <word id="m06-067-02-06" tag="OD" text="second">
        <cmp x="1527" y="1163" width="63" height="35" />
        <cmp x="1597" y="1164" width="30" height="32" />
        <cmp x="1627" y="1164" width="31" height="32" />
        <cmp x="1665" y="1171" width="32" height="23" />
        <cmp x="1703" y="1150" width="37" height="46" />
      </word>
      <word id="m06-067-02-07" tag="NN" text="head">
        <cmp x="1790" y="1144" width="46" height="46" />
        <cmp x="1833" y="1162" width="29" height="32" />
        <cmp x="1862" y="1161" width="46" height="33" />
        <cmp x="1902" y="1145" width="45" height="50" />
      </word>
      <word id="m06-067-02-08" tag="VBD" text="roused">
        <cmp x="1995" y="1163" width="20" height="37" />
        <cmp x="2018" y="1167" width="36" height="30" />
        <cmp x="2052" y="1164" width="39" height="31" />
        <cmp x="2094" y="1162" width="30" height="38" />
        <cmp x="2122" y="1141" width="76" height="56" />
      </word>
      <upper-contour>
        <point x="360" y="1050" />
        <point x="2088" y="1050" />
      </upper-contour>
      <lower-contour>
        <point x="360" y="1222" />
        <point x="2149" y="1222" />
      </lower-contour>
    </line>
    <line ass="-435" asx="0" asy="1296" character-width="999" dss="-435" dsx="0" dsy="1388" fd0="13194" fd1="2764" fd2="-1016" filter-width="3" id="m06-067-03" lbs="-416" lbx="0" lby="1362" segmentation="ok" slant="101000" stroke-width="5301" threshold="159" text="itself and declared, &apos;To be a good shape is not all" ubs="-472" ubx="0" uby="1330">
      <word id="m06-067-03-00" tag="PPL" text="itself">
        <cmp x="361" y="1311" width="14" height="8" />
        <cmp x="364" y="1333" width="9" height="27" />
        <cmp x="380" y="1300" width="24" height="60" />
        <cmp x="405" y="1331" width="38" height="33" />
        <cmp x="442" y="1337" width="31" height="29" />
        <cmp x="474" y="1314" width="20" height="52" />
        <cmp x="491" y="1309" width="34" height="69" />
      </word>
      <word id="m06-067-03-01" tag="CC" text="and">
        <cmp x="579" y="1334" width="36" height="31" />
        <cmp x="615" y="1318" width="74" height="53" />
      </word>
      <word id="m06-067-03-02" tag="VBD" text="declared">
        <cmp x="748" y="1318" width="70" height="52" />
        <cmp x="822" y="1338" width="35" height="32" />
        <cmp x="857" y="1316" width="15" height="50" />
        <cmp x="881" y="1338" width="51" height="33" />
        <cmp x="926" y="1334" width="28" height="34" />
        <cmp x="957" y="1318" width="73" height="51" />
      </word>
      <word id="m06-067-03-03" tag="," text=",">
        <cmp x="1045" y="1358" width="7" height="25" />
      </word>
      <word id="m06-067-03-04" sentence-start="yes" tag="*&apos;" text="&apos;">
        <cmp x="1095" y="1310" width="9" height="26" />
      </word>
      <word id="m06-067-03-05" tag="TO" text="To">
        <cmp x="1115" y="1313" width="46" height="56" />
        <cmp x="1155" y="1344" width="32" height="29" />
      </word>
      <word id="m06-067-03-06" tag="BE" text="be">
        <cmp x="1229" y="1318" width="68" height="56" />
      </word>
      <word id="m06-067-03-07" tag="AT" text="a">
        <cmp x="1334" y="1340" width="50" height="31" />
      </word>
      <word id="m06-067-03-08" tag="JJ" text="good">
        <cmp x="1423" y="1343" width="42" height="56" />
        <cmp x="1466" y="1327" width="103" height="48" />
      </word>
      <word id="m06-067-03-09" tag="NN" text="shape">
        <cmp x="1617" y="1340" width="36" height="39" />
        <cmp x="1647" y="1325" width="47" height="50" />
        <cmp x="1695" y="1342" width="34" height="30" />
        <cmp x="1733" y="1341" width="64" height="57" />
      </word>
      <word id="m06-067-03-10" tag="BEZ" text="is">
        <cmp x="1848" y="1318" width="13" height="18" />
        <cmp x="1850" y="1350" width="7" height="22" />
        <cmp x="1867" y="1341" width="34" height="40" />
      </word>
      <word id="m06-067-03-11" tag="XNOT" text="not">
        <cmp x="1944" y="1346" width="28" height="31" />
        <cmp x="1978" y="1317" width="58" height="60" />
      </word>
      <word id="m06-067-03-12" tag="ABN" text="all">
        <cmp x="2082" y="1348" width="42" height="32" />
        <cmp x="2118" y="1324" width="30" height="52" />
      </word>
      <upper-contour>
        <point x="360" y="1222" />
        <point x="2149" y="1222" />
      </upper-contour>
      <lower-contour>
        <point x="359" y="1399" />
        <point x="2149" y="1399" />
      </lower-contour>
    </line>
    <line ass="-210" asx="0" asy="1481" character-width="999" dss="-210" dsx="0" dsy="1574" fd0="13381" fd1="3477" fd2="-840" filter-width="3" id="m06-067-04" lbs="-240" lbx="0" lby="1544" segmentation="ok" slant="100000" stroke-width="5261" threshold="158" text="in life. To know is also good. Because we cannot move" ubs="-152" ubx="0" uby="1517">
      <word id="m06-067-04-00" tag="IN" text="in">
        <cmp x="359" y="1493" width="12" height="12" />
        <cmp x="362" y="1518" width="9" height="29" />
        <cmp x="379" y="1517" width="33" height="32" />
      </word>
      <word id="m06-067-04-01" tag="NN" text="life">
        <cmp x="441" y="1495" width="17" height="48" />
        <cmp x="450" y="1512" width="15" height="22" />
        <cmp x="465" y="1487" width="29" height="65" />
        <cmp x="500" y="1516" width="43" height="30" />
      </word>
      <word id="m06-067-04-02" tag="." text=".">
        <cmp x="562" y="1532" width="12" height="7" />
      </word>
      <word id="m06-067-04-03" sentence-start="yes" tag="TO" text="To">
        <cmp x="597" y="1491" width="41" height="20" />
        <cmp x="620" y="1508" width="7" height="42" />
        <cmp x="633" y="1518" width="36" height="33" />
      </word>
      <word id="m06-067-04-04" tag="VB" text="know">
        <cmp x="734" y="1493" width="71" height="58" />
        <cmp x="807" y="1525" width="33" height="34" />
        <cmp x="849" y="1526" width="41" height="25" />
      </word>
      <word id="m06-067-04-05" tag="BEZ" text="is">
        <cmp x="930" y="1496" width="17" height="18" />
        <cmp x="943" y="1520" width="7" height="28" />
        <cmp x="954" y="1517" width="36" height="36" />
      </word>
      <word id="m06-067-04-06" tag="RB" text="also">
        <cmp x="1024" y="1494" width="61" height="52" />
        <cmp x="1089" y="1514" width="57" height="37" />
      </word>
      <word id="m06-067-04-07" tag="JJ" text="good">
        <cmp x="1190" y="1517" width="40" height="62" />
        <cmp x="1234" y="1517" width="64" height="32" />
        <cmp x="1299" y="1505" width="35" height="45" />
      </word>
      <word id="m06-067-04-08" tag="." text=".">
        <cmp x="1351" y="1543" width="7" height="7" />
      </word>
      <word id="m06-067-04-09" sentence-start="yes" tag="CS" text="Because">
        <cmp x="1406" y="1499" width="88" height="57" />
        <cmp x="1493" y="1519" width="27" height="31" />
        <cmp x="1520" y="1516" width="100" height="38" />
        <cmp x="1620" y="1523" width="32" height="27" />
      </word>
      <word id="m06-067-04-10" tag="PP1AS" text="we">
        <cmp x="1697" y="1522" width="43" height="28" />
        <cmp x="1741" y="1523" width="34" height="33" />
      </word>
      <word id="m06-067-04-11" tag="MDX" text="cannot">
        <cmp x="1815" y="1524" width="30" height="27" />
        <cmp x="1850" y="1524" width="35" height="28" />
        <cmp x="1888" y="1524" width="31" height="30" />
        <cmp x="1919" y="1522" width="34" height="31" />
        <cmp x="1948" y="1519" width="36" height="29" />
        <cmp x="1980" y="1489" width="21" height="59" />
      </word>
      <word id="m06-067-04-12" tag="VB" text="move">
        <cmp x="2035" y="1523" width="74" height="33" />
        <cmp x="2109" y="1525" width="28" height="29" />
        <cmp x="2137" y="1524" width="37" height="33" />
      </word>
      <upper-contour>
        <point x="359" y="1399" />
        <point x="2149" y="1399" />
      </upper-contour>
      <lower-contour>
        <point x="357" y="1579" />
        <point x="2108" y="1579" />
      </lower-contour>
    </line>
    <line ass="-393" asx="0" asy="1661" character-width="999" dss="-393" dsx="0" dsy="1736" fd0="13248" fd1="3076" fd2="-376" filter-width="3" id="m06-067-05" lbs="-433" lbx="0" lby="1719" segmentation="ok" slant="101000" stroke-width="5370" threshold="156" text="well we can - think. This tribe of the True World" ubs="-314" ubx="0" uby="1693">
      <word id="m06-067-05-00" tag="RB" text="well">
        <cmp x="356" y="1697" width="51" height="26" />
        <cmp x="409" y="1698" width="36" height="26" />
        <cmp x="440" y="1675" width="19" height="48" />
        <cmp x="452" y="1678" width="17" height="36" />
      </word>
      <word id="m06-067-05-01" tag="PP1AS" text="we">
        <cmp x="531" y="1694" width="43" height="26" />
        <cmp x="578" y="1694" width="33" height="26" />
      </word>
      <word id="m06-067-05-02" tag="MD" text="can">
        <cmp x="660" y="1697" width="32" height="27" />
        <cmp x="694" y="1695" width="39" height="30" />
        <cmp x="741" y="1697" width="25" height="27" />
      </word>
      <word id="m06-067-05-03" tag="*-" text="-">
        <cmp x="823" y="1708" width="26" height="5" />
      </word>
      <word id="m06-067-05-04" tag="VB" text="think">
        <cmp x="888" y="1674" width="31" height="53" />
        <cmp x="920" y="1672" width="46" height="55" />
        <cmp x="973" y="1672" width="11" height="11" />
        <cmp x="974" y="1700" width="9" height="26" />
        <cmp x="992" y="1697" width="24" height="34" />
        <cmp x="1022" y="1675" width="29" height="53" />
      </word>
      <word id="m06-067-05-05" tag="." text=".">
        <cmp x="1059" y="1728" width="4" height="5" />
      </word>
      <word id="m06-067-05-06" sentence-start="yes" tag="DT" text="This">
        <cmp x="1118" y="1682" width="93" height="52" />
        <cmp x="1191" y="1680" width="11" height="15" />
        <cmp x="1212" y="1701" width="32" height="35" />
      </word>
      <word id="m06-067-05-07" tag="NN" text="tribe">
        <cmp x="1310" y="1679" width="66" height="55" />
        <cmp x="1365" y="1689" width="7" height="7" />
        <cmp x="1379" y="1681" width="66" height="49" />
      </word>
      <word id="m06-067-05-08" tag="INO" text="of">
        <cmp x="1492" y="1703" width="37" height="29" />
        <cmp x="1529" y="1672" width="22" height="76" />
      </word>
      <word id="m06-067-05-09" tag="ATI" text="the">
        <cmp x="1613" y="1675" width="101" height="60" />
      </word>
      <word id="m06-067-05-10" tag="JJ" text="True">
        <cmp x="1756" y="1676" width="32" height="61" />
        <cmp x="1796" y="1701" width="64" height="32" />
        <cmp x="1861" y="1702" width="28" height="28" />
      </word>
      <word id="m06-067-05-11" tag="NN" text="World">
        <cmp x="1948" y="1682" width="42" height="44" />
        <cmp x="1994" y="1694" width="54" height="40" />
        <cmp x="2046" y="1685" width="20" height="47" />
        <cmp x="2066" y="1684" width="41" height="51" />
      </word>
      <upper-contour>
        <point x="357" y="1579" />
        <point x="2108" y="1579" />
      </upper-contour>
      <lower-contour>
        <point x="367" y="1737" />
        <point x="1508" y="1737" />
      </lower-contour>
    </line>
    <line ass="37" asx="0" asy="1855" character-width="999" dss="37" dsx="0" dsy="1946" fd0="13457" fd1="2599" fd2="-1240" filter-width="3" id="m06-067-06" lbs="162" lbx="0" lby="1914" segmentation="err" slant="99000" stroke-width="5276" threshold="158" text="is good and knows these things." ubs="-211" ubx="0" uby="1876">
      <word id="m06-067-06-00" tag="BEZ" text="is">
        <cmp x="369" y="1878" width="10" height="31" />
        <cmp x="382" y="1876" width="37" height="39" />
      </word>
      <word id="m06-067-06-01" tag="JJ" text="good">
        <cmp x="470" y="1880" width="41" height="59" />
        <cmp x="512" y="1880" width="30" height="34" />
        <cmp x="541" y="1863" width="75" height="54" />
      </word>
      <word id="m06-067-06-02" tag="CC" text="and">
        <cmp x="671" y="1877" width="38" height="33" />
        <cmp x="709" y="1882" width="31" height="31" />
        <cmp x="744" y="1858" width="49" height="57" />
      </word>
      <word id="m06-067-06-03" tag="VBZ" text="knows">
        <cmp x="834" y="1855" width="40" height="52" />
        <cmp x="876" y="1879" width="70" height="35" />
        <cmp x="950" y="1880" width="83" height="35" />
      </word>
      <word id="m06-067-06-04" tag="DTS" text="these">
        <cmp x="1103" y="1855" width="72" height="62" />
        <cmp x="1172" y="1879" width="30" height="28" />
        <cmp x="1200" y="1877" width="65" height="35" />
      </word>
      <word id="m06-067-06-05" tag="NNS" text="things">
        <cmp x="1322" y="1860" width="61" height="52" />
        <cmp x="1381" y="1859" width="9" height="12" />
        <cmp x="1386" y="1888" width="8" height="21" />
        <cmp x="1399" y="1878" width="29" height="34" />
        <cmp x="1431" y="1884" width="35" height="62" />
        <cmp x="1462" y="1878" width="26" height="39" />
      </word>
      <word id="m06-067-06-06" tag="." text=".">
        <cmp x="1502" y="1901" width="6" height="5" />
      </word>
      <upper-contour>
        <point x="367" y="1737" />
        <point x="1508" y="1737" />
      </upper-contour>
    </line>
  </handwritten-part>
</form>

