<?xml version="1.0" encoding="ISO-8859-1"?>

<!DOCTYPE form SYSTEM 'http://www.iam.unibe.ch/~fki/iamdb/form-metadata.dtd'>

<form created="2002-01-25" height="3542" id="m06-098" last-modified="2002-07-17" skew="-63" status="final" version="3.0_beta" width="2479" writer-id="552">
  <machine-printed-part>
    <machine-print-line text="We need such memories. So we ask you to go back there on a great plan we have.&apos;" />
    <machine-print-line text="&apos;Go back?&apos; gasped Flor. &apos;Yes. We plan to attack the Heavy World. You must help to" />
    <machine-print-line text="lead our force.&apos; The long afternoon of eternity wore on, that long golden road of an" />
    <machine-print-line text="afternoon that would somewhere lead to everlasting night." />
  </machine-printed-part>
  <handwritten-part>
    <line ass="-711" asx="0" asy="739" character-width="999" dss="-711" dsx="0" dsy="836" fd0="13795" fd1="2807" fd2="-585" filter-width="3" id="m06-098-00" lbs="-701" lbx="0" lby="799" segmentation="ok" slant="101000" stroke-width="5311" threshold="158" text="We need such memories. So we ask you to go" ubs="-730" ubx="0" uby="769">
      <word id="m06-098-00-00" sentence-start="yes" tag="PP1AS" text="We">
        <cmp x="358" y="758" width="39" height="45" />
        <cmp x="408" y="771" width="32" height="31" />
      </word>
      <word id="m06-098-00-01" tag="VB" text="need">
        <cmp x="499" y="777" width="36" height="32" />
        <cmp x="535" y="775" width="35" height="32" />
        <cmp x="577" y="777" width="37" height="27" />
        <cmp x="614" y="757" width="42" height="52" />
      </word>
      <word id="m06-098-00-02" tag="ABL" text="such">
        <cmp x="712" y="773" width="35" height="38" />
        <cmp x="750" y="777" width="43" height="36" />
        <cmp x="798" y="778" width="37" height="35" />
        <cmp x="829" y="765" width="42" height="45" />
      </word>
      <word id="m06-098-00-03" tag="NNS" text="memories">
        <cmp x="914" y="782" width="60" height="28" />
        <cmp x="976" y="781" width="30" height="29" />
        <cmp x="1008" y="781" width="84" height="33" />
        <cmp x="1093" y="781" width="35" height="30" />
        <cmp x="1119" y="757" width="8" height="8" />
        <cmp x="1137" y="781" width="27" height="31" />
        <cmp x="1171" y="781" width="28" height="37" />
      </word>
      <word id="m06-098-00-04" tag="." text=".">
        <cmp x="1208" y="803" width="11" height="5" />
      </word>
      <word id="m06-098-00-05" sentence-start="yes" tag="RB" text="So">
        <cmp x="1291" y="757" width="36" height="53" />
        <cmp x="1331" y="786" width="34" height="33" />
      </word>
      <word id="m06-098-00-06" tag="PP1AS" text="we">
        <cmp x="1422" y="788" width="75" height="26" />
      </word>
      <word id="m06-098-00-07" tag="VB" text="ask">
        <cmp x="1559" y="786" width="34" height="30" />
        <cmp x="1596" y="784" width="33" height="38" />
        <cmp x="1627" y="766" width="40" height="53" />
      </word>
      <word id="m06-098-00-08" tag="PP2" text="you">
        <cmp x="1730" y="791" width="32" height="59" />
        <cmp x="1763" y="794" width="26" height="33" />
        <cmp x="1791" y="799" width="49" height="28" />
      </word>
      <word id="m06-098-00-09" tag="TO" text="to">
        <cmp x="1904" y="767" width="24" height="52" />
        <cmp x="1930" y="793" width="27" height="31" />
      </word>
      <word id="m06-098-00-10" tag="VB" text="go">
        <cmp x="2030" y="796" width="35" height="66" />
        <cmp x="2074" y="796" width="30" height="29" />
      </word>
      <lower-contour>
        <point x="356" y="862" />
        <point x="2105" y="862" />
      </lower-contour>
    </line>
    <line ass="-551" asx="0" asy="915" character-width="999" dss="-551" dsx="0" dsy="1014" fd0="13417" fd1="3060" fd2="-407" filter-width="3" id="m06-098-01" lbs="-519" lbx="0" lby="980" segmentation="ok" slant="103000" stroke-width="5338" threshold="159" text="back there on a great plan we have.&apos; &apos;Go back?&apos;" ubs="-616" ubx="0" uby="951">
      <word id="m06-098-01-00" tag="RP" text="back">
        <cmp x="351" y="919" width="38" height="73" />
        <cmp x="390" y="956" width="47" height="28" />
        <cmp x="441" y="957" width="37" height="25" />
        <cmp x="473" y="934" width="29" height="53" />
      </word>
      <word id="m06-098-01-01" tag="RN" text="there">
        <cmp x="558" y="931" width="77" height="53" />
        <cmp x="632" y="957" width="28" height="27" />
        <cmp x="668" y="953" width="16" height="31" />
        <cmp x="689" y="957" width="36" height="32" />
      </word>
      <word id="m06-098-01-02" tag="IN" text="on">
        <cmp x="780" y="955" width="65" height="30" />
      </word>
      <word id="m06-098-01-03" tag="AT" text="a">
        <cmp x="905" y="955" width="52" height="32" />
      </word>
      <word id="m06-098-01-04" tag="JJ" text="great">
        <cmp x="1015" y="955" width="37" height="69" />
        <cmp x="1057" y="958" width="19" height="30" />
        <cmp x="1078" y="966" width="30" height="31" />
        <cmp x="1110" y="941" width="57" height="54" />
      </word>
      <word id="m06-098-01-05" tag="NN" text="plan">
        <cmp x="1220" y="946" width="55" height="75" />
        <cmp x="1281" y="960" width="38" height="33" />
        <cmp x="1321" y="965" width="28" height="26" />
      </word>
      <word id="m06-098-01-06" tag="PP1AS" text="we">
        <cmp x="1407" y="966" width="41" height="24" />
        <cmp x="1454" y="962" width="35" height="27" />
      </word>
      <word id="m06-098-01-07" tag="HV" text="have">
        <cmp x="1543" y="950" width="39" height="47" />
        <cmp x="1583" y="966" width="40" height="33" />
        <cmp x="1624" y="968" width="24" height="28" />
        <cmp x="1657" y="971" width="28" height="26" />
      </word>
      <word id="m06-098-01-08" tag="." text=".">
        <cmp x="1698" y="988" width="9" height="8" />
      </word>
      <word id="m06-098-01-09" tag="**&apos;" text="&apos;">
        <cmp x="1722" y="936" width="6" height="18" />
      </word>
      <word id="m06-098-01-10" sentence-start="yes" tag="*&apos;" text="&apos;">
        <cmp x="1796" y="944" width="8" height="24" />
      </word>
      <word id="m06-098-01-11" tag="VB" text="Go">
        <cmp x="1818" y="948" width="81" height="53" />
      </word>
      <word id="m06-098-01-12" tag="RP" text="back">
        <cmp x="1942" y="951" width="75" height="53" />
        <cmp x="2024" y="973" width="35" height="28" />
        <cmp x="2048" y="955" width="36" height="43" />
      </word>
      <word id="m06-098-01-13" tag="?" text="?">
        <cmp x="2093" y="944" width="17" height="35" />
        <cmp x="2096" y="992" width="10" height="8" />
      </word>
      <word id="m06-098-01-14" tag="**&apos;" text="&apos;">
        <cmp x="2140" y="943" width="7" height="22" />
      </word>
      <upper-contour>
        <point x="356" y="862" />
        <point x="2105" y="862" />
      </upper-contour>
      <lower-contour>
        <point x="353" y="1024" />
        <point x="1995" y="1024" />
      </lower-contour>
    </line>
    <line ass="-392" asx="0" asy="1108" character-width="999" dss="-392" dsx="0" dsy="1194" fd0="13245" fd1="2694" fd2="-775" filter-width="3" id="m06-098-02" lbs="-395" lbx="0" lby="1164" segmentation="ok" slant="100000" stroke-width="5308" threshold="158" text="gasped Flor. &apos;Yes. We plan to attack the Heavy" ubs="-386" ubx="0" uby="1134">
      <word id="m06-098-02-00" tag="VBD" text="gasped">
        <cmp x="355" y="1135" width="38" height="62" />
        <cmp x="393" y="1138" width="73" height="30" />
        <cmp x="467" y="1142" width="31" height="49" />
        <cmp x="506" y="1142" width="32" height="26" />
        <cmp x="541" y="1124" width="40" height="49" />
      </word>
      <word id="m06-098-02-01" tag="NP" text="Flor">
        <cmp x="645" y="1116" width="44" height="52" />
        <cmp x="692" y="1121" width="18" height="50" />
        <cmp x="708" y="1140" width="40" height="28" />
        <cmp x="746" y="1138" width="21" height="27" />
      </word>
      <word id="m06-098-02-02" tag="." text=".">
        <cmp x="787" y="1169" width="6" height="5" />
      </word>
      <word id="m06-098-02-03" sentence-start="yes" tag="*&apos;" text="&apos;">
        <cmp x="851" y="1120" width="10" height="26" />
      </word>
      <word id="m06-098-02-04" tag="UH" text="Yes">
        <cmp x="878" y="1127" width="26" height="46" />
        <cmp x="911" y="1141" width="29" height="30" />
        <cmp x="952" y="1144" width="27" height="32" />
      </word>
      <word id="m06-098-02-05" tag="." text=".">
        <cmp x="993" y="1170" width="5" height="4" />
      </word>
      <word id="m06-098-02-06" sentence-start="yes" tag="PP1AS" text="We">
        <cmp x="1037" y="1127" width="82" height="44" />
      </word>
      <word id="m06-098-02-07" tag="VB" text="plan">
        <cmp x="1159" y="1131" width="53" height="63" />
        <cmp x="1213" y="1139" width="39" height="32" />
        <cmp x="1252" y="1142" width="37" height="33" />
      </word>
      <word id="m06-098-02-08" tag="TO" text="to">
        <cmp x="1334" y="1118" width="47" height="56" />
      </word>
      <word id="m06-098-02-09" tag="VB" text="attack">
        <cmp x="1431" y="1141" width="40" height="30" />
        <cmp x="1470" y="1119" width="83" height="57" />
        <cmp x="1566" y="1126" width="59" height="53" />
      </word>
      <word id="m06-098-02-10" tag="ATI" text="the">
        <cmp x="1674" y="1123" width="71" height="52" />
        <cmp x="1745" y="1149" width="29" height="27" />
      </word>
      <word id="m06-098-02-11" tag="JJ" text="Heavy">
        <cmp x="1817" y="1124" width="72" height="53" />
        <cmp x="1894" y="1141" width="36" height="38" />
        <cmp x="1930" y="1145" width="28" height="30" />
        <cmp x="1967" y="1147" width="27" height="50" />
      </word>
      <upper-contour>
        <point x="353" y="1024" />
        <point x="1995" y="1024" />
      </upper-contour>
      <lower-contour>
        <point x="355" y="1197" />
        <point x="1995" y="1197" />
      </lower-contour>
    </line>
    <line ass="-479" asx="0" asy="1282" character-width="999" dss="-479" dsx="0" dsy="1382" fd0="13455" fd1="3583" fd2="-405" filter-width="3" id="m06-098-03" lbs="-402" lbx="0" lby="1343" segmentation="ok" slant="102000" stroke-width="5330" threshold="158" text="World. You must help to lead our force.&apos; The long" ubs="-633" ubx="0" uby="1309">
      <word id="m06-098-03-00" tag="NN" text="World">
        <cmp x="357" y="1299" width="44" height="47" />
        <cmp x="401" y="1314" width="30" height="33" />
        <cmp x="432" y="1315" width="28" height="32" />
        <cmp x="462" y="1303" width="21" height="44" />
        <cmp x="480" y="1299" width="45" height="49" />
      </word>
      <word id="m06-098-03-01" tag="." text=".">
        <cmp x="538" y="1338" width="6" height="6" />
      </word>
      <word id="m06-098-03-02" sentence-start="yes" tag="PP2" text="You">
        <cmp x="593" y="1301" width="32" height="39" />
        <cmp x="629" y="1317" width="72" height="33" />
      </word>
      <word id="m06-098-03-03" tag="MD" text="must">
        <cmp x="750" y="1320" width="54" height="30" />
        <cmp x="804" y="1320" width="71" height="33" />
        <cmp x="876" y="1298" width="25" height="56" />
      </word>
      <word id="m06-098-03-04" tag="VB" text="help">
        <cmp x="942" y="1298" width="39" height="50" />
        <cmp x="980" y="1325" width="35" height="26" />
        <cmp x="1015" y="1303" width="18" height="50" />
        <cmp x="1035" y="1330" width="27" height="47" />
      </word>
      <word id="m06-098-03-05" tag="TO" text="to">
        <cmp x="1110" y="1296" width="58" height="62" />
      </word>
      <word id="m06-098-03-06" tag="VB" text="lead">
        <cmp x="1219" y="1300" width="14" height="48" />
        <cmp x="1237" y="1318" width="28" height="34" />
        <cmp x="1268" y="1320" width="38" height="32" />
        <cmp x="1305" y="1303" width="38" height="50" />
      </word>
      <word id="m06-098-03-07" tag="PP$" text="our">
        <cmp x="1401" y="1315" width="92" height="41" />
      </word>
      <word id="m06-098-03-08" tag="NN" text="force">
        <cmp x="1539" y="1301" width="31" height="77" />
        <cmp x="1565" y="1331" width="32" height="27" />
        <cmp x="1599" y="1325" width="55" height="33" />
        <cmp x="1656" y="1325" width="32" height="32" />
      </word>
      <word id="m06-098-03-09" tag="." text=".">
        <cmp x="1700" y="1345" width="6" height="5" />
      </word>
      <word id="m06-098-03-10" tag="**&apos;" text="&apos;">
        <cmp x="1721" y="1297" width="10" height="25" />
      </word>
      <word id="m06-098-03-11" sentence-start="yes" tag="ATI" text="The">
        <cmp x="1781" y="1313" width="32" height="41" />
        <cmp x="1816" y="1310" width="80" height="49" />
      </word>
      <word id="m06-098-03-12" tag="JJ" text="long">
        <cmp x="1936" y="1313" width="16" height="42" />
        <cmp x="1956" y="1332" width="26" height="27" />
        <cmp x="1983" y="1328" width="29" height="33" />
        <cmp x="2013" y="1332" width="34" height="67" />
      </word>
      <upper-contour>
        <point x="355" y="1197" />
        <point x="1995" y="1197" />
      </upper-contour>
      <lower-contour>
        <point x="361" y="1399" />
        <point x="2048" y="1399" />
      </lower-contour>
    </line>
    <line ass="-571" asx="0" asy="1455" character-width="999" dss="-571" dsx="0" dsy="1552" fd0="13295" fd1="2474" fd2="-1210" filter-width="3" id="m06-098-04" lbs="-586" lbx="0" lby="1519" segmentation="ok" slant="104000" stroke-width="5278" threshold="158" text="afternoon of eternity wore on, that long golden road" ubs="-541" ubx="0" uby="1490">
      <word id="m06-098-04-00" tag="NN" text="afternoon">
        <cmp x="363" y="1459" width="65" height="76" />
        <cmp x="431" y="1469" width="52" height="53" />
        <cmp x="488" y="1492" width="27" height="31" />
        <cmp x="524" y="1498" width="30" height="29" />
        <cmp x="549" y="1499" width="100" height="31" />
      </word>
      <word id="m06-098-04-01" tag="INO" text="of">
        <cmp x="722" y="1464" width="57" height="69" />
      </word>
      <word id="m06-098-04-02" tag="NN" text="eternity">
        <cmp x="826" y="1499" width="33" height="28" />
        <cmp x="861" y="1473" width="52" height="57" />
        <cmp x="916" y="1496" width="17" height="30" />
        <cmp x="933" y="1501" width="35" height="33" />
        <cmp x="962" y="1486" width="8" height="4" />
        <cmp x="966" y="1508" width="11" height="18" />
        <cmp x="979" y="1479" width="58" height="72" />
      </word>
      <word id="m06-098-04-03" tag="VBD" text="wore">
        <cmp x="1086" y="1501" width="50" height="31" />
        <cmp x="1137" y="1498" width="78" height="36" />
      </word>
      <word id="m06-098-04-04" tag="RP" text="on">
        <cmp x="1248" y="1498" width="36" height="32" />
        <cmp x="1279" y="1502" width="35" height="27" />
      </word>
      <word id="m06-098-04-05" tag="," text=",">
        <cmp x="1327" y="1524" width="7" height="22" />
      </word>
      <word id="m06-098-04-06" tag="DT" text="that">
        <cmp x="1378" y="1483" width="19" height="50" />
        <cmp x="1397" y="1478" width="40" height="49" />
        <cmp x="1437" y="1485" width="61" height="45" />
      </word>
      <word id="m06-098-04-07" tag="JJ" text="long">
        <cmp x="1550" y="1484" width="11" height="42" />
        <cmp x="1573" y="1505" width="30" height="30" />
        <cmp x="1607" y="1507" width="29" height="26" />
        <cmp x="1641" y="1505" width="37" height="62" />
      </word>
      <word id="m06-098-04-08" tag="JJ" text="golden">
        <cmp x="1737" y="1503" width="39" height="67" />
        <cmp x="1785" y="1503" width="32" height="29" />
        <cmp x="1818" y="1495" width="14" height="38" />
        <cmp x="1841" y="1486" width="41" height="54" />
        <cmp x="1882" y="1511" width="60" height="30" />
      </word>
      <word id="m06-098-04-09" tag="NN" text="road">
        <cmp x="1995" y="1506" width="26" height="40" />
        <cmp x="2025" y="1497" width="122" height="51" />
      </word>
      <upper-contour>
        <point x="361" y="1399" />
        <point x="2048" y="1399" />
      </upper-contour>
      <lower-contour>
        <point x="368" y="1570" />
        <point x="1970" y="1570" />
      </lower-contour>
    </line>
    <line ass="-351" asx="0" asy="1640" character-width="999" dss="-351" dsx="0" dsy="1720" fd0="13276" fd1="2644" fd2="-913" filter-width="3" id="m06-098-05" lbs="-358" lbx="0" lby="1705" segmentation="ok" slant="102000" stroke-width="5351" threshold="156" text="of an afternoon that would somewhere lead to" ubs="-336" ubx="0" uby="1676">
      <word id="m06-098-05-00" tag="INO" text="of">
        <cmp x="370" y="1678" width="33" height="29" />
        <cmp x="402" y="1646" width="25" height="76" />
      </word>
      <word id="m06-098-05-01" tag="AT" text="an">
        <cmp x="487" y="1672" width="41" height="35" />
        <cmp x="529" y="1680" width="28" height="27" />
      </word>
      <word id="m06-098-05-02" tag="NN" text="afternoon">
        <cmp x="617" y="1679" width="42" height="30" />
        <cmp x="659" y="1646" width="25" height="78" />
        <cmp x="691" y="1653" width="49" height="58" />
        <cmp x="739" y="1676" width="17" height="33" />
        <cmp x="763" y="1681" width="62" height="29" />
        <cmp x="827" y="1682" width="34" height="30" />
        <cmp x="862" y="1680" width="29" height="28" />
      </word>
      <word id="m06-098-05-03" tag="WP" text="that">
        <cmp x="939" y="1660" width="74" height="51" />
        <cmp x="1011" y="1659" width="63" height="55" />
      </word>
      <word id="m06-098-05-04" tag="MD" text="would">
        <cmp x="1130" y="1681" width="42" height="26" />
        <cmp x="1176" y="1661" width="92" height="50" />
        <cmp x="1272" y="1661" width="38" height="50" />
      </word>
      <word id="m06-098-05-05" tag="RB" text="somewhere">
        <cmp x="1360" y="1676" width="32" height="37" />
        <cmp x="1390" y="1681" width="32" height="32" />
        <cmp x="1427" y="1679" width="69" height="36" />
        <cmp x="1495" y="1666" width="99" height="46" />
        <cmp x="1589" y="1680" width="26" height="29" />
        <cmp x="1627" y="1681" width="12" height="29" />
        <cmp x="1643" y="1682" width="35" height="31" />
      </word>
      <word id="m06-098-05-06" tag="VB" text="lead">
        <cmp x="1733" y="1673" width="49" height="54" />
        <cmp x="1781" y="1675" width="90" height="53" />
      </word>
      <word id="m06-098-05-07" tag="IN" text="to">
        <cmp x="1918" y="1674" width="51" height="52" />
      </word>
      <upper-contour>
        <point x="368" y="1570" />
        <point x="1970" y="1570" />
      </upper-contour>
      <lower-contour>
        <point x="368" y="1725" />
        <point x="881" y="1725" />
      </lower-contour>
    </line>
    <line ass="-355" asx="0" asy="1834" character-width="999" dss="-355" dsx="0" dsy="1925" fd0="13663" fd1="3166" fd2="-1586" filter-width="3" id="m06-098-06" lbs="-349" lbx="0" lby="1886" segmentation="ok" slant="107000" stroke-width="5386" threshold="156" text="everlasting night." ubs="-367" ubx="0" uby="1854">
      <word id="m06-098-06-00" tag="JJ" text="everlasting">
        <cmp x="360" y="1856" width="56" height="36" />
        <cmp x="422" y="1857" width="29" height="31" />
        <cmp x="457" y="1858" width="21" height="30" />
        <cmp x="483" y="1842" width="59" height="49" />
        <cmp x="541" y="1841" width="59" height="55" />
        <cmp x="588" y="1841" width="9" height="7" />
        <cmp x="608" y="1861" width="29" height="26" />
        <cmp x="641" y="1861" width="38" height="68" />
      </word>
      <word id="m06-098-06-01" tag="NN" text="night">
        <cmp x="731" y="1857" width="34" height="30" />
        <cmp x="765" y="1840" width="11" height="17" />
        <cmp x="767" y="1865" width="6" height="19" />
        <cmp x="784" y="1864" width="35" height="54" />
        <cmp x="815" y="1843" width="64" height="49" />
      </word>
      <word id="m06-098-06-02" tag="." text=".">
        <cmp x="875" y="1894" width="5" height="6" />
      </word>
      <upper-contour>
        <point x="368" y="1725" />
        <point x="881" y="1725" />
      </upper-contour>
    </line>
  </handwritten-part>
</form>

